{
  "config": {
    "gate_feature": "acc_mag_std",
    "gate_threshold": 0.027832869085217017,
    "gate_op": ">=",
    "decision_threshold": 0.49499999999999994,
    "min_gate_recall_requested": 0.9,
    "gate_source_for_search": "ALL",
    "drop_source": false,
    "rf_trees": 60,
    "rf_max_depth": 8,
    "rf_min_samples_leaf": 4,
    "random_state": 42,
    "n_stage2_train_rows": 7677,
    "n_stage2_train_fall": 2238,
    "n_stage2_train_non_fall": 5439
  },
  "validation": {
    "n_rows": 2280,
    "fall_ratio": 0.2425438596491228,
    "accuracy": 0.8407894736842105,
    "precision": 0.6884920634920635,
    "recall": 0.6274864376130199,
    "f1": 0.6565752128666036,
    "pr_auc": 0.7172572633143408,
    "roc_auc": 0.8366246750105494,
    "tn": 1570,
    "fp": 157,
    "fn": 206,
    "tp": 347,
    "fpr": 0.09090909090909091,
    "fnr": 0.37251356238698013,
    "gate_pass_rate": 0.7526315789473684,
    "gate_recall_on_fall": 0.9041591320072333,
    "gate_fpr_on_non_fall": 0.704111175448755
  },
  "test": {
    "n_rows": 1475,
    "fall_ratio": 0.28067796610169493,
    "accuracy": 0.8210169491525424,
    "precision": 0.6482213438735178,
    "recall": 0.7922705314009661,
    "f1": 0.7130434782608696,
    "pr_auc": 0.7984788331158605,
    "roc_auc": 0.893086915543171,
    "tn": 883,
    "fp": 178,
    "fn": 86,
    "tp": 328,
    "fpr": 0.16776625824693686,
    "fnr": 0.20772946859903382,
    "gate_pass_rate": 1.0,
    "gate_recall_on_fall": 1.0,
    "gate_fpr_on_non_fall": 1.0
  },
  "validation_per_source": {
    "UP": {
      "n_rows": 807,
      "fall_ratio": 0.16728624535315986,
      "accuracy": 0.8265179677819083,
      "precision": 0.4778761061946903,
      "recall": 0.4,
      "f1": 0.43548387096774194,
      "pr_auc": 0.34857126816355066,
      "roc_auc": 0.7035769400352734,
      "tn": 613,
      "fp": 59,
      "fn": 81,
      "tp": 54,
      "fpr": 0.08779761904761904,
      "fnr": 0.6,
      "gate_pass_rate": 0.30111524163568776,
      "gate_recall_on_fall": 0.6074074074074074,
      "gate_fpr_on_non_fall": 0.23958333333333334
    },
    "WEDA": {
      "n_rows": 1473,
      "fall_ratio": 0.2837746096401901,
      "accuracy": 0.8486082824168364,
      "precision": 0.7493606138107417,
      "recall": 0.7009569377990431,
      "f1": 0.7243510506798516,
      "pr_auc": 0.8172001985207118,
      "roc_auc": 0.9012970815664754,
      "tn": 957,
      "fp": 98,
      "fn": 125,
      "tp": 293,
      "fpr": 0.09289099526066351,
      "fnr": 0.29904306220095694,
      "gate_pass_rate": 1.0,
      "gate_recall_on_fall": 1.0,
      "gate_fpr_on_non_fall": 1.0
    }
  },
  "test_per_source": {
    "WEDA": {
      "n_rows": 1475,
      "fall_ratio": 0.28067796610169493,
      "accuracy": 0.8210169491525424,
      "precision": 0.6482213438735178,
      "recall": 0.7922705314009661,
      "f1": 0.7130434782608696,
      "pr_auc": 0.7984788331158605,
      "roc_auc": 0.893086915543171,
      "tn": 883,
      "fp": 178,
      "fn": 86,
      "tp": 328,
      "fpr": 0.16776625824693686,
      "fnr": 0.20772946859903382,
      "gate_pass_rate": 1.0,
      "gate_recall_on_fall": 1.0,
      "gate_fpr_on_non_fall": 1.0
    }
  }
}