{
  "config": {
    "gate_feature": "acc_mag_std",
    "gate_threshold": 0.027832869085217017,
    "gate_op": ">=",
    "decision_threshold": 0.49999999999999994,
    "min_gate_recall_requested": 0.9,
    "gate_source_for_search": "ALL",
    "drop_source": false,
    "rf_trees": 30,
    "rf_max_depth": 10,
    "rf_min_samples_leaf": 6,
    "random_state": 42,
    "n_stage2_train_rows": 7677,
    "n_stage2_train_fall": 2238,
    "n_stage2_train_non_fall": 5439
  },
  "validation": {
    "n_rows": 2280,
    "fall_ratio": 0.2425438596491228,
    "accuracy": 0.8285087719298245,
    "precision": 0.6505576208178439,
    "recall": 0.6329113924050633,
    "f1": 0.6416131989000916,
    "pr_auc": 0.7082893252934883,
    "roc_auc": 0.8282909141169239,
    "tn": 1539,
    "fp": 188,
    "fn": 203,
    "tp": 350,
    "fpr": 0.10885929357266937,
    "fnr": 0.3670886075949367,
    "gate_pass_rate": 0.7526315789473684,
    "gate_recall_on_fall": 0.9041591320072333,
    "gate_fpr_on_non_fall": 0.704111175448755
  },
  "test": {
    "n_rows": 1475,
    "fall_ratio": 0.28067796610169493,
    "accuracy": 0.8332203389830508,
    "precision": 0.6794871794871795,
    "recall": 0.7681159420289855,
    "f1": 0.7210884353741497,
    "pr_auc": 0.8020121199344358,
    "roc_auc": 0.8966201787576209,
    "tn": 911,
    "fp": 150,
    "fn": 96,
    "tp": 318,
    "fpr": 0.1413760603204524,
    "fnr": 0.2318840579710145,
    "gate_pass_rate": 1.0,
    "gate_recall_on_fall": 1.0,
    "gate_fpr_on_non_fall": 1.0
  },
  "validation_per_source": {
    "UP": {
      "n_rows": 807,
      "fall_ratio": 0.16728624535315986,
      "accuracy": 0.7856257744733581,
      "precision": 0.37333333333333335,
      "recall": 0.4148148148148148,
      "f1": 0.3929824561403509,
      "pr_auc": 0.3210415806887411,
      "roc_auc": 0.6925540123456789,
      "tn": 578,
      "fp": 94,
      "fn": 79,
      "tp": 56,
      "fpr": 0.13988095238095238,
      "fnr": 0.5851851851851851,
      "gate_pass_rate": 0.30111524163568776,
      "gate_recall_on_fall": 0.6074074074074074,
      "gate_fpr_on_non_fall": 0.23958333333333334
    },
    "WEDA": {
      "n_rows": 1473,
      "fall_ratio": 0.2837746096401901,
      "accuracy": 0.8520027155465038,
      "precision": 0.7577319587628866,
      "recall": 0.7033492822966507,
      "f1": 0.7295285359801489,
      "pr_auc": 0.8174407659415549,
      "roc_auc": 0.8905394680151476,
      "tn": 961,
      "fp": 94,
      "fn": 124,
      "tp": 294,
      "fpr": 0.08909952606635071,
      "fnr": 0.2966507177033493,
      "gate_pass_rate": 1.0,
      "gate_recall_on_fall": 1.0,
      "gate_fpr_on_non_fall": 1.0
    }
  },
  "test_per_source": {
    "WEDA": {
      "n_rows": 1475,
      "fall_ratio": 0.28067796610169493,
      "accuracy": 0.8332203389830508,
      "precision": 0.6794871794871795,
      "recall": 0.7681159420289855,
      "f1": 0.7210884353741497,
      "pr_auc": 0.8020121199344358,
      "roc_auc": 0.8966201787576209,
      "tn": 911,
      "fp": 150,
      "fn": 96,
      "tp": 318,
      "fpr": 0.1413760603204524,
      "fnr": 0.2318840579710145,
      "gate_pass_rate": 1.0,
      "gate_recall_on_fall": 1.0,
      "gate_fpr_on_non_fall": 1.0
    }
  }
}