{
  "config": {
    "gate_feature": "acc_mag_std",
    "gate_threshold": 0.0544426346780879,
    "gate_op": ">=",
    "decision_threshold": 0.44499999999999995,
    "min_gate_recall_requested": 0.85,
    "gate_source_for_search": "ALL",
    "drop_source": false,
    "rf_trees": 8,
    "rf_max_depth": 6,
    "rf_min_samples_leaf": 10,
    "random_state": 42,
    "n_stage2_train_rows": 7353,
    "n_stage2_train_fall": 2149,
    "n_stage2_train_non_fall": 5204
  },
  "validation": {
    "n_rows": 2280,
    "fall_ratio": 0.2425438596491228,
    "accuracy": 0.8214912280701754,
    "precision": 0.619281045751634,
    "recall": 0.6853526220614828,
    "f1": 0.6506437768240343,
    "pr_auc": 0.684073435603198,
    "roc_auc": 0.80697171086593,
    "tn": 1494,
    "fp": 233,
    "fn": 174,
    "tp": 379,
    "fpr": 0.1349160393746381,
    "fnr": 0.31464737793851716,
    "gate_pass_rate": 0.7092105263157895,
    "gate_recall_on_fall": 0.8589511754068716,
    "gate_fpr_on_non_fall": 0.6612623045744065
  },
  "test": {
    "n_rows": 1475,
    "fall_ratio": 0.28067796610169493,
    "accuracy": 0.7722033898305085,
    "precision": 0.5672413793103448,
    "recall": 0.7946859903381642,
    "f1": 0.6619718309859155,
    "pr_auc": 0.7601348997135815,
    "roc_auc": 0.8595004257217919,
    "tn": 810,
    "fp": 251,
    "fn": 85,
    "tp": 329,
    "fpr": 0.236569274269557,
    "fnr": 0.20531400966183574,
    "gate_pass_rate": 0.9871186440677966,
    "gate_recall_on_fall": 0.9855072463768116,
    "gate_fpr_on_non_fall": 0.9877474081055608
  },
  "validation_per_source": {
    "UP": {
      "n_rows": 807,
      "fall_ratio": 0.16728624535315986,
      "accuracy": 0.828996282527881,
      "precision": 0.48760330578512395,
      "recall": 0.43703703703703706,
      "f1": 0.4609375,
      "pr_auc": 0.3494014006337833,
      "roc_auc": 0.6901565255731922,
      "tn": 610,
      "fp": 62,
      "fn": 76,
      "tp": 59,
      "fpr": 0.09226190476190477,
      "fnr": 0.562962962962963,
      "gate_pass_rate": 0.19950433705080545,
      "gate_recall_on_fall": 0.5037037037037037,
      "gate_fpr_on_non_fall": 0.13839285714285715
    },
    "WEDA": {
      "n_rows": 1473,
      "fall_ratio": 0.2837746096401901,
      "accuracy": 0.8173794976238968,
      "precision": 0.6517311608961304,
      "recall": 0.7655502392344498,
      "f1": 0.7040704070407041,
      "pr_auc": 0.7660743841244545,
      "roc_auc": 0.8593426154788091,
      "tn": 884,
      "fp": 171,
      "fn": 98,
      "tp": 320,
      "fpr": 0.16208530805687205,
      "fnr": 0.23444976076555024,
      "gate_pass_rate": 0.988458927359131,
      "gate_recall_on_fall": 0.9736842105263158,
      "gate_fpr_on_non_fall": 0.9943127962085309
    }
  },
  "test_per_source": {
    "WEDA": {
      "n_rows": 1475,
      "fall_ratio": 0.28067796610169493,
      "accuracy": 0.7722033898305085,
      "precision": 0.5672413793103448,
      "recall": 0.7946859903381642,
      "f1": 0.6619718309859155,
      "pr_auc": 0.7601348997135815,
      "roc_auc": 0.8595004257217919,
      "tn": 810,
      "fp": 251,
      "fn": 85,
      "tp": 329,
      "fpr": 0.236569274269557,
      "fnr": 0.20531400966183574,
      "gate_pass_rate": 0.9871186440677966,
      "gate_recall_on_fall": 0.9855072463768116,
      "gate_fpr_on_non_fall": 0.9877474081055608
    }
  }
}