{
  "config": {
    "model_type": "logistic_multinomial",
    "c": 1.0,
    "seed": 42,
    "top_k": 0,
    "labels": [
      "fall",
      "walking",
      "sitting",
      "hand_motion",
      "bending",
      "near_fall"
    ],
    "feature_count": 80,
    "selected_feature_count": 80
  },
  "train": {
    "accuracy": 0.6965465182109832,
    "macro_precision": 0.6338436846382355,
    "macro_recall": 0.7051970033223559,
    "macro_f1": 0.6466631377617055,
    "weighted_precision": 0.7570400044091067,
    "weighted_recall": 0.6965465182109832,
    "weighted_f1": 0.712243671582558,
    "fall_precision": 0.8397177419354839,
    "fall_recall": 0.606259097525473,
    "fall_f1": 0.7041420118343196,
    "classification_report": {
      "fall": {
        "precision": 0.8397177419354839,
        "recall": 0.606259097525473,
        "f1-score": 0.7041420118343196,
        "support": 1374.0
      },
      "walking": {
        "precision": 0.883302296710118,
        "recall": 0.7529100529100529,
        "f1-score": 0.8129105969722936,
        "support": 1890.0
      },
      "sitting": {
        "precision": 0.37452229299363055,
        "recall": 0.7676240208877284,
        "f1-score": 0.5034246575342466,
        "support": 383.0
      },
      "hand_motion": {
        "precision": 0.7652370203160271,
        "recall": 0.7092050209205021,
        "f1-score": 0.7361563517915309,
        "support": 956.0
      },
      "bending": {
        "precision": 0.5580246913580247,
        "recall": 0.8401486988847584,
        "f1-score": 0.6706231454005934,
        "support": 269.0
      },
      "near_fall": {
        "precision": 0.38225806451612904,
        "recall": 0.5550351288056206,
        "f1-score": 0.45272206303724927,
        "support": 427.0
      },
      "accuracy": 0.6965465182109832,
      "macro avg": {
        "precision": 0.6338436846382355,
        "recall": 0.7051970033223559,
        "f1-score": 0.6466631377617055,
        "support": 5299.0
      },
      "weighted avg": {
        "precision": 0.7570400044091067,
        "recall": 0.6965465182109832,
        "f1-score": 0.712243671582558,
        "support": 5299.0
      }
    },
    "confusion_matrix": [
      [
        833,
        94,
        142,
        126,
        27,
        152
      ],
      [
        34,
        1423,
        191,
        52,
        56,
        134
      ],
      [
        16,
        24,
        294,
        5,
        19,
        25
      ],
      [
        71,
        21,
        59,
        678,
        63,
        64
      ],
      [
        9,
        3,
        16,
        7,
        226,
        8
      ],
      [
        29,
        46,
        83,
        18,
        14,
        237
      ]
    ]
  },
  "validation": {
    "accuracy": 0.5295713510580575,
    "macro_precision": 0.48997205142709715,
    "macro_recall": 0.5148067147804932,
    "macro_f1": 0.4861044919767535,
    "weighted_precision": 0.605412316888985,
    "weighted_recall": 0.5295713510580575,
    "weighted_f1": 0.5498915459120817,
    "fall_precision": 0.7007874015748031,
    "fall_recall": 0.4810810810810811,
    "fall_f1": 0.5705128205128205,
    "classification_report": {
      "fall": {
        "precision": 0.7007874015748031,
        "recall": 0.4810810810810811,
        "f1-score": 0.5705128205128205,
        "support": 555.0
      },
      "walking": {
        "precision": 0.8186528497409327,
        "recall": 0.5798165137614679,
        "f1-score": 0.6788399570354458,
        "support": 545.0
      },
      "sitting": {
        "precision": 0.31981981981981983,
        "recall": 0.5107913669064749,
        "f1-score": 0.39335180055401664,
        "support": 139.0
      },
      "hand_motion": {
        "precision": 0.49435665914221216,
        "recall": 0.6517857142857143,
        "f1-score": 0.5622593068035944,
        "support": 336.0
      },
      "bending": {
        "precision": 0.43548387096774194,
        "recall": 0.5869565217391305,
        "f1-score": 0.5,
        "support": 92.0
      },
      "near_fall": {
        "precision": 0.17073170731707318,
        "recall": 0.2784090909090909,
        "f1-score": 0.21166306695464362,
        "support": 176.0
      },
      "accuracy": 0.5295713510580575,
      "macro avg": {
        "precision": 0.48997205142709715,
        "recall": 0.5148067147804932,
        "f1-score": 0.4861044919767535,
        "support": 1843.0
      },
      "weighted avg": {
        "precision": 0.605412316888985,
        "recall": 0.5295713510580575,
        "f1-score": 0.5498915459120817,
        "support": 1843.0
      }
    },
    "confusion_matrix": [
      [
        267,
        31,
        56,
        111,
        10,
        80
      ],
      [
        42,
        316,
        51,
        24,
        16,
        96
      ],
      [
        17,
        3,
        71,
        31,
        11,
        6
      ],
      [
        17,
        3,
        14,
        219,
        28,
        55
      ],
      [
        5,
        3,
        9,
        20,
        54,
        1
      ],
      [
        33,
        30,
        21,
        38,
        5,
        49
      ]
    ]
  },
  "test": {
    "accuracy": 0.5635787249031349,
    "macro_precision": 0.5243004089594134,
    "macro_recall": 0.5862792771791943,
    "macro_f1": 0.5194904214213886,
    "weighted_precision": 0.6398642961218485,
    "weighted_recall": 0.5635787249031349,
    "weighted_f1": 0.5796440575398433,
    "fall_precision": 0.7673267326732673,
    "fall_recall": 0.4889589905362776,
    "fall_f1": 0.5973025048169557,
    "classification_report": {
      "fall": {
        "precision": 0.7673267326732673,
        "recall": 0.4889589905362776,
        "f1-score": 0.5973025048169557,
        "support": 951.0
      },
      "walking": {
        "precision": 0.7803867403314917,
        "recall": 0.7027363184079602,
        "f1-score": 0.7395287958115183,
        "support": 804.0
      },
      "sitting": {
        "precision": 0.2574430823117338,
        "recall": 0.8698224852071006,
        "f1-score": 0.3972972972972973,
        "support": 169.0
      },
      "hand_motion": {
        "precision": 0.5609756097560976,
        "recall": 0.48936170212765956,
        "f1-score": 0.5227272727272727,
        "support": 423.0
      },
      "bending": {
        "precision": 0.5190839694656488,
        "recall": 0.6974358974358974,
        "f1-score": 0.5951859956236324,
        "support": 195.0
      },
      "near_fall": {
        "precision": 0.26058631921824105,
        "recall": 0.26936026936026936,
        "f1-score": 0.26490066225165565,
        "support": 297.0
      },
      "accuracy": 0.5635787249031349,
      "macro avg": {
        "precision": 0.5243004089594134,
        "recall": 0.5862792771791943,
        "f1-score": 0.5194904214213886,
        "support": 2839.0
      },
      "weighted avg": {
        "precision": 0.6398642961218485,
        "recall": 0.5635787249031349,
        "f1-score": 0.5796440575398433,
        "support": 2839.0
      }
    },
    "confusion_matrix": [
      [
        465,
        109,
        130,
        101,
        17,
        129
      ],
      [
        20,
        565,
        84,
        30,
        54,
        51
      ],
      [
        5,
        2,
        147,
        4,
        4,
        7
      ],
      [
        71,
        4,
        68,
        207,
        34,
        39
      ],
      [
        8,
        5,
        36,
        9,
        136,
        1
      ],
      [
        37,
        39,
        106,
        18,
        17,
        80
      ]
    ]
  },
  "esp32_export": {
    "header_size_bytes": 10608,
    "parameter_bytes": 2584,
    "parameter_kb": 2.5234,
    "feature_count": 80,
    "class_count": 6
  }
}