{
  "config": {
    "gate_feature": "acc_mag_std",
    "gate_threshold": 0.027832869085217017,
    "gate_op": ">=",
    "decision_threshold": 0.4749999999999999,
    "min_gate_recall_requested": 0.9,
    "gate_source_for_search": "ALL",
    "drop_source": true,
    "rf_trees": 30,
    "rf_max_depth": 10,
    "rf_min_samples_leaf": 2,
    "random_state": 42,
    "n_stage2_train_rows": 7677,
    "n_stage2_train_fall": 2238,
    "n_stage2_train_non_fall": 5439
  },
  "validation": {
    "n_rows": 2280,
    "fall_ratio": 0.2425438596491228,
    "accuracy": 0.8315789473684211,
    "precision": 0.6591337099811676,
    "recall": 0.6329113924050633,
    "f1": 0.6457564575645757,
    "pr_auc": 0.7215594556142725,
    "roc_auc": 0.8322698425496134,
    "tn": 1546,
    "fp": 181,
    "fn": 203,
    "tp": 350,
    "fpr": 0.10480602200347423,
    "fnr": 0.3670886075949367,
    "gate_pass_rate": 0.7526315789473684,
    "gate_recall_on_fall": 0.9041591320072333,
    "gate_fpr_on_non_fall": 0.704111175448755
  },
  "test": {
    "n_rows": 1475,
    "fall_ratio": 0.28067796610169493,
    "accuracy": 0.8325423728813559,
    "precision": 0.6735966735966736,
    "recall": 0.782608695652174,
    "f1": 0.7240223463687151,
    "pr_auc": 0.8187041380795089,
    "roc_auc": 0.9003902070328329,
    "tn": 904,
    "fp": 157,
    "fn": 90,
    "tp": 324,
    "fpr": 0.14797360980207352,
    "fnr": 0.21739130434782608,
    "gate_pass_rate": 1.0,
    "gate_recall_on_fall": 1.0,
    "gate_fpr_on_non_fall": 1.0
  },
  "validation_per_source": {
    "UP": {
      "n_rows": 807,
      "fall_ratio": 0.16728624535315986,
      "accuracy": 0.79182156133829,
      "precision": 0.3829787234042553,
      "recall": 0.4,
      "f1": 0.391304347826087,
      "pr_auc": 0.35269781117203514,
      "roc_auc": 0.6999834656084657,
      "tn": 585,
      "fp": 87,
      "fn": 81,
      "tp": 54,
      "fpr": 0.12946428571428573,
      "fnr": 0.6,
      "gate_pass_rate": 0.30111524163568776,
      "gate_recall_on_fall": 0.6074074074074074,
      "gate_fpr_on_non_fall": 0.23958333333333334
    },
    "WEDA": {
      "n_rows": 1473,
      "fall_ratio": 0.2837746096401901,
      "accuracy": 0.8533604887983707,
      "precision": 0.7589743589743589,
      "recall": 0.7081339712918661,
      "f1": 0.7326732673267327,
      "pr_auc": 0.8223405819893949,
      "roc_auc": 0.8960180502959251,
      "tn": 961,
      "fp": 94,
      "fn": 122,
      "tp": 296,
      "fpr": 0.08909952606635071,
      "fnr": 0.291866028708134,
      "gate_pass_rate": 1.0,
      "gate_recall_on_fall": 1.0,
      "gate_fpr_on_non_fall": 1.0
    }
  },
  "test_per_source": {
    "WEDA": {
      "n_rows": 1475,
      "fall_ratio": 0.28067796610169493,
      "accuracy": 0.8325423728813559,
      "precision": 0.6735966735966736,
      "recall": 0.782608695652174,
      "f1": 0.7240223463687151,
      "pr_auc": 0.8187041380795089,
      "roc_auc": 0.9003902070328329,
      "tn": 904,
      "fp": 157,
      "fn": 90,
      "tp": 324,
      "fpr": 0.14797360980207352,
      "fnr": 0.21739130434782608,
      "gate_pass_rate": 1.0,
      "gate_recall_on_fall": 1.0,
      "gate_fpr_on_non_fall": 1.0
    }
  }
}