{
  "config": {
    "gate_feature": "acc_mag_std",
    "gate_threshold": 0.027832869085217017,
    "gate_op": ">=",
    "decision_threshold": 0.48999999999999994,
    "min_gate_recall_requested": 0.9,
    "gate_source_for_search": "ALL",
    "drop_source": false,
    "rf_trees": 50,
    "rf_max_depth": 8,
    "rf_min_samples_leaf": 4,
    "random_state": 42,
    "n_stage2_train_rows": 7677,
    "n_stage2_train_fall": 2238,
    "n_stage2_train_non_fall": 5439
  },
  "validation": {
    "n_rows": 2280,
    "fall_ratio": 0.2425438596491228,
    "accuracy": 0.8359649122807018,
    "precision": 0.6691871455576559,
    "recall": 0.6401446654611211,
    "f1": 0.6543438077634011,
    "pr_auc": 0.7154898078494912,
    "roc_auc": 0.8359440688312737,
    "tn": 1552,
    "fp": 175,
    "fn": 199,
    "tp": 354,
    "fpr": 0.1013317892298784,
    "fnr": 0.35985533453887886,
    "gate_pass_rate": 0.7526315789473684,
    "gate_recall_on_fall": 0.9041591320072333,
    "gate_fpr_on_non_fall": 0.704111175448755
  },
  "test": {
    "n_rows": 1475,
    "fall_ratio": 0.28067796610169493,
    "accuracy": 0.8189830508474576,
    "precision": 0.6427184466019418,
    "recall": 0.7995169082125604,
    "f1": 0.71259418729817,
    "pr_auc": 0.8000558908638433,
    "roc_auc": 0.8932895317970923,
    "tn": 877,
    "fp": 184,
    "fn": 83,
    "tp": 331,
    "fpr": 0.17342130065975495,
    "fnr": 0.20048309178743962,
    "gate_pass_rate": 1.0,
    "gate_recall_on_fall": 1.0,
    "gate_fpr_on_non_fall": 1.0
  },
  "validation_per_source": {
    "UP": {
      "n_rows": 807,
      "fall_ratio": 0.16728624535315986,
      "accuracy": 0.8128872366790583,
      "precision": 0.4393939393939394,
      "recall": 0.42962962962962964,
      "f1": 0.4344569288389513,
      "pr_auc": 0.34605739742633357,
      "roc_auc": 0.7020557760141093,
      "tn": 598,
      "fp": 74,
      "fn": 77,
      "tp": 58,
      "fpr": 0.11011904761904762,
      "fnr": 0.5703703703703704,
      "gate_pass_rate": 0.30111524163568776,
      "gate_recall_on_fall": 0.6074074074074074,
      "gate_fpr_on_non_fall": 0.23958333333333334
    },
    "WEDA": {
      "n_rows": 1473,
      "fall_ratio": 0.2837746096401901,
      "accuracy": 0.8486082824168364,
      "precision": 0.7455919395465995,
      "recall": 0.7081339712918661,
      "f1": 0.7263803680981595,
      "pr_auc": 0.8175196519644934,
      "roc_auc": 0.9014036599469376,
      "tn": 954,
      "fp": 101,
      "fn": 122,
      "tp": 296,
      "fpr": 0.09573459715639811,
      "fnr": 0.291866028708134,
      "gate_pass_rate": 1.0,
      "gate_recall_on_fall": 1.0,
      "gate_fpr_on_non_fall": 1.0
    }
  },
  "test_per_source": {
    "WEDA": {
      "n_rows": 1475,
      "fall_ratio": 0.28067796610169493,
      "accuracy": 0.8189830508474576,
      "precision": 0.6427184466019418,
      "recall": 0.7995169082125604,
      "f1": 0.71259418729817,
      "pr_auc": 0.8000558908638433,
      "roc_auc": 0.8932895317970923,
      "tn": 877,
      "fp": 184,
      "fn": 83,
      "tp": 331,
      "fpr": 0.17342130065975495,
      "fnr": 0.20048309178743962,
      "gate_pass_rate": 1.0,
      "gate_recall_on_fall": 1.0,
      "gate_fpr_on_non_fall": 1.0
    }
  }
}