{
  "config": {
    "gate_feature": "acc_mag_std",
    "gate_threshold": 0.027832869085217017,
    "gate_op": ">=",
    "decision_threshold": 0.4749999999999999,
    "min_gate_recall_requested": 0.9,
    "gate_source_for_search": "ALL",
    "drop_source": false,
    "rf_trees": 40,
    "rf_max_depth": 8,
    "rf_min_samples_leaf": 2,
    "random_state": 42,
    "n_stage2_train_rows": 7677,
    "n_stage2_train_fall": 2238,
    "n_stage2_train_non_fall": 5439
  },
  "validation": {
    "n_rows": 2280,
    "fall_ratio": 0.2425438596491228,
    "accuracy": 0.8307017543859649,
    "precision": 0.6499102333931778,
    "recall": 0.6546112115732369,
    "f1": 0.6522522522522523,
    "pr_auc": 0.7187514316988519,
    "roc_auc": 0.8349147828709225,
    "tn": 1532,
    "fp": 195,
    "fn": 191,
    "tp": 362,
    "fpr": 0.1129125651418645,
    "fnr": 0.3453887884267631,
    "gate_pass_rate": 0.7526315789473684,
    "gate_recall_on_fall": 0.9041591320072333,
    "gate_fpr_on_non_fall": 0.704111175448755
  },
  "test": {
    "n_rows": 1475,
    "fall_ratio": 0.28067796610169493,
    "accuracy": 0.823728813559322,
    "precision": 0.6533864541832669,
    "recall": 0.7922705314009661,
    "f1": 0.7161572052401747,
    "pr_auc": 0.8090295550649558,
    "roc_auc": 0.8966861997841794,
    "tn": 887,
    "fp": 174,
    "fn": 86,
    "tp": 328,
    "fpr": 0.16399622997172478,
    "fnr": 0.20772946859903382,
    "gate_pass_rate": 1.0,
    "gate_recall_on_fall": 1.0,
    "gate_fpr_on_non_fall": 1.0
  },
  "validation_per_source": {
    "UP": {
      "n_rows": 807,
      "fall_ratio": 0.16728624535315986,
      "accuracy": 0.80545229244114,
      "precision": 0.4266666666666667,
      "recall": 0.4740740740740741,
      "f1": 0.44912280701754387,
      "pr_auc": 0.3526134862300383,
      "roc_auc": 0.7033675044091711,
      "tn": 586,
      "fp": 86,
      "fn": 71,
      "tp": 64,
      "fpr": 0.12797619047619047,
      "fnr": 0.5259259259259259,
      "gate_pass_rate": 0.30111524163568776,
      "gate_recall_on_fall": 0.6074074074074074,
      "gate_fpr_on_non_fall": 0.23958333333333334
    },
    "WEDA": {
      "n_rows": 1473,
      "fall_ratio": 0.2837746096401901,
      "accuracy": 0.8445349626612356,
      "precision": 0.7321867321867321,
      "recall": 0.7129186602870813,
      "f1": 0.7224242424242424,
      "pr_auc": 0.8219630096200402,
      "roc_auc": 0.8996643914828001,
      "tn": 946,
      "fp": 109,
      "fn": 120,
      "tp": 298,
      "fpr": 0.1033175355450237,
      "fnr": 0.28708133971291866,
      "gate_pass_rate": 1.0,
      "gate_recall_on_fall": 1.0,
      "gate_fpr_on_non_fall": 1.0
    }
  },
  "test_per_source": {
    "WEDA": {
      "n_rows": 1475,
      "fall_ratio": 0.28067796610169493,
      "accuracy": 0.823728813559322,
      "precision": 0.6533864541832669,
      "recall": 0.7922705314009661,
      "f1": 0.7161572052401747,
      "pr_auc": 0.8090295550649558,
      "roc_auc": 0.8966861997841794,
      "tn": 887,
      "fp": 174,
      "fn": 86,
      "tp": 328,
      "fpr": 0.16399622997172478,
      "fnr": 0.20772946859903382,
      "gate_pass_rate": 1.0,
      "gate_recall_on_fall": 1.0,
      "gate_fpr_on_non_fall": 1.0
    }
  }
}