{
  "config": {
    "gate_feature": "acc_mag_std",
    "gate_threshold": 0.027832869085217017,
    "gate_op": ">=",
    "decision_threshold": 0.5099999999999999,
    "min_gate_recall_requested": 0.9,
    "gate_source_for_search": "ALL",
    "drop_source": false,
    "rf_trees": 40,
    "rf_max_depth": 10,
    "rf_min_samples_leaf": 2,
    "random_state": 42,
    "n_stage2_train_rows": 7677,
    "n_stage2_train_fall": 2238,
    "n_stage2_train_non_fall": 5439
  },
  "validation": {
    "n_rows": 2280,
    "fall_ratio": 0.2425438596491228,
    "accuracy": 0.8328947368421052,
    "precision": 0.6814345991561181,
    "recall": 0.5840867992766727,
    "f1": 0.629016553067186,
    "pr_auc": 0.7073200786409486,
    "roc_auc": 0.8293819781766246,
    "tn": 1576,
    "fp": 151,
    "fn": 230,
    "tp": 323,
    "fpr": 0.08743485813549508,
    "fnr": 0.4159132007233273,
    "gate_pass_rate": 0.7526315789473684,
    "gate_recall_on_fall": 0.9041591320072333,
    "gate_fpr_on_non_fall": 0.704111175448755
  },
  "test": {
    "n_rows": 1475,
    "fall_ratio": 0.28067796610169493,
    "accuracy": 0.8372881355932204,
    "precision": 0.6916299559471366,
    "recall": 0.7584541062801933,
    "f1": 0.7235023041474654,
    "pr_auc": 0.8198857412531734,
    "roc_auc": 0.9080873480947242,
    "tn": 921,
    "fp": 140,
    "fn": 100,
    "tp": 314,
    "fpr": 0.13195098963242224,
    "fnr": 0.24154589371980675,
    "gate_pass_rate": 1.0,
    "gate_recall_on_fall": 1.0,
    "gate_fpr_on_non_fall": 1.0
  },
  "validation_per_source": {
    "UP": {
      "n_rows": 807,
      "fall_ratio": 0.16728624535315986,
      "accuracy": 0.7930607187112764,
      "precision": 0.375,
      "recall": 0.35555555555555557,
      "f1": 0.3650190114068441,
      "pr_auc": 0.3272532203952568,
      "roc_auc": 0.6904927248677248,
      "tn": 592,
      "fp": 80,
      "fn": 87,
      "tp": 48,
      "fpr": 0.11904761904761904,
      "fnr": 0.6444444444444445,
      "gate_pass_rate": 0.30111524163568776,
      "gate_recall_on_fall": 0.6074074074074074,
      "gate_fpr_on_non_fall": 0.23958333333333334
    },
    "WEDA": {
      "n_rows": 1473,
      "fall_ratio": 0.2837746096401901,
      "accuracy": 0.8547182620502376,
      "precision": 0.7947976878612717,
      "recall": 0.6578947368421053,
      "f1": 0.7198952879581152,
      "pr_auc": 0.8144505548124675,
      "roc_auc": 0.896677929204744,
      "tn": 984,
      "fp": 71,
      "fn": 143,
      "tp": 275,
      "fpr": 0.06729857819905213,
      "fnr": 0.34210526315789475,
      "gate_pass_rate": 1.0,
      "gate_recall_on_fall": 1.0,
      "gate_fpr_on_non_fall": 1.0
    }
  },
  "test_per_source": {
    "WEDA": {
      "n_rows": 1475,
      "fall_ratio": 0.28067796610169493,
      "accuracy": 0.8372881355932204,
      "precision": 0.6916299559471366,
      "recall": 0.7584541062801933,
      "f1": 0.7235023041474654,
      "pr_auc": 0.8198857412531734,
      "roc_auc": 0.9080873480947242,
      "tn": 921,
      "fp": 140,
      "fn": 100,
      "tp": 314,
      "fpr": 0.13195098963242224,
      "fnr": 0.24154589371980675,
      "gate_pass_rate": 1.0,
      "gate_recall_on_fall": 1.0,
      "gate_fpr_on_non_fall": 1.0
    }
  }
}