{
  "config": {
    "gate_feature": "acc_mag_std",
    "gate_threshold": 0.027832869085217017,
    "gate_op": ">=",
    "decision_threshold": 0.5099999999999999,
    "min_gate_recall_requested": 0.9,
    "gate_source_for_search": "ALL",
    "drop_source": false,
    "rf_trees": 8,
    "rf_max_depth": 6,
    "rf_min_samples_leaf": 10,
    "random_state": 42,
    "n_stage2_train_rows": 7677,
    "n_stage2_train_fall": 2238,
    "n_stage2_train_non_fall": 5439
  },
  "validation": {
    "n_rows": 2280,
    "fall_ratio": 0.2425438596491228,
    "accuracy": 0.8350877192982457,
    "precision": 0.6809815950920245,
    "recall": 0.6021699819168174,
    "f1": 0.6391554702495201,
    "pr_auc": 0.6962187202297094,
    "roc_auc": 0.8201414404349178,
    "tn": 1571,
    "fp": 156,
    "fn": 220,
    "tp": 333,
    "fpr": 0.0903300521134916,
    "fnr": 0.39783001808318263,
    "gate_pass_rate": 0.7526315789473684,
    "gate_recall_on_fall": 0.9041591320072333,
    "gate_fpr_on_non_fall": 0.704111175448755
  },
  "test": {
    "n_rows": 1475,
    "fall_ratio": 0.28067796610169493,
    "accuracy": 0.8088135593220339,
    "precision": 0.6392405063291139,
    "recall": 0.7318840579710145,
    "f1": 0.6824324324324325,
    "pr_auc": 0.7568324430405197,
    "roc_auc": 0.8591987779280326,
    "tn": 890,
    "fp": 171,
    "fn": 111,
    "tp": 303,
    "fpr": 0.16116870876531575,
    "fnr": 0.26811594202898553,
    "gate_pass_rate": 1.0,
    "gate_recall_on_fall": 1.0,
    "gate_fpr_on_non_fall": 1.0
  },
  "validation_per_source": {
    "UP": {
      "n_rows": 807,
      "fall_ratio": 0.16728624535315986,
      "accuracy": 0.828996282527881,
      "precision": 0.4819277108433735,
      "recall": 0.2962962962962963,
      "f1": 0.3669724770642202,
      "pr_auc": 0.33735634164616013,
      "roc_auc": 0.6992173721340387,
      "tn": 629,
      "fp": 43,
      "fn": 95,
      "tp": 40,
      "fpr": 0.06398809523809523,
      "fnr": 0.7037037037037037,
      "gate_pass_rate": 0.30111524163568776,
      "gate_recall_on_fall": 0.6074074074074074,
      "gate_fpr_on_non_fall": 0.23958333333333334
    },
    "WEDA": {
      "n_rows": 1473,
      "fall_ratio": 0.2837746096401901,
      "accuracy": 0.8384249830278343,
      "precision": 0.7216748768472906,
      "recall": 0.7009569377990431,
      "f1": 0.7111650485436893,
      "pr_auc": 0.784821292613192,
      "roc_auc": 0.8689403387831923,
      "tn": 942,
      "fp": 113,
      "fn": 125,
      "tp": 293,
      "fpr": 0.10710900473933649,
      "fnr": 0.29904306220095694,
      "gate_pass_rate": 1.0,
      "gate_recall_on_fall": 1.0,
      "gate_fpr_on_non_fall": 1.0
    }
  },
  "test_per_source": {
    "WEDA": {
      "n_rows": 1475,
      "fall_ratio": 0.28067796610169493,
      "accuracy": 0.8088135593220339,
      "precision": 0.6392405063291139,
      "recall": 0.7318840579710145,
      "f1": 0.6824324324324325,
      "pr_auc": 0.7568324430405197,
      "roc_auc": 0.8591987779280326,
      "tn": 890,
      "fp": 171,
      "fn": 111,
      "tp": 303,
      "fpr": 0.16116870876531575,
      "fnr": 0.26811594202898553,
      "gate_pass_rate": 1.0,
      "gate_recall_on_fall": 1.0,
      "gate_fpr_on_non_fall": 1.0
    }
  }
}