{
  "config": {
    "gate_feature": "acc_mag_std",
    "gate_threshold": 0.027832869085217017,
    "gate_op": ">=",
    "decision_threshold": 0.4699999999999999,
    "min_gate_recall_requested": 0.9,
    "gate_source_for_search": "ALL",
    "drop_source": false,
    "rf_trees": 30,
    "rf_max_depth": 8,
    "rf_min_samples_leaf": 2,
    "random_state": 42,
    "n_stage2_train_rows": 7677,
    "n_stage2_train_fall": 2238,
    "n_stage2_train_non_fall": 5439
  },
  "validation": {
    "n_rows": 2280,
    "fall_ratio": 0.2425438596491228,
    "accuracy": 0.8298245614035088,
    "precision": 0.6460176991150443,
    "recall": 0.6600361663652803,
    "f1": 0.6529516994633273,
    "pr_auc": 0.7195871501847722,
    "roc_auc": 0.8345990863123816,
    "tn": 1527,
    "fp": 200,
    "fn": 188,
    "tp": 365,
    "fpr": 0.11580775911986103,
    "fnr": 0.3399638336347197,
    "gate_pass_rate": 0.7526315789473684,
    "gate_recall_on_fall": 0.9041591320072333,
    "gate_fpr_on_non_fall": 0.704111175448755
  },
  "test": {
    "n_rows": 1475,
    "fall_ratio": 0.28067796610169493,
    "accuracy": 0.8203389830508474,
    "precision": 0.6446601941747573,
    "recall": 0.8019323671497585,
    "f1": 0.7147470398277718,
    "pr_auc": 0.8118498743963267,
    "roc_auc": 0.8968091354888059,
    "tn": 878,
    "fp": 183,
    "fn": 82,
    "tp": 332,
    "fpr": 0.17247879359095195,
    "fnr": 0.19806763285024154,
    "gate_pass_rate": 1.0,
    "gate_recall_on_fall": 1.0,
    "gate_fpr_on_non_fall": 1.0
  },
  "validation_per_source": {
    "UP": {
      "n_rows": 807,
      "fall_ratio": 0.16728624535315986,
      "accuracy": 0.8116480793060719,
      "precision": 0.4413793103448276,
      "recall": 0.4740740740740741,
      "f1": 0.45714285714285713,
      "pr_auc": 0.3605735310689069,
      "roc_auc": 0.7047949735449736,
      "tn": 591,
      "fp": 81,
      "fn": 71,
      "tp": 64,
      "fpr": 0.12053571428571429,
      "fnr": 0.5259259259259259,
      "gate_pass_rate": 0.30111524163568776,
      "gate_recall_on_fall": 0.6074074074074074,
      "gate_fpr_on_non_fall": 0.23958333333333334
    },
    "WEDA": {
      "n_rows": 1473,
      "fall_ratio": 0.2837746096401901,
      "accuracy": 0.8397827562797013,
      "precision": 0.7166666666666667,
      "recall": 0.7200956937799043,
      "f1": 0.7183770883054893,
      "pr_auc": 0.8219220448004043,
      "roc_auc": 0.8990589355767704,
      "tn": 936,
      "fp": 119,
      "fn": 117,
      "tp": 301,
      "fpr": 0.11279620853080569,
      "fnr": 0.2799043062200957,
      "gate_pass_rate": 1.0,
      "gate_recall_on_fall": 1.0,
      "gate_fpr_on_non_fall": 1.0
    }
  },
  "test_per_source": {
    "WEDA": {
      "n_rows": 1475,
      "fall_ratio": 0.28067796610169493,
      "accuracy": 0.8203389830508474,
      "precision": 0.6446601941747573,
      "recall": 0.8019323671497585,
      "f1": 0.7147470398277718,
      "pr_auc": 0.8118498743963267,
      "roc_auc": 0.8968091354888059,
      "tn": 878,
      "fp": 183,
      "fn": 82,
      "tp": 332,
      "fpr": 0.17247879359095195,
      "fnr": 0.19806763285024154,
      "gate_pass_rate": 1.0,
      "gate_recall_on_fall": 1.0,
      "gate_fpr_on_non_fall": 1.0
    }
  }
}