{
  "config": {
    "gate_feature": "gyro_mag_mean",
    "gate_threshold": 2.616948366191887,
    "gate_op": "<=",
    "decision_threshold": 0.5549999999999999,
    "min_gate_recall_requested": 0.9,
    "gate_source_for_search": "WEDA",
    "drop_source": false,
    "rf_trees": 12,
    "rf_max_depth": 8,
    "rf_min_samples_leaf": 5,
    "random_state": 42,
    "n_stage2_train_rows": 6614,
    "n_stage2_train_fall": 1845,
    "n_stage2_train_non_fall": 4769
  },
  "validation": {
    "n_rows": 2280,
    "fall_ratio": 0.2425438596491228,
    "accuracy": 0.8166666666666667,
    "precision": 0.6890756302521008,
    "recall": 0.4448462929475588,
    "f1": 0.5406593406593406,
    "pr_auc": 0.5805394936425274,
    "roc_auc": 0.6710190559259332,
    "tn": 1616,
    "fp": 111,
    "fn": 307,
    "tp": 246,
    "fpr": 0.06427330631152287,
    "fnr": 0.5551537070524413,
    "gate_pass_rate": 0.6951754385964912,
    "gate_recall_on_fall": 0.7088607594936709,
    "gate_fpr_on_non_fall": 0.690793283149971
  },
  "test": {
    "n_rows": 1475,
    "fall_ratio": 0.28067796610169493,
    "accuracy": 0.8244067796610169,
    "precision": 0.6972010178117048,
    "recall": 0.6618357487922706,
    "f1": 0.6790582403965304,
    "pr_auc": 0.7626206253261018,
    "roc_auc": 0.8396337881954405,
    "tn": 942,
    "fp": 119,
    "fn": 140,
    "tp": 274,
    "fpr": 0.11215834118755891,
    "fnr": 0.33816425120772947,
    "gate_pass_rate": 0.9057627118644068,
    "gate_recall_on_fall": 0.9299516908212561,
    "gate_fpr_on_non_fall": 0.8963242224316682
  },
  "validation_per_source": {
    "UP": {
      "n_rows": 807,
      "fall_ratio": 0.16728624535315986,
      "accuracy": 0.8066914498141264,
      "precision": 0.13793103448275862,
      "recall": 0.02962962962962963,
      "f1": 0.04878048780487805,
      "pr_auc": 0.17764270063056578,
      "roc_auc": 0.33366402116402116,
      "tn": 647,
      "fp": 25,
      "fn": 131,
      "tp": 4,
      "fpr": 0.03720238095238095,
      "fnr": 0.9703703703703703,
      "gate_pass_rate": 0.37298636926889717,
      "gate_recall_on_fall": 0.1111111111111111,
      "gate_fpr_on_non_fall": 0.4255952380952381
    },
    "WEDA": {
      "n_rows": 1473,
      "fall_ratio": 0.2837746096401901,
      "accuracy": 0.8221317040054311,
      "precision": 0.7378048780487805,
      "recall": 0.5789473684210527,
      "f1": 0.6487935656836461,
      "pr_auc": 0.7304283189423838,
      "roc_auc": 0.812306401505703,
      "tn": 969,
      "fp": 86,
      "fn": 176,
      "tp": 242,
      "fpr": 0.08151658767772511,
      "fnr": 0.42105263157894735,
      "gate_pass_rate": 0.8716904276985743,
      "gate_recall_on_fall": 0.9019138755980861,
      "gate_fpr_on_non_fall": 0.8597156398104265
    }
  },
  "test_per_source": {
    "WEDA": {
      "n_rows": 1475,
      "fall_ratio": 0.28067796610169493,
      "accuracy": 0.8244067796610169,
      "precision": 0.6972010178117048,
      "recall": 0.6618357487922706,
      "f1": 0.6790582403965304,
      "pr_auc": 0.7626206253261018,
      "roc_auc": 0.8396337881954405,
      "tn": 942,
      "fp": 119,
      "fn": 140,
      "tp": 274,
      "fpr": 0.11215834118755891,
      "fnr": 0.33816425120772947,
      "gate_pass_rate": 0.9057627118644068,
      "gate_recall_on_fall": 0.9299516908212561,
      "gate_fpr_on_non_fall": 0.8963242224316682
    }
  }
}