{
  "config": {
    "gate_feature": "acc_mag_std",
    "gate_threshold": 0.027832869085217017,
    "gate_op": ">=",
    "decision_threshold": 0.48999999999999994,
    "min_gate_recall_requested": 0.9,
    "gate_source_for_search": "ALL",
    "drop_source": false,
    "rf_trees": 30,
    "rf_max_depth": 8,
    "rf_min_samples_leaf": 4,
    "random_state": 42,
    "n_stage2_train_rows": 7677,
    "n_stage2_train_fall": 2238,
    "n_stage2_train_non_fall": 5439
  },
  "validation": {
    "n_rows": 2280,
    "fall_ratio": 0.2425438596491228,
    "accuracy": 0.8337719298245614,
    "precision": 0.6635338345864662,
    "recall": 0.6383363471971067,
    "f1": 0.6506912442396313,
    "pr_auc": 0.7049179655053074,
    "roc_auc": 0.8340216181464265,
    "tn": 1548,
    "fp": 179,
    "fn": 200,
    "tp": 353,
    "fpr": 0.10364794441227562,
    "fnr": 0.3616636528028933,
    "gate_pass_rate": 0.7526315789473684,
    "gate_recall_on_fall": 0.9041591320072333,
    "gate_fpr_on_non_fall": 0.704111175448755
  },
  "test": {
    "n_rows": 1475,
    "fall_ratio": 0.28067796610169493,
    "accuracy": 0.8142372881355933,
    "precision": 0.63671875,
    "recall": 0.7874396135265701,
    "f1": 0.7041036717062635,
    "pr_auc": 0.7943085157438992,
    "roc_auc": 0.8899702677721772,
    "tn": 875,
    "fp": 186,
    "fn": 88,
    "tp": 326,
    "fpr": 0.17530631479736097,
    "fnr": 0.21256038647342995,
    "gate_pass_rate": 1.0,
    "gate_recall_on_fall": 1.0,
    "gate_fpr_on_non_fall": 1.0
  },
  "validation_per_source": {
    "UP": {
      "n_rows": 807,
      "fall_ratio": 0.16728624535315986,
      "accuracy": 0.8091697645600991,
      "precision": 0.4326241134751773,
      "recall": 0.45185185185185184,
      "f1": 0.4420289855072464,
      "pr_auc": 0.3491323132491203,
      "roc_auc": 0.7031690917107584,
      "tn": 592,
      "fp": 80,
      "fn": 74,
      "tp": 61,
      "fpr": 0.11904761904761904,
      "fnr": 0.5481481481481482,
      "gate_pass_rate": 0.30111524163568776,
      "gate_recall_on_fall": 0.6074074074074074,
      "gate_fpr_on_non_fall": 0.23958333333333334
    },
    "WEDA": {
      "n_rows": 1473,
      "fall_ratio": 0.2837746096401901,
      "accuracy": 0.8472505091649695,
      "precision": 0.7468030690537084,
      "recall": 0.6985645933014354,
      "f1": 0.7218788627935723,
      "pr_auc": 0.8071398423951818,
      "roc_auc": 0.898181364656795,
      "tn": 956,
      "fp": 99,
      "fn": 126,
      "tp": 292,
      "fpr": 0.0938388625592417,
      "fnr": 0.3014354066985646,
      "gate_pass_rate": 1.0,
      "gate_recall_on_fall": 1.0,
      "gate_fpr_on_non_fall": 1.0
    }
  },
  "test_per_source": {
    "WEDA": {
      "n_rows": 1475,
      "fall_ratio": 0.28067796610169493,
      "accuracy": 0.8142372881355933,
      "precision": 0.63671875,
      "recall": 0.7874396135265701,
      "f1": 0.7041036717062635,
      "pr_auc": 0.7943085157438992,
      "roc_auc": 0.8899702677721772,
      "tn": 875,
      "fp": 186,
      "fn": 88,
      "tp": 326,
      "fpr": 0.17530631479736097,
      "fnr": 0.21256038647342995,
      "gate_pass_rate": 1.0,
      "gate_recall_on_fall": 1.0,
      "gate_fpr_on_non_fall": 1.0
    }
  }
}