{
  "config": {
    "gate_feature": "gyro_mag_mean",
    "gate_threshold": 2.350621882788164,
    "gate_op": "<=",
    "decision_threshold": 0.36499999999999994,
    "min_gate_recall_requested": 0.85,
    "gate_source_for_search": "WEDA",
    "drop_source": false,
    "rf_trees": 8,
    "rf_max_depth": 6,
    "rf_min_samples_leaf": 10,
    "random_state": 42,
    "n_stage2_train_rows": 6290,
    "n_stage2_train_fall": 1736,
    "n_stage2_train_non_fall": 4554
  },
  "validation": {
    "n_rows": 2280,
    "fall_ratio": 0.2425438596491228,
    "accuracy": 0.7802631578947369,
    "precision": 0.5477941176470589,
    "recall": 0.538878842676311,
    "f1": 0.5432999088422972,
    "pr_auc": 0.5566029832261197,
    "roc_auc": 0.6685285608529985,
    "tn": 1481,
    "fp": 246,
    "fn": 255,
    "tp": 298,
    "fpr": 0.14244354371742907,
    "fnr": 0.46112115732368897,
    "gate_pass_rate": 0.6644736842105263,
    "gate_recall_on_fall": 0.6708860759493671,
    "gate_fpr_on_non_fall": 0.6624203821656051
  },
  "test": {
    "n_rows": 1475,
    "fall_ratio": 0.28067796610169493,
    "accuracy": 0.711864406779661,
    "precision": 0.4919236417033774,
    "recall": 0.8091787439613527,
    "f1": 0.6118721461187214,
    "pr_auc": 0.7158278348546594,
    "roc_auc": 0.8085219485764501,
    "tn": 715,
    "fp": 346,
    "fn": 79,
    "tp": 335,
    "fpr": 0.32610744580584355,
    "fnr": 0.19082125603864733,
    "gate_pass_rate": 0.8698305084745763,
    "gate_recall_on_fall": 0.9033816425120773,
    "gate_fpr_on_non_fall": 0.8567389255419415
  },
  "validation_per_source": {
    "UP": {
      "n_rows": 807,
      "fall_ratio": 0.16728624535315986,
      "accuracy": 0.8240396530359355,
      "precision": 0.26666666666666666,
      "recall": 0.02962962962962963,
      "f1": 0.05333333333333334,
      "pr_auc": 0.1791438700231058,
      "roc_auc": 0.3553681657848325,
      "tn": 661,
      "fp": 11,
      "fn": 131,
      "tp": 4,
      "fpr": 0.01636904761904762,
      "fnr": 0.9703703703703703,
      "gate_pass_rate": 0.3630731102850062,
      "gate_recall_on_fall": 0.1111111111111111,
      "gate_fpr_on_non_fall": 0.41369047619047616
    },
    "WEDA": {
      "n_rows": 1473,
      "fall_ratio": 0.2837746096401901,
      "accuracy": 0.7562797012898846,
      "precision": 0.555765595463138,
      "recall": 0.7033492822966507,
      "f1": 0.6209081309398099,
      "pr_auc": 0.6623312028721455,
      "roc_auc": 0.7690231070999342,
      "tn": 820,
      "fp": 235,
      "fn": 124,
      "tp": 294,
      "fpr": 0.22274881516587677,
      "fnr": 0.2966507177033493,
      "gate_pass_rate": 0.8295994568906992,
      "gate_recall_on_fall": 0.8516746411483254,
      "gate_fpr_on_non_fall": 0.8208530805687204
    }
  },
  "test_per_source": {
    "WEDA": {
      "n_rows": 1475,
      "fall_ratio": 0.28067796610169493,
      "accuracy": 0.711864406779661,
      "precision": 0.4919236417033774,
      "recall": 0.8091787439613527,
      "f1": 0.6118721461187214,
      "pr_auc": 0.7158278348546594,
      "roc_auc": 0.8085219485764501,
      "tn": 715,
      "fp": 346,
      "fn": 79,
      "tp": 335,
      "fpr": 0.32610744580584355,
      "fnr": 0.19082125603864733,
      "gate_pass_rate": 0.8698305084745763,
      "gate_recall_on_fall": 0.9033816425120773,
      "gate_fpr_on_non_fall": 0.8567389255419415
    }
  }
}