{
  "config": {
    "gate_feature": "acc_mag_std",
    "gate_threshold": 0.027832869085217017,
    "gate_op": ">=",
    "decision_threshold": 0.4799999999999999,
    "min_gate_recall_requested": 0.9,
    "gate_source_for_search": "ALL",
    "drop_source": false,
    "rf_trees": 20,
    "rf_max_depth": 10,
    "rf_min_samples_leaf": 6,
    "random_state": 42,
    "n_stage2_train_rows": 7677,
    "n_stage2_train_fall": 2238,
    "n_stage2_train_non_fall": 5439
  },
  "validation": {
    "n_rows": 2280,
    "fall_ratio": 0.2425438596491228,
    "accuracy": 0.8162280701754386,
    "precision": 0.6116666666666667,
    "recall": 0.6636528028933092,
    "f1": 0.6366001734605378,
    "pr_auc": 0.7020332449279411,
    "roc_auc": 0.8251637904947587,
    "tn": 1494,
    "fp": 233,
    "fn": 186,
    "tp": 367,
    "fpr": 0.1349160393746381,
    "fnr": 0.33634719710669075,
    "gate_pass_rate": 0.7526315789473684,
    "gate_recall_on_fall": 0.9041591320072333,
    "gate_fpr_on_non_fall": 0.704111175448755
  },
  "test": {
    "n_rows": 1475,
    "fall_ratio": 0.28067796610169493,
    "accuracy": 0.8203389830508474,
    "precision": 0.6487025948103793,
    "recall": 0.785024154589372,
    "f1": 0.7103825136612022,
    "pr_auc": 0.8003388209137573,
    "roc_auc": 0.8941569114908458,
    "tn": 885,
    "fp": 176,
    "fn": 89,
    "tp": 325,
    "fpr": 0.16588124410933083,
    "fnr": 0.21497584541062803,
    "gate_pass_rate": 1.0,
    "gate_recall_on_fall": 1.0,
    "gate_fpr_on_non_fall": 1.0
  },
  "validation_per_source": {
    "UP": {
      "n_rows": 807,
      "fall_ratio": 0.16728624535315986,
      "accuracy": 0.7608426270136307,
      "precision": 0.3423913043478261,
      "recall": 0.4666666666666667,
      "f1": 0.3949843260188088,
      "pr_auc": 0.31543835948770627,
      "roc_auc": 0.6899636243386243,
      "tn": 551,
      "fp": 121,
      "fn": 72,
      "tp": 63,
      "fpr": 0.1800595238095238,
      "fnr": 0.5333333333333333,
      "gate_pass_rate": 0.30111524163568776,
      "gate_recall_on_fall": 0.6074074074074074,
      "gate_fpr_on_non_fall": 0.23958333333333334
    },
    "WEDA": {
      "n_rows": 1473,
      "fall_ratio": 0.2837746096401901,
      "accuracy": 0.846571622539036,
      "precision": 0.7307692307692307,
      "recall": 0.7272727272727273,
      "f1": 0.7290167865707434,
      "pr_auc": 0.8120936782529027,
      "roc_auc": 0.8861017256627135,
      "tn": 943,
      "fp": 112,
      "fn": 114,
      "tp": 304,
      "fpr": 0.1061611374407583,
      "fnr": 0.2727272727272727,
      "gate_pass_rate": 1.0,
      "gate_recall_on_fall": 1.0,
      "gate_fpr_on_non_fall": 1.0
    }
  },
  "test_per_source": {
    "WEDA": {
      "n_rows": 1475,
      "fall_ratio": 0.28067796610169493,
      "accuracy": 0.8203389830508474,
      "precision": 0.6487025948103793,
      "recall": 0.785024154589372,
      "f1": 0.7103825136612022,
      "pr_auc": 0.8003388209137573,
      "roc_auc": 0.8941569114908458,
      "tn": 885,
      "fp": 176,
      "fn": 89,
      "tp": 325,
      "fpr": 0.16588124410933083,
      "fnr": 0.21497584541062803,
      "gate_pass_rate": 1.0,
      "gate_recall_on_fall": 1.0,
      "gate_fpr_on_non_fall": 1.0
    }
  }
}