{
  "config": {
    "gate_feature": "acc_mag_std",
    "gate_threshold": 0.0544426346780879,
    "gate_op": ">=",
    "decision_threshold": 0.4599999999999999,
    "min_gate_recall_requested": 0.85,
    "gate_source_for_search": "ALL",
    "drop_source": false,
    "rf_trees": 8,
    "rf_max_depth": 6,
    "rf_min_samples_leaf": 5,
    "random_state": 42,
    "n_stage2_train_rows": 7353,
    "n_stage2_train_fall": 2149,
    "n_stage2_train_non_fall": 5204
  },
  "validation": {
    "n_rows": 2280,
    "fall_ratio": 0.2425438596491228,
    "accuracy": 0.8157894736842105,
    "precision": 0.612141652613828,
    "recall": 0.6564195298372514,
    "f1": 0.6335078534031413,
    "pr_auc": 0.6899502914158545,
    "roc_auc": 0.8052031818862424,
    "tn": 1497,
    "fp": 230,
    "fn": 190,
    "tp": 363,
    "fpr": 0.13317892298784018,
    "fnr": 0.3435804701627486,
    "gate_pass_rate": 0.7092105263157895,
    "gate_recall_on_fall": 0.8589511754068716,
    "gate_fpr_on_non_fall": 0.6612623045744065
  },
  "test": {
    "n_rows": 1475,
    "fall_ratio": 0.28067796610169493,
    "accuracy": 0.7891525423728813,
    "precision": 0.5980952380952381,
    "recall": 0.7584541062801933,
    "f1": 0.6687965921192758,
    "pr_auc": 0.7672676099450348,
    "roc_auc": 0.8554048454880321,
    "tn": 850,
    "fp": 211,
    "fn": 100,
    "tp": 314,
    "fpr": 0.1988689915174364,
    "fnr": 0.24154589371980675,
    "gate_pass_rate": 0.9871186440677966,
    "gate_recall_on_fall": 0.9855072463768116,
    "gate_fpr_on_non_fall": 0.9877474081055608
  },
  "validation_per_source": {
    "UP": {
      "n_rows": 807,
      "fall_ratio": 0.16728624535315986,
      "accuracy": 0.8277571251548946,
      "precision": 0.48484848484848486,
      "recall": 0.4740740740740741,
      "f1": 0.4794007490636704,
      "pr_auc": 0.4217920410986441,
      "roc_auc": 0.6976466049382716,
      "tn": 604,
      "fp": 68,
      "fn": 71,
      "tp": 64,
      "fpr": 0.10119047619047619,
      "fnr": 0.5259259259259259,
      "gate_pass_rate": 0.19950433705080545,
      "gate_recall_on_fall": 0.5037037037037037,
      "gate_fpr_on_non_fall": 0.13839285714285715
    },
    "WEDA": {
      "n_rows": 1473,
      "fall_ratio": 0.2837746096401901,
      "accuracy": 0.8092328581126952,
      "precision": 0.648590021691974,
      "recall": 0.715311004784689,
      "f1": 0.6803185437997725,
      "pr_auc": 0.7635080027207041,
      "roc_auc": 0.851314088754847,
      "tn": 893,
      "fp": 162,
      "fn": 119,
      "tp": 299,
      "fpr": 0.15355450236966825,
      "fnr": 0.284688995215311,
      "gate_pass_rate": 0.988458927359131,
      "gate_recall_on_fall": 0.9736842105263158,
      "gate_fpr_on_non_fall": 0.9943127962085309
    }
  },
  "test_per_source": {
    "WEDA": {
      "n_rows": 1475,
      "fall_ratio": 0.28067796610169493,
      "accuracy": 0.7891525423728813,
      "precision": 0.5980952380952381,
      "recall": 0.7584541062801933,
      "f1": 0.6687965921192758,
      "pr_auc": 0.7672676099450348,
      "roc_auc": 0.8554048454880321,
      "tn": 850,
      "fp": 211,
      "fn": 100,
      "tp": 314,
      "fpr": 0.1988689915174364,
      "fnr": 0.24154589371980675,
      "gate_pass_rate": 0.9871186440677966,
      "gate_recall_on_fall": 0.9855072463768116,
      "gate_fpr_on_non_fall": 0.9877474081055608
    }
  }
}