{
  "config": {
    "gate_feature": "acc_mag_std",
    "gate_threshold": 0.027832869085217017,
    "gate_op": ">=",
    "decision_threshold": 0.41999999999999993,
    "min_gate_recall_requested": 0.9,
    "gate_source_for_search": "ALL",
    "drop_source": false,
    "rf_trees": 20,
    "rf_max_depth": 12,
    "rf_min_samples_leaf": 6,
    "random_state": 42,
    "n_stage2_train_rows": 7677,
    "n_stage2_train_fall": 2238,
    "n_stage2_train_non_fall": 5439
  },
  "validation": {
    "n_rows": 2280,
    "fall_ratio": 0.2425438596491228,
    "accuracy": 0.8021929824561403,
    "precision": 0.5779816513761468,
    "recall": 0.6835443037974683,
    "f1": 0.6263463131731566,
    "pr_auc": 0.7017419796408939,
    "roc_auc": 0.8281464161896315,
    "tn": 1451,
    "fp": 276,
    "fn": 175,
    "tp": 378,
    "fpr": 0.15981470758540822,
    "fnr": 0.31645569620253167,
    "gate_pass_rate": 0.7526315789473684,
    "gate_recall_on_fall": 0.9041591320072333,
    "gate_fpr_on_non_fall": 0.704111175448755
  },
  "test": {
    "n_rows": 1475,
    "fall_ratio": 0.28067796610169493,
    "accuracy": 0.808135593220339,
    "precision": 0.6201834862385321,
    "recall": 0.8164251207729468,
    "f1": 0.7049009384775808,
    "pr_auc": 0.8127696097344685,
    "roc_auc": 0.8984619377398952,
    "tn": 854,
    "fp": 207,
    "fn": 76,
    "tp": 338,
    "fpr": 0.1950989632422243,
    "fnr": 0.18357487922705315,
    "gate_pass_rate": 1.0,
    "gate_recall_on_fall": 1.0,
    "gate_fpr_on_non_fall": 1.0
  },
  "validation_per_source": {
    "UP": {
      "n_rows": 807,
      "fall_ratio": 0.16728624535315986,
      "accuracy": 0.734820322180917,
      "precision": 0.3127962085308057,
      "recall": 0.4888888888888889,
      "f1": 0.3815028901734104,
      "pr_auc": 0.30777234510167073,
      "roc_auc": 0.6843088624338624,
      "tn": 527,
      "fp": 145,
      "fn": 69,
      "tp": 66,
      "fpr": 0.21577380952380953,
      "fnr": 0.5111111111111111,
      "gate_pass_rate": 0.30111524163568776,
      "gate_recall_on_fall": 0.6074074074074074,
      "gate_fpr_on_non_fall": 0.23958333333333334
    },
    "WEDA": {
      "n_rows": 1473,
      "fall_ratio": 0.2837746096401901,
      "accuracy": 0.8391038696537678,
      "precision": 0.7042889390519187,
      "recall": 0.7464114832535885,
      "f1": 0.7247386759581882,
      "pr_auc": 0.8217313173700418,
      "roc_auc": 0.8974489217442573,
      "tn": 924,
      "fp": 131,
      "fn": 106,
      "tp": 312,
      "fpr": 0.12417061611374408,
      "fnr": 0.2535885167464115,
      "gate_pass_rate": 1.0,
      "gate_recall_on_fall": 1.0,
      "gate_fpr_on_non_fall": 1.0
    }
  },
  "test_per_source": {
    "WEDA": {
      "n_rows": 1475,
      "fall_ratio": 0.28067796610169493,
      "accuracy": 0.808135593220339,
      "precision": 0.6201834862385321,
      "recall": 0.8164251207729468,
      "f1": 0.7049009384775808,
      "pr_auc": 0.8127696097344685,
      "roc_auc": 0.8984619377398952,
      "tn": 854,
      "fp": 207,
      "fn": 76,
      "tp": 338,
      "fpr": 0.1950989632422243,
      "fnr": 0.18357487922705315,
      "gate_pass_rate": 1.0,
      "gate_recall_on_fall": 1.0,
      "gate_fpr_on_non_fall": 1.0
    }
  }
}