{
  "config": {
    "gate_feature": "acc_mag_std",
    "gate_threshold": 0.0009261305055928696,
    "gate_op": ">=",
    "decision_threshold": 0.43999999999999995,
    "min_gate_recall_requested": 0.98,
    "gate_source_for_search": "ALL",
    "drop_source": false,
    "preset": "default",
    "rf_trees": 400,
    "rf_max_depth": null,
    "rf_min_samples_leaf": 2,
    "random_state": 42,
    "n_stage2_train_rows": 8695,
    "n_stage2_train_fall": 2391,
    "n_stage2_train_non_fall": 6304
  },
  "validation": {
    "n_rows": 2280,
    "fall_ratio": 0.2425438596491228,
    "accuracy": 0.769298245614035,
    "precision": 0.5203619909502263,
    "recall": 0.6238698010849909,
    "f1": 0.5674342105263158,
    "pr_auc": 0.6523855235025829,
    "roc_auc": 0.8076826825516659,
    "tn": 1409,
    "fp": 318,
    "fn": 208,
    "tp": 345,
    "fpr": 0.18413433700057905,
    "fnr": 0.37613019891500904,
    "gate_pass_rate": 0.9267543859649123,
    "gate_recall_on_fall": 0.9819168173598554,
    "gate_fpr_on_non_fall": 0.9090909090909091
  },
  "test": {
    "n_rows": 1475,
    "fall_ratio": 0.28067796610169493,
    "accuracy": 0.8522033898305085,
    "precision": 0.7247706422018348,
    "recall": 0.7632850241545893,
    "f1": 0.7435294117647059,
    "pr_auc": 0.8301258394326376,
    "roc_auc": 0.9096194912283098,
    "tn": 941,
    "fp": 120,
    "fn": 98,
    "tp": 316,
    "fpr": 0.11310084825636192,
    "fnr": 0.23671497584541062,
    "gate_pass_rate": 1.0,
    "gate_recall_on_fall": 1.0,
    "gate_fpr_on_non_fall": 1.0
  },
  "validation_per_source": {
    "UP": {
      "n_rows": 807,
      "fall_ratio": 0.16728624535315986,
      "accuracy": 0.6059479553903345,
      "precision": 0.20388349514563106,
      "recall": 0.4666666666666667,
      "f1": 0.28378378378378377,
      "pr_auc": 0.215570825908251,
      "roc_auc": 0.5579254850088184,
      "tn": 426,
      "fp": 246,
      "fn": 72,
      "tp": 63,
      "fpr": 0.36607142857142855,
      "fnr": 0.5333333333333333,
      "gate_pass_rate": 0.7930607187112764,
      "gate_recall_on_fall": 0.9259259259259259,
      "gate_fpr_on_non_fall": 0.7663690476190477
    },
    "WEDA": {
      "n_rows": 1473,
      "fall_ratio": 0.2837746096401901,
      "accuracy": 0.8587915818058385,
      "precision": 0.7966101694915254,
      "recall": 0.6746411483253588,
      "f1": 0.7305699481865285,
      "pr_auc": 0.83256089313795,
      "roc_auc": 0.9029819270278238,
      "tn": 983,
      "fp": 72,
      "fn": 136,
      "tp": 282,
      "fpr": 0.06824644549763033,
      "fnr": 0.3253588516746411,
      "gate_pass_rate": 1.0,
      "gate_recall_on_fall": 1.0,
      "gate_fpr_on_non_fall": 1.0
    }
  },
  "test_per_source": {
    "WEDA": {
      "n_rows": 1475,
      "fall_ratio": 0.28067796610169493,
      "accuracy": 0.8522033898305085,
      "precision": 0.7247706422018348,
      "recall": 0.7632850241545893,
      "f1": 0.7435294117647059,
      "pr_auc": 0.8301258394326376,
      "roc_auc": 0.9096194912283098,
      "tn": 941,
      "fp": 120,
      "fn": 98,
      "tp": 316,
      "fpr": 0.11310084825636192,
      "fnr": 0.23671497584541062,
      "gate_pass_rate": 1.0,
      "gate_recall_on_fall": 1.0,
      "gate_fpr_on_non_fall": 1.0
    }
  }
}