{
  "config": {
    "gate_feature": "acc_mag_std",
    "gate_threshold": 0.027832869085217017,
    "gate_op": ">=",
    "decision_threshold": 0.5249999999999999,
    "min_gate_recall_requested": 0.9,
    "gate_source_for_search": "ALL",
    "drop_source": false,
    "rf_trees": 20,
    "rf_max_depth": 8,
    "rf_min_samples_leaf": 2,
    "random_state": 42,
    "n_stage2_train_rows": 7677,
    "n_stage2_train_fall": 2238,
    "n_stage2_train_non_fall": 5439
  },
  "validation": {
    "n_rows": 2280,
    "fall_ratio": 0.2425438596491228,
    "accuracy": 0.8421052631578947,
    "precision": 0.7040169133192389,
    "recall": 0.6021699819168174,
    "f1": 0.6491228070175439,
    "pr_auc": 0.7215365858121573,
    "roc_auc": 0.8344682005086745,
    "tn": 1587,
    "fp": 140,
    "fn": 220,
    "tp": 333,
    "fpr": 0.08106543138390272,
    "fnr": 0.39783001808318263,
    "gate_pass_rate": 0.7526315789473684,
    "gate_recall_on_fall": 0.9041591320072333,
    "gate_fpr_on_non_fall": 0.704111175448755
  },
  "test": {
    "n_rows": 1475,
    "fall_ratio": 0.28067796610169493,
    "accuracy": 0.831864406779661,
    "precision": 0.6852678571428571,
    "recall": 0.7415458937198067,
    "f1": 0.7122969837587007,
    "pr_auc": 0.8139537669546818,
    "roc_auc": 0.8968171035437356,
    "tn": 920,
    "fp": 141,
    "fn": 107,
    "tp": 307,
    "fpr": 0.13289349670122527,
    "fnr": 0.2584541062801932,
    "gate_pass_rate": 1.0,
    "gate_recall_on_fall": 1.0,
    "gate_fpr_on_non_fall": 1.0
  },
  "validation_per_source": {
    "UP": {
      "n_rows": 807,
      "fall_ratio": 0.16728624535315986,
      "accuracy": 0.8203221809169765,
      "precision": 0.4583333333333333,
      "recall": 0.4074074074074074,
      "f1": 0.43137254901960786,
      "pr_auc": 0.3676770033447196,
      "roc_auc": 0.7035163139329805,
      "tn": 607,
      "fp": 65,
      "fn": 80,
      "tp": 55,
      "fpr": 0.09672619047619048,
      "fnr": 0.5925925925925926,
      "gate_pass_rate": 0.30111524163568776,
      "gate_recall_on_fall": 0.6074074074074074,
      "gate_fpr_on_non_fall": 0.23958333333333334
    },
    "WEDA": {
      "n_rows": 1473,
      "fall_ratio": 0.2837746096401901,
      "accuracy": 0.8540393754243042,
      "precision": 0.7875354107648725,
      "recall": 0.6650717703349283,
      "f1": 0.7211413748378729,
      "pr_auc": 0.8235083247850945,
      "roc_auc": 0.8993945440939702,
      "tn": 980,
      "fp": 75,
      "fn": 140,
      "tp": 278,
      "fpr": 0.07109004739336493,
      "fnr": 0.3349282296650718,
      "gate_pass_rate": 1.0,
      "gate_recall_on_fall": 1.0,
      "gate_fpr_on_non_fall": 1.0
    }
  },
  "test_per_source": {
    "WEDA": {
      "n_rows": 1475,
      "fall_ratio": 0.28067796610169493,
      "accuracy": 0.831864406779661,
      "precision": 0.6852678571428571,
      "recall": 0.7415458937198067,
      "f1": 0.7122969837587007,
      "pr_auc": 0.8139537669546818,
      "roc_auc": 0.8968171035437356,
      "tn": 920,
      "fp": 141,
      "fn": 107,
      "tp": 307,
      "fpr": 0.13289349670122527,
      "fnr": 0.2584541062801932,
      "gate_pass_rate": 1.0,
      "gate_recall_on_fall": 1.0,
      "gate_fpr_on_non_fall": 1.0
    }
  }
}