{
    "accuracy": 0.878731343283582,
    "precision": 0.8859315589353612,
    "recall": 0.8694029850746269,
    "f1": 0.8775894538606404,
    "false_alarm_rate": 0.11194029850746269,
    "miss_rate": 0.13059701492537312
}