{
  "config": {
    "gate_feature": "acc_mag_std",
    "gate_threshold": 0.004506217613876566,
    "gate_op": ">=",
    "decision_threshold": 0.5049999999999999,
    "min_gate_recall_requested": 0.95,
    "gate_source_for_search": "ALL",
    "drop_source": false,
    "rf_trees": 8,
    "rf_max_depth": 6,
    "rf_min_samples_leaf": 8,
    "random_state": 42,
    "n_stage2_train_rows": 8278,
    "n_stage2_train_fall": 2336,
    "n_stage2_train_non_fall": 5942
  },
  "validation": {
    "n_rows": 2280,
    "fall_ratio": 0.2425438596491228,
    "accuracy": 0.8228070175438597,
    "precision": 0.6382189239332097,
    "recall": 0.6220614828209765,
    "f1": 0.63003663003663,
    "pr_auc": 0.6849422309654649,
    "roc_auc": 0.8302348300735788,
    "tn": 1532,
    "fp": 195,
    "fn": 209,
    "tp": 344,
    "fpr": 0.1129125651418645,
    "fnr": 0.3779385171790235,
    "gate_pass_rate": 0.8324561403508772,
    "gate_recall_on_fall": 0.9511754068716094,
    "gate_fpr_on_non_fall": 0.7944412275622467
  },
  "test": {
    "n_rows": 1475,
    "fall_ratio": 0.28067796610169493,
    "accuracy": 0.7905084745762712,
    "precision": 0.6,
    "recall": 0.7608695652173914,
    "f1": 0.670926517571885,
    "pr_auc": 0.7671762309737985,
    "roc_auc": 0.8705247988635277,
    "tn": 851,
    "fp": 210,
    "fn": 99,
    "tp": 315,
    "fpr": 0.19792648444863337,
    "fnr": 0.2391304347826087,
    "gate_pass_rate": 1.0,
    "gate_recall_on_fall": 1.0,
    "gate_fpr_on_non_fall": 1.0
  },
  "validation_per_source": {
    "UP": {
      "n_rows": 807,
      "fall_ratio": 0.16728624535315986,
      "accuracy": 0.8265179677819083,
      "precision": 0.4731182795698925,
      "recall": 0.32592592592592595,
      "f1": 0.38596491228070173,
      "pr_auc": 0.34120171325462767,
      "roc_auc": 0.688640873015873,
      "tn": 623,
      "fp": 49,
      "fn": 91,
      "tp": 44,
      "fpr": 0.07291666666666667,
      "fnr": 0.674074074074074,
      "gate_pass_rate": 0.5266418835192069,
      "gate_recall_on_fall": 0.8,
      "gate_fpr_on_non_fall": 0.47172619047619047
    },
    "WEDA": {
      "n_rows": 1473,
      "fall_ratio": 0.2837746096401901,
      "accuracy": 0.8207739307535642,
      "precision": 0.672645739910314,
      "recall": 0.7177033492822966,
      "f1": 0.6944444444444444,
      "pr_auc": 0.7729340727550112,
      "roc_auc": 0.8808260958298373,
      "tn": 909,
      "fp": 146,
      "fn": 118,
      "tp": 300,
      "fpr": 0.13838862559241707,
      "fnr": 0.2822966507177033,
      "gate_pass_rate": 1.0,
      "gate_recall_on_fall": 1.0,
      "gate_fpr_on_non_fall": 1.0
    }
  },
  "test_per_source": {
    "WEDA": {
      "n_rows": 1475,
      "fall_ratio": 0.28067796610169493,
      "accuracy": 0.7905084745762712,
      "precision": 0.6,
      "recall": 0.7608695652173914,
      "f1": 0.670926517571885,
      "pr_auc": 0.7671762309737985,
      "roc_auc": 0.8705247988635277,
      "tn": 851,
      "fp": 210,
      "fn": 99,
      "tp": 315,
      "fpr": 0.19792648444863337,
      "fnr": 0.2391304347826087,
      "gate_pass_rate": 1.0,
      "gate_recall_on_fall": 1.0,
      "gate_fpr_on_non_fall": 1.0
    }
  }
}