{
  "dataset_path": "/home/dsoft1/CAPSTONE/Code/train_model_FallDetection/archive/MobiFall_Dataset_v2.0",
  "split_mode_requested": "subject",
  "split_mode_used": "subject",
  "time_steps": 150,
  "step": 75,
  "use_gyro": true,
  "seed": 42,
  "hyperparameters": {
    "epochs": 250,
    "batch_size": 256,
    "lr": 0.01,
    "l2": 0.0001,
    "patience": 35,
    "downsample_majority_ratio": 2.0
  },
  "counts": {
    "total_windows": 12971,
    "train_windows": 6954,
    "val_windows": 2517,
    "test_windows": 2489
  },
  "subjects": {
    "train": [
      "sub1",
      "sub3",
      "sub6",
      "sub7",
      "sub8",
      "sub9",
      "sub11",
      "sub12",
      "sub13",
      "sub14",
      "sub15",
      "sub16",
      "sub17",
      "sub18",
      "sub19",
      "sub20",
      "sub21",
      "sub29",
      "sub30",
      "sub31"
    ],
    "val": [
      "sub4",
      "sub10"
    ],
    "test": [
      "sub2",
      "sub5"
    ]
  },
  "best_epoch": 14,
  "best_val_loss": 0.3087669428348541,
  "selected_threshold": 0.8899999999999999,
  "val_metrics_at_selected_threshold": {
    "accuracy": 0.9400079459674215,
    "precision": 0.65625,
    "recall": 0.7272727272727273,
    "specificity": 0.9615048118985127,
    "f1": 0.6899383983572895,
    "balanced_accuracy": 0.84438876958562,
    "tp": 168,
    "tn": 2198,
    "fp": 88,
    "fn": 63
  },
  "metrics": {
    "train": {
      "accuracy": 0.9101236698303135,
      "precision": 0.9079518072289157,
      "recall": 0.8127696289905091,
      "specificity": 0.9588006902502157,
      "f1": 0.8577282039608468,
      "balanced_accuracy": 0.8857851596203624,
      "tp": 1884,
      "tn": 4445,
      "fp": 191,
      "fn": 434
    },
    "val": {
      "accuracy": 0.9400079459674215,
      "precision": 0.65625,
      "recall": 0.7272727272727273,
      "specificity": 0.9615048118985127,
      "f1": 0.6899383983572895,
      "balanced_accuracy": 0.84438876958562,
      "tp": 168,
      "tn": 2198,
      "fp": 88,
      "fn": 63
    },
    "test": {
      "accuracy": 0.950582563278425,
      "precision": 0.6962962962962963,
      "recall": 0.8209606986899564,
      "specificity": 0.963716814159292,
      "f1": 0.7535070140280561,
      "balanced_accuracy": 0.8923387564246241,
      "tp": 188,
      "tn": 2178,
      "fp": 82,
      "fn": 41
    }
  },
  "average_precision": {
    "train": 0.9348605611041702,
    "val": 0.5881993493793322,
    "test": 0.7386708954627745
  },
  "skipped_trials_or_files": 0,
  "history": [
    {
      "epoch": 1,
      "train_loss": 0.40790969214886424,
      "val_loss": 0.45054420910328624,
      "lr": 0.01
    },
    {
      "epoch": 2,
      "train_loss": 0.32428305882290004,
      "val_loss": 0.3827103330500424,
      "lr": 0.01
    },
    {
      "epoch": 3,
      "train_loss": 0.28223343697935344,
      "val_loss": 0.35073967782408,
      "lr": 0.01
    },
    {
      "epoch": 4,
      "train_loss": 0.25748921342492104,
      "val_loss": 0.3352374226629734,
      "lr": 0.01
    },
    {
      "epoch": 5,
      "train_loss": 0.24079860722124577,
      "val_loss": 0.3254934993892908,
      "lr": 0.01
    },
    {
      "epoch": 6,
      "train_loss": 0.22879191167652607,
      "val_loss": 0.31917168624699116,
      "lr": 0.01
    },
    {
      "epoch": 7,
      "train_loss": 0.2197353017181158,
      "val_loss": 0.3169470053762197,
      "lr": 0.01
    },
    {
      "epoch": 8,
      "train_loss": 0.21250472589433192,
      "val_loss": 0.3134099356740713,
      "lr": 0.01
    },
    {
      "epoch": 9,
      "train_loss": 0.2065955240815878,
      "val_loss": 0.31194317234456537,
      "lr": 0.01
    },
    {
      "epoch": 10,
      "train_loss": 0.20163116701841355,
      "val_loss": 0.31030421801805497,
      "lr": 0.01
    },
    {
      "epoch": 11,
      "train_loss": 0.197358810120821,
      "val_loss": 0.309741982036829,
      "lr": 0.01
    },
    {
      "epoch": 12,
      "train_loss": 0.19371055558621883,
      "val_loss": 0.3089568962186575,
      "lr": 0.01
    },
    {
      "epoch": 13,
      "train_loss": 0.19048849475979804,
      "val_loss": 0.30932056141495706,
      "lr": 0.01
    },
    {
      "epoch": 14,
      "train_loss": 0.1875722225666046,
      "val_loss": 0.3087669428348541,
      "lr": 0.01
    },
    {
      "epoch": 15,
      "train_loss": 0.18497106301188468,
      "val_loss": 0.30912518369555475,
      "lr": 0.01
    },
    {
      "epoch": 16,
      "train_loss": 0.18261022152900697,
      "val_loss": 0.3095205950975418,
      "lr": 0.01
    },
    {
      "epoch": 17,
      "train_loss": 0.18047083127498625,
      "val_loss": 0.3092224370241165,
      "lr": 0.01
    },
    {
      "epoch": 18,
      "train_loss": 0.17849251972436905,
      "val_loss": 0.30988932000398633,
      "lr": 0.01
    },
    {
      "epoch": 19,
      "train_loss": 0.17666548608541488,
      "val_loss": 0.3104654264330864,
      "lr": 0.01
    },
    {
      "epoch": 20,
      "train_loss": 0.17496004832983017,
      "val_loss": 0.3117949826836586,
      "lr": 0.01
    },
    {
      "epoch": 21,
      "train_loss": 0.1733297400712967,
      "val_loss": 0.3130283050775528,
      "lr": 0.01
    },
    {
      "epoch": 22,
      "train_loss": 0.17186854610443114,
      "val_loss": 0.3132725937128067,
      "lr": 0.01
    },
    {
      "epoch": 23,
      "train_loss": 0.17047244611978532,
      "val_loss": 0.31308745149374007,
      "lr": 0.01
    },
    {
      "epoch": 24,
      "train_loss": 0.1691883385658264,
      "val_loss": 0.3132040232896805,
      "lr": 0.01
    },
    {
      "epoch": 25,
      "train_loss": 0.16857037925720214,
      "val_loss": 0.3135188617706299,
      "lr": 0.005
    },
    {
      "epoch": 26,
      "train_loss": 0.1679645524263382,
      "val_loss": 0.31381397404670713,
      "lr": 0.005
    },
    {
      "epoch": 27,
      "train_loss": 0.16737671087384223,
      "val_loss": 0.3142172236263752,
      "lr": 0.005
    },
    {
      "epoch": 28,
      "train_loss": 0.16680026773810386,
      "val_loss": 0.3149252158820629,
      "lr": 0.005
    },
    {
      "epoch": 29,
      "train_loss": 0.16623574872612953,
      "val_loss": 0.31501539428830144,
      "lr": 0.005
    },
    {
      "epoch": 30,
      "train_loss": 0.16569628602266312,
      "val_loss": 0.3153016943335533,
      "lr": 0.005
    },
    {
      "epoch": 31,
      "train_loss": 0.16516628258228302,
      "val_loss": 0.31552793972492216,
      "lr": 0.005
    },
    {
      "epoch": 32,
      "train_loss": 0.16464933546185492,
      "val_loss": 0.315553841906786,
      "lr": 0.005
    },
    {
      "epoch": 33,
      "train_loss": 0.1641498003721237,
      "val_loss": 0.31578656477928163,
      "lr": 0.005
    },
    {
      "epoch": 34,
      "train_loss": 0.16365201285481454,
      "val_loss": 0.3158335190117359,
      "lr": 0.005
    },
    {
      "epoch": 35,
      "train_loss": 0.16341276403069496,
      "val_loss": 0.3160520487606525,
      "lr": 0.0025
    },
    {
      "epoch": 36,
      "train_loss": 0.16317651180624962,
      "val_loss": 0.3161044767320156,
      "lr": 0.0025
    },
    {
      "epoch": 37,
      "train_loss": 0.1629432608127594,
      "val_loss": 0.31619143679142,
      "lr": 0.0025
    },
    {
      "epoch": 38,
      "train_loss": 0.1627073670089245,
      "val_loss": 0.3163621360719204,
      "lr": 0.0025
    },
    {
      "epoch": 39,
      "train_loss": 0.1624830561161041,
      "val_loss": 0.31624047927856447,
      "lr": 0.0025
    },
    {
      "epoch": 40,
      "train_loss": 0.16225637136697768,
      "val_loss": 0.31629144786596297,
      "lr": 0.0025
    },
    {
      "epoch": 41,
      "train_loss": 0.1620333862364292,
      "val_loss": 0.31649409950375557,
      "lr": 0.0025
    },
    {
      "epoch": 42,
      "train_loss": 0.16181287101507186,
      "val_loss": 0.31669418445825576,
      "lr": 0.0025
    },
    {
      "epoch": 43,
      "train_loss": 0.1615941886782646,