{
  "config": {
    "gate_feature": "acc_mag_std",
    "gate_threshold": 0.027832869085217017,
    "gate_op": ">=",
    "decision_threshold": 0.4749999999999999,
    "min_gate_recall_requested": 0.9,
    "gate_source_for_search": "ALL",
    "drop_source": false,
    "rf_trees": 30,
    "rf_max_depth": 8,
    "rf_min_samples_leaf": 5,
    "random_state": 42,
    "n_stage2_train_rows": 7677,
    "n_stage2_train_fall": 2238,
    "n_stage2_train_non_fall": 5439
  },
  "validation": {
    "n_rows": 2280,
    "fall_ratio": 0.2425438596491228,
    "accuracy": 0.8302631578947368,
    "precision": 0.6476868327402135,
    "recall": 0.6582278481012658,
    "f1": 0.6529147982062781,
    "pr_auc": 0.7145262813980865,
    "roc_auc": 0.8326436524050005,
    "tn": 1529,
    "fp": 198,
    "fn": 189,
    "tp": 364,
    "fpr": 0.11464968152866242,
    "fnr": 0.34177215189873417,
    "gate_pass_rate": 0.7526315789473684,
    "gate_recall_on_fall": 0.9041591320072333,
    "gate_fpr_on_non_fall": 0.704111175448755
  },
  "test": {
    "n_rows": 1475,
    "fall_ratio": 0.28067796610169493,
    "accuracy": 0.8223728813559322,
    "precision": 0.6472868217054264,
    "recall": 0.8067632850241546,
    "f1": 0.7182795698924731,
    "pr_auc": 0.7953751239132948,
    "roc_auc": 0.8901615010904853,
    "tn": 879,
    "fp": 182,
    "fn": 80,
    "tp": 334,
    "fpr": 0.17153628652214892,
    "fnr": 0.1932367149758454,
    "gate_pass_rate": 1.0,
    "gate_recall_on_fall": 1.0,
    "gate_fpr_on_non_fall": 1.0
  },
  "validation_per_source": {
    "UP": {
      "n_rows": 807,
      "fall_ratio": 0.16728624535315986,
      "accuracy": 0.7905824039653035,
      "precision": 0.38666666666666666,
      "recall": 0.42962962962962964,
      "f1": 0.4070175438596491,
      "pr_auc": 0.35269395736477754,
      "roc_auc": 0.701251102292769,
      "tn": 580,
      "fp": 92,
      "fn": 77,
      "tp": 58,
      "fpr": 0.13690476190476192,
      "fnr": 0.5703703703703704,
      "gate_pass_rate": 0.30111524163568776,
      "gate_recall_on_fall": 0.6074074074074074,
      "gate_fpr_on_non_fall": 0.23958333333333334
    },
    "WEDA": {
      "n_rows": 1473,
      "fall_ratio": 0.2837746096401901,
      "accuracy": 0.8520027155465038,
      "precision": 0.7427184466019418,
      "recall": 0.7320574162679426,
      "f1": 0.7373493975903614,
      "pr_auc": 0.8112732981964008,
      "roc_auc": 0.8932039275267013,
      "tn": 949,
      "fp": 106,
      "fn": 112,
      "tp": 306,
      "fpr": 0.1004739336492891,
      "fnr": 0.2679425837320574,
      "gate_pass_rate": 1.0,
      "gate_recall_on_fall": 1.0,
      "gate_fpr_on_non_fall": 1.0
    }
  },
  "test_per_source": {
    "WEDA": {
      "n_rows": 1475,
      "fall_ratio": 0.28067796610169493,
      "accuracy": 0.8223728813559322,
      "precision": 0.6472868217054264,
      "recall": 0.8067632850241546,
      "f1": 0.7182795698924731,
      "pr_auc": 0.7953751239132948,
      "roc_auc": 0.8901615010904853,
      "tn": 879,
      "fp": 182,
      "fn": 80,
      "tp": 334,
      "fpr": 0.17153628652214892,
      "fnr": 0.1932367149758454,
      "gate_pass_rate": 1.0,
      "gate_recall_on_fall": 1.0,
      "gate_fpr_on_non_fall": 1.0
    }
  }
}