{
  "config": {
    "gate_feature": "acc_mag_std",
    "gate_threshold": 0.027832869085217017,
    "gate_op": ">=",
    "decision_threshold": 0.4549999999999999,
    "min_gate_recall_requested": 0.9,
    "gate_source_for_search": "ALL",
    "drop_source": false,
    "rf_trees": 12,
    "rf_max_depth": 8,
    "rf_min_samples_leaf": 6,
    "random_state": 42,
    "n_stage2_train_rows": 7677,
    "n_stage2_train_fall": 2238,
    "n_stage2_train_non_fall": 5439
  },
  "validation": {
    "n_rows": 2280,
    "fall_ratio": 0.2425438596491228,
    "accuracy": 0.8236842105263158,
    "precision": 0.6313043478260869,
    "recall": 0.6564195298372514,
    "f1": 0.6436170212765957,
    "pr_auc": 0.7050034167401049,
    "roc_auc": 0.8290846056306026,
    "tn": 1515,
    "fp": 212,
    "fn": 190,
    "tp": 363,
    "fpr": 0.12275622466705269,
    "fnr": 0.3435804701627486,
    "gate_pass_rate": 0.7526315789473684,
    "gate_recall_on_fall": 0.9041591320072333,
    "gate_fpr_on_non_fall": 0.704111175448755
  },
  "test": {
    "n_rows": 1475,
    "fall_ratio": 0.28067796610169493,
    "accuracy": 0.7871186440677966,
    "precision": 0.5880281690140845,
    "recall": 0.8067632850241546,
    "f1": 0.6802443991853361,
    "pr_auc": 0.797180321312503,
    "roc_auc": 0.8874227667818619,
    "tn": 827,
    "fp": 234,
    "fn": 80,
    "tp": 334,
    "fpr": 0.22054665409990576,
    "fnr": 0.1932367149758454,
    "gate_pass_rate": 1.0,
    "gate_recall_on_fall": 1.0,
    "gate_fpr_on_non_fall": 1.0
  },
  "validation_per_source": {
    "UP": {
      "n_rows": 807,
      "fall_ratio": 0.16728624535315986,
      "accuracy": 0.8215613382899628,
      "precision": 0.4608695652173913,
      "recall": 0.3925925925925926,
      "f1": 0.424,
      "pr_auc": 0.3597377215585532,
      "roc_auc": 0.7046351410934744,
      "tn": 610,
      "fp": 62,
      "fn": 82,
      "tp": 53,
      "fpr": 0.09226190476190477,
      "fnr": 0.6074074074074074,
      "gate_pass_rate": 0.30111524163568776,
      "gate_recall_on_fall": 0.6074074074074074,
      "gate_fpr_on_non_fall": 0.23958333333333334
    },
    "WEDA": {
      "n_rows": 1473,
      "fall_ratio": 0.2837746096401901,
      "accuracy": 0.824847250509165,
      "precision": 0.6739130434782609,
      "recall": 0.7416267942583732,
      "f1": 0.7061503416856492,
      "pr_auc": 0.7966450781350485,
      "roc_auc": 0.8847876369078664,
      "tn": 905,
      "fp": 150,
      "fn": 108,
      "tp": 310,
      "fpr": 0.14218009478672985,
      "fnr": 0.2583732057416268,
      "gate_pass_rate": 1.0,
      "gate_recall_on_fall": 1.0,
      "gate_fpr_on_non_fall": 1.0
    }
  },
  "test_per_source": {
    "WEDA": {
      "n_rows": 1475,
      "fall_ratio": 0.28067796610169493,
      "accuracy": 0.7871186440677966,
      "precision": 0.5880281690140845,
      "recall": 0.8067632850241546,
      "f1": 0.6802443991853361,
      "pr_auc": 0.797180321312503,
      "roc_auc": 0.8874227667818619,
      "tn": 827,
      "fp": 234,
      "fn": 80,
      "tp": 334,
      "fpr": 0.22054665409990576,
      "fnr": 0.1932367149758454,
      "gate_pass_rate": 1.0,
      "gate_recall_on_fall": 1.0,
      "gate_fpr_on_non_fall": 1.0
    }
  }
}