{
  "config": {
    "gate_feature": "acc_mag_std",
    "gate_threshold": 0.027832869085217017,
    "gate_op": ">=",
    "decision_threshold": 0.48999999999999994,
    "min_gate_recall_requested": 0.9,
    "gate_source_for_search": "ALL",
    "drop_source": false,
    "rf_trees": 14,
    "rf_max_depth": 8,
    "rf_min_samples_leaf": 6,
    "random_state": 42,
    "n_stage2_train_rows": 7677,
    "n_stage2_train_fall": 2238,
    "n_stage2_train_non_fall": 5439
  },
  "validation": {
    "n_rows": 2280,
    "fall_ratio": 0.2425438596491228,
    "accuracy": 0.831140350877193,
    "precision": 0.6609195402298851,
    "recall": 0.6238698010849909,
    "f1": 0.641860465116279,
    "pr_auc": 0.7107475885081921,
    "roc_auc": 0.8311473658970233,
    "tn": 1550,
    "fp": 177,
    "fn": 208,
    "tp": 345,
    "fpr": 0.10248986682107701,
    "fnr": 0.37613019891500904,
    "gate_pass_rate": 0.7526315789473684,
    "gate_recall_on_fall": 0.9041591320072333,
    "gate_fpr_on_non_fall": 0.704111175448755
  },
  "test": {
    "n_rows": 1475,
    "fall_ratio": 0.28067796610169493,
    "accuracy": 0.8074576271186441,
    "precision": 0.6240458015267175,
    "recall": 0.7898550724637681,
    "f1": 0.697228144989339,
    "pr_auc": 0.7987730452967248,
    "roc_auc": 0.888617975021286,
    "tn": 864,
    "fp": 197,
    "fn": 87,
    "tp": 327,
    "fpr": 0.18567389255419417,
    "fnr": 0.21014492753623187,
    "gate_pass_rate": 1.0,
    "gate_recall_on_fall": 1.0,
    "gate_fpr_on_non_fall": 1.0
  },
  "validation_per_source": {
    "UP": {
      "n_rows": 807,
      "fall_ratio": 0.16728624535315986,
      "accuracy": 0.8203221809169765,
      "precision": 0.45614035087719296,
      "recall": 0.3851851851851852,
      "f1": 0.41767068273092367,
      "pr_auc": 0.35872878691354704,
      "roc_auc": 0.704591049382716,
      "tn": 610,
      "fp": 62,
      "fn": 83,
      "tp": 52,
      "fpr": 0.09226190476190477,
      "fnr": 0.6148148148148148,
      "gate_pass_rate": 0.30111524163568776,
      "gate_recall_on_fall": 0.6074074074074074,
      "gate_fpr_on_non_fall": 0.23958333333333334
    },
    "WEDA": {
      "n_rows": 1473,
      "fall_ratio": 0.2837746096401901,
      "accuracy": 0.8370672097759674,
      "precision": 0.7181372549019608,
      "recall": 0.7009569377990431,
      "f1": 0.7094430992736077,
      "pr_auc": 0.8046048291412172,
      "roc_auc": 0.8892627950747183,
      "tn": 940,
      "fp": 115,
      "fn": 125,
      "tp": 293,
      "fpr": 0.10900473933649289,
      "fnr": 0.29904306220095694,
      "gate_pass_rate": 1.0,
      "gate_recall_on_fall": 1.0,
      "gate_fpr_on_non_fall": 1.0
    }
  },
  "test_per_source": {
    "WEDA": {
      "n_rows": 1475,
      "fall_ratio": 0.28067796610169493,
      "accuracy": 0.8074576271186441,
      "precision": 0.6240458015267175,
      "recall": 0.7898550724637681,
      "f1": 0.697228144989339,
      "pr_auc": 0.7987730452967248,
      "roc_auc": 0.888617975021286,
      "tn": 864,
      "fp": 197,
      "fn": 87,
      "tp": 327,
      "fpr": 0.18567389255419417,
      "fnr": 0.21014492753623187,
      "gate_pass_rate": 1.0,
      "gate_recall_on_fall": 1.0,
      "gate_fpr_on_non_fall": 1.0
    }
  }
}