{
  "config": {
    "gate_feature": "gyro_mag_mean",
    "gate_threshold": 2.350621882788164,
    "gate_op": "<=",
    "decision_threshold": 0.36999999999999994,
    "min_gate_recall_requested": 0.85,
    "gate_source_for_search": "WEDA",
    "drop_source": false,
    "rf_trees": 8,
    "rf_max_depth": 6,
    "rf_min_samples_leaf": 4,
    "random_state": 42,
    "n_stage2_train_rows": 6290,
    "n_stage2_train_fall": 1736,
    "n_stage2_train_non_fall": 4554
  },
  "validation": {
    "n_rows": 2280,
    "fall_ratio": 0.2425438596491228,
    "accuracy": 0.7802631578947369,
    "precision": 0.5485074626865671,
    "recall": 0.5316455696202531,
    "f1": 0.5399449035812672,
    "pr_auc": 0.5654573030144039,
    "roc_auc": 0.6724252930009602,
    "tn": 1485,
    "fp": 242,
    "fn": 259,
    "tp": 294,
    "fpr": 0.14012738853503184,
    "fnr": 0.46835443037974683,
    "gate_pass_rate": 0.6644736842105263,
    "gate_recall_on_fall": 0.6708860759493671,
    "gate_fpr_on_non_fall": 0.6624203821656051
  },
  "test": {
    "n_rows": 1475,
    "fall_ratio": 0.28067796610169493,
    "accuracy": 0.7301694915254238,
    "precision": 0.512779552715655,
    "recall": 0.7753623188405797,
    "f1": 0.6173076923076923,
    "pr_auc": 0.6974507795750471,
    "roc_auc": 0.8035976906300228,
    "tn": 756,
    "fp": 305,
    "fn": 93,
    "tp": 321,
    "fpr": 0.2874646559849199,
    "fnr": 0.2246376811594203,
    "gate_pass_rate": 0.8698305084745763,
    "gate_recall_on_fall": 0.9033816425120773,
    "gate_fpr_on_non_fall": 0.8567389255419415
  },
  "validation_per_source": {
    "UP": {
      "n_rows": 807,
      "fall_ratio": 0.16728624535315986,
      "accuracy": 0.8351920693928129,
      "precision": 0.55,
      "recall": 0.08148148148148149,
      "f1": 0.14193548387096774,
      "pr_auc": 0.21108675156277934,
      "roc_auc": 0.365354938271605,
      "tn": 663,
      "fp": 9,
      "fn": 124,
      "tp": 11,
      "fpr": 0.013392857142857142,
      "fnr": 0.9185185185185185,
      "gate_pass_rate": 0.3630731102850062,
      "gate_recall_on_fall": 0.1111111111111111,
      "gate_fpr_on_non_fall": 0.41369047619047616
    },
    "WEDA": {
      "n_rows": 1473,
      "fall_ratio": 0.2837746096401901,
      "accuracy": 0.7501697216564833,
      "precision": 0.5484496124031008,
      "recall": 0.6770334928229665,
      "f1": 0.6059957173447538,
      "pr_auc": 0.6656624539745908,
      "roc_auc": 0.7643574684233203,
      "tn": 822,
      "fp": 233,
      "fn": 135,
      "tp": 283,
      "fpr": 0.22085308056872038,
      "fnr": 0.3229665071770335,
      "gate_pass_rate": 0.8295994568906992,
      "gate_recall_on_fall": 0.8516746411483254,
      "gate_fpr_on_non_fall": 0.8208530805687204
    }
  },
  "test_per_source": {
    "WEDA": {
      "n_rows": 1475,
      "fall_ratio": 0.28067796610169493,
      "accuracy": 0.7301694915254238,
      "precision": 0.512779552715655,
      "recall": 0.7753623188405797,
      "f1": 0.6173076923076923,
      "pr_auc": 0.6974507795750471,
      "roc_auc": 0.8035976906300228,
      "tn": 756,
      "fp": 305,
      "fn": 93,
      "tp": 321,
      "fpr": 0.2874646559849199,
      "fnr": 0.2246376811594203,
      "gate_pass_rate": 0.8698305084745763,
      "gate_recall_on_fall": 0.9033816425120773,
      "gate_fpr_on_non_fall": 0.8567389255419415
    }
  }
}