{
  "config": {
    "gate_feature": "gyro_mag_mean",
    "gate_threshold": 2.838541112469445,
    "gate_op": "<=",
    "decision_threshold": 0.43499999999999994,
    "min_gate_recall_requested": 0.93,
    "gate_source_for_search": "WEDA",
    "drop_source": false,
    "rf_trees": 8,
    "rf_max_depth": 6,
    "rf_min_samples_leaf": 5,
    "random_state": 42,
    "n_stage2_train_rows": 6845,
    "n_stage2_train_fall": 1919,
    "n_stage2_train_non_fall": 4926
  },
  "validation": {
    "n_rows": 2280,
    "fall_ratio": 0.2425438596491228,
    "accuracy": 0.8092105263157895,
    "precision": 0.6143410852713178,
    "recall": 0.5732368896925859,
    "f1": 0.5930776426566885,
    "pr_auc": 0.6143424367090398,
    "roc_auc": 0.7107172437334495,
    "tn": 1528,
    "fp": 199,
    "fn": 236,
    "tp": 317,
    "fpr": 0.11522872032426172,
    "fnr": 0.4267631103074141,
    "gate_pass_rate": 0.7131578947368421,
    "gate_recall_on_fall": 0.7359855334538878,
    "gate_fpr_on_non_fall": 0.705848291835553
  },
  "test": {
    "n_rows": 1475,
    "fall_ratio": 0.28067796610169493,
    "accuracy": 0.7694915254237288,
    "precision": 0.5644599303135889,
    "recall": 0.782608695652174,
    "f1": 0.6558704453441295,
    "pr_auc": 0.751928088628355,
    "roc_auc": 0.8427049042239797,
    "tn": 811,
    "fp": 250,
    "fn": 90,
    "tp": 324,
    "fpr": 0.235626767200754,
    "fnr": 0.21739130434782608,
    "gate_pass_rate": 0.9349152542372882,
    "gate_recall_on_fall": 0.9516908212560387,
    "gate_fpr_on_non_fall": 0.9283694627709708
  },
  "validation_per_source": {
    "UP": {
      "n_rows": 807,
      "fall_ratio": 0.16728624535315986,
      "accuracy": 0.828996282527881,
      "precision": 0.0,
      "recall": 0.0,
      "f1": 0.0,
      "pr_auc": 0.16138583619874847,
      "roc_auc": 0.337582671957672,
      "tn": 669,
      "fp": 3,
      "fn": 135,
      "tp": 0,
      "fpr": 0.004464285714285714,
      "fnr": 1.0,
      "gate_pass_rate": 0.38413878562577447,
      "gate_recall_on_fall": 0.1111111111111111,
      "gate_fpr_on_non_fall": 0.43898809523809523
    },
    "WEDA": {
      "n_rows": 1473,
      "fall_ratio": 0.2837746096401901,
      "accuracy": 0.7983706720977597,
      "precision": 0.6179337231968811,
      "recall": 0.7583732057416268,
      "f1": 0.6809881847475833,
      "pr_auc": 0.7361405663623067,
      "roc_auc": 0.8369656908319917,
      "tn": 859,
      "fp": 196,
      "fn": 101,
      "tp": 317,
      "fpr": 0.18578199052132702,
      "fnr": 0.24162679425837322,
      "gate_pass_rate": 0.8934147997284454,
      "gate_recall_on_fall": 0.937799043062201,
      "gate_fpr_on_non_fall": 0.875829383886256
    }
  },
  "test_per_source": {
    "WEDA": {
      "n_rows": 1475,
      "fall_ratio": 0.28067796610169493,
      "accuracy": 0.7694915254237288,
      "precision": 0.5644599303135889,
      "recall": 0.782608695652174,
      "f1": 0.6558704453441295,
      "pr_auc": 0.751928088628355,
      "roc_auc": 0.8427049042239797,
      "tn": 811,
      "fp": 250,
      "fn": 90,
      "tp": 324,
      "fpr": 0.235626767200754,
      "fnr": 0.21739130434782608,
      "gate_pass_rate": 0.9349152542372882,
      "gate_recall_on_fall": 0.9516908212560387,
      "gate_fpr_on_non_fall": 0.9283694627709708
    }
  }
}