{
  "config": {
    "gate_feature": "acc_mag_std",
    "gate_threshold": 0.027832869085217017,
    "gate_op": ">=",
    "decision_threshold": 0.48999999999999994,
    "min_gate_recall_requested": 0.9,
    "gate_source_for_search": "ALL",
    "drop_source": false,
    "rf_trees": 40,
    "rf_max_depth": 10,
    "rf_min_samples_leaf": 6,
    "random_state": 42,
    "n_stage2_train_rows": 7677,
    "n_stage2_train_fall": 2238,
    "n_stage2_train_non_fall": 5439
  },
  "validation": {
    "n_rows": 2280,
    "fall_ratio": 0.2425438596491228,
    "accuracy": 0.8293859649122807,
    "precision": 0.6529850746268657,
    "recall": 0.6329113924050633,
    "f1": 0.642791551882461,
    "pr_auc": 0.7128731673768445,
    "roc_auc": 0.8300594430966114,
    "tn": 1541,
    "fp": 186,
    "fn": 203,
    "tp": 350,
    "fpr": 0.10770121598147075,
    "fnr": 0.3670886075949367,
    "gate_pass_rate": 0.7526315789473684,
    "gate_recall_on_fall": 0.9041591320072333,
    "gate_fpr_on_non_fall": 0.704111175448755
  },
  "test": {
    "n_rows": 1475,
    "fall_ratio": 0.28067796610169493,
    "accuracy": 0.831864406779661,
    "precision": 0.6693877551020408,
    "recall": 0.7922705314009661,
    "f1": 0.7256637168141593,
    "pr_auc": 0.8080189328259463,
    "roc_auc": 0.899953102305272,
    "tn": 899,
    "fp": 162,
    "fn": 86,
    "tp": 328,
    "fpr": 0.1526861451460886,
    "fnr": 0.20772946859903382,
    "gate_pass_rate": 1.0,
    "gate_recall_on_fall": 1.0,
    "gate_fpr_on_non_fall": 1.0
  },
  "validation_per_source": {
    "UP": {
      "n_rows": 807,
      "fall_ratio": 0.16728624535315986,
      "accuracy": 0.79182156133829,
      "precision": 0.38620689655172413,
      "recall": 0.4148148148148148,
      "f1": 0.4,
      "pr_auc": 0.33162226038539844,
      "roc_auc": 0.6948688271604938,
      "tn": 583,
      "fp": 89,
      "fn": 79,
      "tp": 56,
      "fpr": 0.1324404761904762,
      "fnr": 0.5851851851851851,
      "gate_pass_rate": 0.30111524163568776,
      "gate_recall_on_fall": 0.6074074074074074,
      "gate_fpr_on_non_fall": 0.23958333333333334
    },
    "WEDA": {
      "n_rows": 1473,
      "fall_ratio": 0.2837746096401901,
      "accuracy": 0.8499660556687033,
      "precision": 0.7519181585677749,
      "recall": 0.7033492822966507,
      "f1": 0.7268232385661311,
      "pr_auc": 0.8187808415759096,
      "roc_auc": 0.8925894011202069,
      "tn": 958,
      "fp": 97,
      "fn": 124,
      "tp": 294,
      "fpr": 0.09194312796208531,
      "fnr": 0.2966507177033493,
      "gate_pass_rate": 1.0,
      "gate_recall_on_fall": 1.0,
      "gate_fpr_on_non_fall": 1.0
    }
  },
  "test_per_source": {
    "WEDA": {
      "n_rows": 1475,
      "fall_ratio": 0.28067796610169493,
      "accuracy": 0.831864406779661,
      "precision": 0.6693877551020408,
      "recall": 0.7922705314009661,
      "f1": 0.7256637168141593,
      "pr_auc": 0.8080189328259463,
      "roc_auc": 0.899953102305272,
      "tn": 899,
      "fp": 162,
      "fn": 86,
      "tp": 328,
      "fpr": 0.1526861451460886,
      "fnr": 0.20772946859903382,
      "gate_pass_rate": 1.0,
      "gate_recall_on_fall": 1.0,
      "gate_fpr_on_non_fall": 1.0
    }
  }
}