{
  "config": {
    "gate_feature": "gyro_mag_mean",
    "gate_threshold": 3.0909158145027127,
    "gate_op": "<=",
    "decision_threshold": 0.4499999999999999,
    "min_gate_recall_requested": 0.95,
    "gate_source_for_search": "WEDA",
    "drop_source": false,
    "rf_trees": 20,
    "rf_max_depth": 8,
    "rf_min_samples_leaf": 5,
    "random_state": 42,
    "n_stage2_train_rows": 7030,
    "n_stage2_train_fall": 1978,
    "n_stage2_train_non_fall": 5052
  },
  "validation": {
    "n_rows": 2280,
    "fall_ratio": 0.2425438596491228,
    "accuracy": 0.8192982456140351,
    "precision": 0.6591422121896162,
    "recall": 0.5280289330922242,
    "f1": 0.5863453815261044,
    "pr_auc": 0.6422520346385885,
    "roc_auc": 0.7215467351321581,
    "tn": 1576,
    "fp": 151,
    "fn": 261,
    "tp": 292,
    "fpr": 0.08743485813549508,
    "fnr": 0.4719710669077758,
    "gate_pass_rate": 0.7271929824561404,
    "gate_recall_on_fall": 0.7486437613019892,
    "gate_fpr_on_non_fall": 0.7203242617255357
  },
  "test": {
    "n_rows": 1475,
    "fall_ratio": 0.28067796610169493,
    "accuracy": 0.8027118644067797,
    "precision": 0.6136783733826248,
    "recall": 0.8019323671497585,
    "f1": 0.6952879581151833,
    "pr_auc": 0.7945544821463162,
    "roc_auc": 0.872800247692679,
    "tn": 852,
    "fp": 209,
    "fn": 82,
    "tp": 332,
    "fpr": 0.19698397737983034,
    "fnr": 0.19806763285024154,
    "gate_pass_rate": 0.9559322033898305,
    "gate_recall_on_fall": 0.9710144927536232,
    "gate_fpr_on_non_fall": 0.9500471253534402
  },
  "validation_per_source": {
    "UP": {
      "n_rows": 807,
      "fall_ratio": 0.16728624535315986,
      "accuracy": 0.8314745972738538,
      "precision": 0.42857142857142855,
      "recall": 0.022222222222222223,
      "f1": 0.04225352112676056,
      "pr_auc": 0.17660062145457225,
      "roc_auc": 0.3455191798941799,
      "tn": 668,
      "fp": 4,
      "fn": 132,
      "tp": 3,
      "fpr": 0.005952380952380952,
      "fnr": 0.9777777777777777,
      "gate_pass_rate": 0.3952912019826518,
      "gate_recall_on_fall": 0.11851851851851852,
      "gate_fpr_on_non_fall": 0.45089285714285715
    },
    "WEDA": {
      "n_rows": 1473,
      "fall_ratio": 0.2837746096401901,
      "accuracy": 0.8126272912423625,
      "precision": 0.6628440366972477,
      "recall": 0.6913875598086124,
      "f1": 0.6768149882903981,
      "pr_auc": 0.7726480611841277,
      "roc_auc": 0.8540805913966303,
      "tn": 908,
      "fp": 147,
      "fn": 129,
      "tp": 289,
      "fpr": 0.13933649289099526,
      "fnr": 0.30861244019138756,
      "gate_pass_rate": 0.9090291921249152,
      "gate_recall_on_fall": 0.9521531100478469,
      "gate_fpr_on_non_fall": 0.8919431279620853
    }
  },
  "test_per_source": {
    "WEDA": {
      "n_rows": 1475,
      "fall_ratio": 0.28067796610169493,
      "accuracy": 0.8027118644067797,
      "precision": 0.6136783733826248,
      "recall": 0.8019323671497585,
      "f1": 0.6952879581151833,
      "pr_auc": 0.7945544821463162,
      "roc_auc": 0.872800247692679,
      "tn": 852,
      "fp": 209,
      "fn": 82,
      "tp": 332,
      "fpr": 0.19698397737983034,
      "fnr": 0.19806763285024154,
      "gate_pass_rate": 0.9559322033898305,
      "gate_recall_on_fall": 0.9710144927536232,
      "gate_fpr_on_non_fall": 0.9500471253534402
    }
  }
}