{
  "config": {
    "gate_feature": "acc_mag_std",
    "gate_threshold": 0.0009261305055928696,
    "gate_op": ">=",
    "decision_threshold": 0.5449999999999999,
    "min_gate_recall_requested": 0.98,
    "gate_source_for_search": "ALL",
    "drop_source": false,
    "rf_trees": 20,
    "rf_max_depth": 8,
    "rf_min_samples_leaf": 5,
    "random_state": 42,
    "n_stage2_train_rows": 8695,
    "n_stage2_train_fall": 2391,
    "n_stage2_train_non_fall": 6304
  },
  "validation": {
    "n_rows": 2280,
    "fall_ratio": 0.2425438596491228,
    "accuracy": 0.8013157894736842,
    "precision": 0.5868055555555556,
    "recall": 0.6112115732368897,
    "f1": 0.5987599645704162,
    "pr_auc": 0.6686218008843935,
    "roc_auc": 0.8161488998786426,
    "tn": 1489,
    "fp": 238,
    "fn": 215,
    "tp": 338,
    "fpr": 0.13781123335263462,
    "fnr": 0.3887884267631103,
    "gate_pass_rate": 0.9267543859649123,
    "gate_recall_on_fall": 0.9819168173598554,
    "gate_fpr_on_non_fall": 0.9090909090909091
  },
  "test": {
    "n_rows": 1475,
    "fall_ratio": 0.28067796610169493,
    "accuracy": 0.8298305084745763,
    "precision": 0.6873563218390805,
    "recall": 0.7222222222222222,
    "f1": 0.7043580683156655,
    "pr_auc": 0.8059017638278715,
    "roc_auc": 0.8932348937061473,
    "tn": 925,
    "fp": 136,
    "fn": 115,
    "tp": 299,
    "fpr": 0.1281809613572102,
    "fnr": 0.2777777777777778,
    "gate_pass_rate": 1.0,
    "gate_recall_on_fall": 1.0,
    "gate_fpr_on_non_fall": 1.0
  },
  "validation_per_source": {
    "UP": {
      "n_rows": 807,
      "fall_ratio": 0.16728624535315986,
      "accuracy": 0.7199504337050805,
      "precision": 0.28837209302325584,
      "recall": 0.45925925925925926,
      "f1": 0.35428571428571426,
      "pr_auc": 0.3027404570471377,
      "roc_auc": 0.6192625661375661,
      "tn": 519,
      "fp": 153,
      "fn": 73,
      "tp": 62,
      "fpr": 0.22767857142857142,
      "fnr": 0.5407407407407407,
      "gate_pass_rate": 0.7930607187112764,
      "gate_recall_on_fall": 0.9259259259259259,
      "gate_fpr_on_non_fall": 0.7663690476190477
    },
    "WEDA": {
      "n_rows": 1473,
      "fall_ratio": 0.2837746096401901,
      "accuracy": 0.8458927359131025,
      "precision": 0.7645429362880887,
      "recall": 0.6602870813397129,
      "f1": 0.7086007702182285,
      "pr_auc": 0.8077461179662314,
      "roc_auc": 0.8984625501712057,
      "tn": 970,
      "fp": 85,
      "fn": 142,
      "tp": 276,
      "fpr": 0.08056872037914692,
      "fnr": 0.3397129186602871,
      "gate_pass_rate": 1.0,
      "gate_recall_on_fall": 1.0,
      "gate_fpr_on_non_fall": 1.0
    }
  },
  "test_per_source": {
    "WEDA": {
      "n_rows": 1475,
      "fall_ratio": 0.28067796610169493,
      "accuracy": 0.8298305084745763,
      "precision": 0.6873563218390805,
      "recall": 0.7222222222222222,
      "f1": 0.7043580683156655,
      "pr_auc": 0.8059017638278715,
      "roc_auc": 0.8932348937061473,
      "tn": 925,
      "fp": 136,
      "fn": 115,
      "tp": 299,
      "fpr": 0.1281809613572102,
      "fnr": 0.2777777777777778,
      "gate_pass_rate": 1.0,
      "gate_recall_on_fall": 1.0,
      "gate_fpr_on_non_fall": 1.0
    }
  }
}