{
  "config": {
    "gate_feature": "acc_mag_std",
    "gate_threshold": 0.027832869085217017,
    "gate_op": ">=",
    "decision_threshold": 0.38499999999999995,
    "min_gate_recall_requested": 0.9,
    "drop_source": false,
    "rf_trees": 400,
    "random_state": 42,
    "n_stage2_train_rows": 7677,
    "n_stage2_train_fall": 2238,
    "n_stage2_train_non_fall": 5439
  },
  "validation": {
    "n_rows": 2280,
    "fall_ratio": 0.2425438596491228,
    "accuracy": 0.8228070175438597,
    "precision": 0.6286701208981001,
    "recall": 0.6582278481012658,
    "f1": 0.6431095406360424,
    "pr_auc": 0.7174582557882051,
    "roc_auc": 0.8350728929218005,
    "tn": 1512,
    "fp": 215,
    "fn": 189,
    "tp": 364,
    "fpr": 0.12449334105385061,
    "fnr": 0.34177215189873417,
    "gate_pass_rate": 0.7526315789473684,
    "gate_recall_on_fall": 0.9041591320072333,
    "gate_fpr_on_non_fall": 0.704111175448755
  },
  "test": {
    "n_rows": 1475,
    "fall_ratio": 0.28067796610169493,
    "accuracy": 0.8427118644067797,
    "precision": 0.6887966804979253,
    "recall": 0.8019323671497585,
    "f1": 0.7410714285714286,
    "pr_auc": 0.8279215413146965,
    "roc_auc": 0.9123627787111784,
    "tn": 911,
    "fp": 150,
    "fn": 82,
    "tp": 332,
    "fpr": 0.1413760603204524,
    "fnr": 0.19806763285024154,
    "gate_pass_rate": 1.0,
    "gate_recall_on_fall": 1.0,
    "gate_fpr_on_non_fall": 1.0
  },
  "validation_per_source": {
    "UP": {
      "n_rows": 807,
      "fall_ratio": 0.16728624535315986,
      "accuracy": 0.7620817843866171,
      "precision": 0.3333333333333333,
      "recall": 0.4222222222222222,
      "f1": 0.37254901960784315,
      "pr_auc": 0.31947969492325046,
      "roc_auc": 0.690922619047619,
      "tn": 558,
      "fp": 114,
      "fn": 78,
      "tp": 57,
      "fpr": 0.16964285714285715,
      "fnr": 0.5777777777777777,
      "gate_pass_rate": 0.30111524163568776,
      "gate_recall_on_fall": 0.6074074074074074,
      "gate_fpr_on_non_fall": 0.23958333333333334
    },
    "WEDA": {
      "n_rows": 1473,
      "fall_ratio": 0.2837746096401901,
      "accuracy": 0.8560760353021045,
      "precision": 0.7524509803921569,
      "recall": 0.7344497607655502,
      "f1": 0.7433414043583535,
      "pr_auc": 0.8331976684621116,
      "roc_auc": 0.9051021565114856,
      "tn": 954,
      "fp": 101,
      "fn": 111,
      "tp": 307,
      "fpr": 0.09573459715639811,
      "fnr": 0.26555023923444976,
      "gate_pass_rate": 1.0,
      "gate_recall_on_fall": 1.0,
      "gate_fpr_on_non_fall": 1.0
    }
  },
  "test_per_source": {
    "WEDA": {
      "n_rows": 1475,
      "fall_ratio": 0.28067796610169493,
      "accuracy": 0.8427118644067797,
      "precision": 0.6887966804979253,
      "recall": 0.8019323671497585,
      "f1": 0.7410714285714286,
      "pr_auc": 0.8279215413146965,
      "roc_auc": 0.9123627787111784,
      "tn": 911,
      "fp": 150,
      "fn": 82,
      "tp": 332,
      "fpr": 0.1413760603204524,
      "fnr": 0.19806763285024154,
      "gate_pass_rate": 1.0,
      "gate_recall_on_fall": 1.0,
      "gate_fpr_on_non_fall": 1.0
    }
  }
}