{
  "config": {
    "gate_feature": "acc_mag_std",
    "gate_threshold": 0.027832869085217017,
    "gate_op": ">=",
    "decision_threshold": 0.43499999999999994,
    "min_gate_recall_requested": 0.9,
    "gate_source_for_search": "ALL",
    "drop_source": false,
    "rf_trees": 20,
    "rf_max_depth": 8,
    "rf_min_samples_leaf": 6,
    "random_state": 42,
    "n_stage2_train_rows": 7677,
    "n_stage2_train_fall": 2238,
    "n_stage2_train_non_fall": 5439
  },
  "validation": {
    "n_rows": 2280,
    "fall_ratio": 0.2425438596491228,
    "accuracy": 0.8197368421052632,
    "precision": 0.61198738170347,
    "recall": 0.701627486437613,
    "f1": 0.6537489469250211,
    "pr_auc": 0.7158552606190706,
    "roc_auc": 0.8302144118882007,
    "tn": 1481,
    "fp": 246,
    "fn": 165,
    "tp": 388,
    "fpr": 0.14244354371742907,
    "fnr": 0.298372513562387,
    "gate_pass_rate": 0.7526315789473684,
    "gate_recall_on_fall": 0.9041591320072333,
    "gate_fpr_on_non_fall": 0.704111175448755
  },
  "test": {
    "n_rows": 1475,
    "fall_ratio": 0.28067796610169493,
    "accuracy": 0.8054237288135593,
    "precision": 0.6156648451730419,
    "recall": 0.8164251207729468,
    "f1": 0.7019730010384216,
    "pr_auc": 0.8013237764083958,
    "roc_auc": 0.8922468548948899,
    "tn": 850,
    "fp": 211,
    "fn": 76,
    "tp": 338,
    "fpr": 0.1988689915174364,
    "fnr": 0.18357487922705315,
    "gate_pass_rate": 1.0,
    "gate_recall_on_fall": 1.0,
    "gate_fpr_on_non_fall": 1.0
  },
  "validation_per_source": {
    "UP": {
      "n_rows": 807,
      "fall_ratio": 0.16728624535315986,
      "accuracy": 0.7967781908302355,
      "precision": 0.4110429447852761,
      "recall": 0.4962962962962963,
      "f1": 0.44966442953020136,
      "pr_auc": 0.36514291755299544,
      "roc_auc": 0.7059248236331569,
      "tn": 576,
      "fp": 96,
      "fn": 68,
      "tp": 67,
      "fpr": 0.14285714285714285,
      "fnr": 0.5037037037037037,
      "gate_pass_rate": 0.30111524163568776,
      "gate_recall_on_fall": 0.6074074074074074,
      "gate_fpr_on_non_fall": 0.23958333333333334
    },
    "WEDA": {
      "n_rows": 1473,
      "fall_ratio": 0.2837746096401901,
      "accuracy": 0.8323150033944331,
      "precision": 0.6815286624203821,
      "recall": 0.7679425837320574,
      "f1": 0.7221597300337458,
      "pr_auc": 0.8068048354491962,
      "roc_auc": 0.8855506927594732,
      "tn": 905,
      "fp": 150,
      "fn": 97,
      "tp": 321,
      "fpr": 0.14218009478672985,
      "fnr": 0.23205741626794257,
      "gate_pass_rate": 1.0,
      "gate_recall_on_fall": 1.0,
      "gate_fpr_on_non_fall": 1.0
    }
  },
  "test_per_source": {
    "WEDA": {
      "n_rows": 1475,
      "fall_ratio": 0.28067796610169493,
      "accuracy": 0.8054237288135593,
      "precision": 0.6156648451730419,
      "recall": 0.8164251207729468,
      "f1": 0.7019730010384216,
      "pr_auc": 0.8013237764083958,
      "roc_auc": 0.8922468548948899,
      "tn": 850,
      "fp": 211,
      "fn": 76,
      "tp": 338,
      "fpr": 0.1988689915174364,
      "fnr": 0.18357487922705315,
      "gate_pass_rate": 1.0,
      "gate_recall_on_fall": 1.0,
      "gate_fpr_on_non_fall": 1.0
    }
  }
}