{
    "accuracy": 0.9160447761194029,
    "precision": 0.8679867986798679,
    "recall": 0.9813432835820896,
    "f1": 0.9211908931698775,
    "false_alarm_rate": 0.14925373134328357,
    "miss_rate": 0.018656716417910446
}