{
  "config": {
    "gate_feature": "acc_mag_std",
    "gate_threshold": 0.027832869085217017,
    "gate_op": ">=",
    "decision_threshold": 0.49499999999999994,
    "min_gate_recall_requested": 0.9,
    "gate_source_for_search": "ALL",
    "drop_source": true,
    "rf_trees": 50,
    "rf_max_depth": 10,
    "rf_min_samples_leaf": 4,
    "random_state": 42,
    "n_stage2_train_rows": 7677,
    "n_stage2_train_fall": 2238,
    "n_stage2_train_non_fall": 5439
  },
  "validation": {
    "n_rows": 2280,
    "fall_ratio": 0.2425438596491228,
    "accuracy": 0.8293859649122807,
    "precision": 0.6541353383458647,
    "recall": 0.6292947558770343,
    "f1": 0.6414746543778802,
    "pr_auc": 0.716081348860974,
    "roc_auc": 0.833237350410615,
    "tn": 1543,
    "fp": 184,
    "fn": 205,
    "tp": 348,
    "fpr": 0.10654313839027214,
    "fnr": 0.3707052441229656,
    "gate_pass_rate": 0.7526315789473684,
    "gate_recall_on_fall": 0.9041591320072333,
    "gate_fpr_on_non_fall": 0.704111175448755
  },
  "test": {
    "n_rows": 1475,
    "fall_ratio": 0.28067796610169493,
    "accuracy": 0.8359322033898305,
    "precision": 0.6853448275862069,
    "recall": 0.7681159420289855,
    "f1": 0.724373576309795,
    "pr_auc": 0.8060350818751996,
    "roc_auc": 0.9010549704726651,
    "tn": 915,
    "fp": 146,
    "fn": 96,
    "tp": 318,
    "fpr": 0.13760603204524033,
    "fnr": 0.2318840579710145,
    "gate_pass_rate": 1.0,
    "gate_recall_on_fall": 1.0,
    "gate_fpr_on_non_fall": 1.0
  },
  "validation_per_source": {
    "UP": {
      "n_rows": 807,
      "fall_ratio": 0.16728624535315986,
      "accuracy": 0.7930607187112764,
      "precision": 0.3873239436619718,
      "recall": 0.4074074074074074,
      "f1": 0.3971119133574007,
      "pr_auc": 0.34813322393510104,
      "roc_auc": 0.6988811728395061,
      "tn": 585,
      "fp": 87,
      "fn": 80,
      "tp": 55,
      "fpr": 0.12946428571428573,
      "fnr": 0.5925925925925926,
      "gate_pass_rate": 0.30111524163568776,
      "gate_recall_on_fall": 0.6074074074074074,
      "gate_fpr_on_non_fall": 0.23958333333333334
    },
    "WEDA": {
      "n_rows": 1473,
      "fall_ratio": 0.2837746096401901,
      "accuracy": 0.8492871690427699,
      "precision": 0.7512820512820513,
      "recall": 0.7009569377990431,
      "f1": 0.7252475247524752,
      "pr_auc": 0.8202341737032781,
      "roc_auc": 0.8982584639107464,
      "tn": 958,
      "fp": 97,
      "fn": 125,
      "tp": 293,
      "fpr": 0.09194312796208531,
      "fnr": 0.29904306220095694,
      "gate_pass_rate": 1.0,
      "gate_recall_on_fall": 1.0,
      "gate_fpr_on_non_fall": 1.0
    }
  },
  "test_per_source": {
    "WEDA": {
      "n_rows": 1475,
      "fall_ratio": 0.28067796610169493,
      "accuracy": 0.8359322033898305,
      "precision": 0.6853448275862069,
      "recall": 0.7681159420289855,
      "f1": 0.724373576309795,
      "pr_auc": 0.8060350818751996,
      "roc_auc": 0.9010549704726651,
      "tn": 915,
      "fp": 146,
      "fn": 96,
      "tp": 318,
      "fpr": 0.13760603204524033,
      "fnr": 0.2318840579710145,
      "gate_pass_rate": 1.0,
      "gate_recall_on_fall": 1.0,
      "gate_fpr_on_non_fall": 1.0
    }
  }
}