{
  "config": {
    "gate_feature": "acc_mag_std",
    "gate_threshold": 0.027832869085217017,
    "gate_op": ">=",
    "decision_threshold": 0.44499999999999995,
    "min_gate_recall_requested": 0.9,
    "gate_source_for_search": "ALL",
    "drop_source": false,
    "rf_trees": 50,
    "rf_max_depth": 10,
    "rf_min_samples_leaf": 4,
    "random_state": 42,
    "n_stage2_train_rows": 7677,
    "n_stage2_train_fall": 2238,
    "n_stage2_train_non_fall": 5439
  },
  "validation": {
    "n_rows": 2280,
    "fall_ratio": 0.2425438596491228,
    "accuracy": 0.8236842105263158,
    "precision": 0.6256239600665557,
    "recall": 0.6799276672694394,
    "f1": 0.6516464471403813,
    "pr_auc": 0.7238558746471079,
    "roc_auc": 0.8358037592496999,
    "tn": 1502,
    "fp": 225,
    "fn": 177,
    "tp": 376,
    "fpr": 0.13028372900984367,
    "fnr": 0.32007233273056057,
    "gate_pass_rate": 0.7526315789473684,
    "gate_recall_on_fall": 0.9041591320072333,
    "gate_fpr_on_non_fall": 0.704111175448755
  },
  "test": {
    "n_rows": 1475,
    "fall_ratio": 0.28067796610169493,
    "accuracy": 0.8244067796610169,
    "precision": 0.6516634050880626,
    "recall": 0.8043478260869565,
    "f1": 0.72,
    "pr_auc": 0.8199585776259195,
    "roc_auc": 0.9050367213502892,
    "tn": 883,
    "fp": 178,
    "fn": 81,
    "tp": 333,
    "fpr": 0.16776625824693686,
    "fnr": 0.1956521739130435,
    "gate_pass_rate": 1.0,
    "gate_recall_on_fall": 1.0,
    "gate_fpr_on_non_fall": 1.0
  },
  "validation_per_source": {
    "UP": {
      "n_rows": 807,
      "fall_ratio": 0.16728624535315986,
      "accuracy": 0.7843866171003717,
      "precision": 0.38461538461538464,
      "recall": 0.48148148148148145,
      "f1": 0.4276315789473684,
      "pr_auc": 0.3668467669114581,
      "roc_auc": 0.7033454585537918,
      "tn": 568,
      "fp": 104,
      "fn": 70,
      "tp": 65,
      "fpr": 0.15476190476190477,
      "fnr": 0.5185185185185185,
      "gate_pass_rate": 0.30111524163568776,
      "gate_recall_on_fall": 0.6074074074074074,
      "gate_fpr_on_non_fall": 0.23958333333333334
    },
    "WEDA": {
      "n_rows": 1473,
      "fall_ratio": 0.2837746096401901,
      "accuracy": 0.845213849287169,
      "precision": 0.7199074074074074,
      "recall": 0.7440191387559809,
      "f1": 0.731764705882353,
      "pr_auc": 0.8233961996890868,
      "roc_auc": 0.899936506496746,
      "tn": 934,
      "fp": 121,
      "fn": 107,
      "tp": 311,
      "fpr": 0.11469194312796209,
      "fnr": 0.25598086124401914,
      "gate_pass_rate": 1.0,
      "gate_recall_on_fall": 1.0,
      "gate_fpr_on_non_fall": 1.0
    }
  },
  "test_per_source": {
    "WEDA": {
      "n_rows": 1475,
      "fall_ratio": 0.28067796610169493,
      "accuracy": 0.8244067796610169,
      "precision": 0.6516634050880626,
      "recall": 0.8043478260869565,
      "f1": 0.72,
      "pr_auc": 0.8199585776259195,
      "roc_auc": 0.9050367213502892,
      "tn": 883,
      "fp": 178,
      "fn": 81,
      "tp": 333,
      "fpr": 0.16776625824693686,
      "fnr": 0.1956521739130435,
      "gate_pass_rate": 1.0,
      "gate_recall_on_fall": 1.0,
      "gate_fpr_on_non_fall": 1.0
    }
  }
}