{
  "config": {
    "gate_feature": "acc_mag_std",
    "gate_threshold": 0.0544426346780879,
    "gate_op": ">=",
    "decision_threshold": 0.48999999999999994,
    "min_gate_recall_requested": 0.85,
    "gate_source_for_search": "ALL",
    "drop_source": false,
    "rf_trees": 8,
    "rf_max_depth": 6,
    "rf_min_samples_leaf": 6,
    "random_state": 42,
    "n_stage2_train_rows": 7353,
    "n_stage2_train_fall": 2149,
    "n_stage2_train_non_fall": 5204
  },
  "validation": {
    "n_rows": 2280,
    "fall_ratio": 0.2425438596491228,
    "accuracy": 0.8192982456140351,
    "precision": 0.6279491833030852,
    "recall": 0.6256781193490054,
    "f1": 0.6268115942028986,
    "pr_auc": 0.6831496364813142,
    "roc_auc": 0.8025462000709924,
    "tn": 1522,
    "fp": 205,
    "fn": 207,
    "tp": 346,
    "fpr": 0.11870295309785756,
    "fnr": 0.3743218806509946,
    "gate_pass_rate": 0.7092105263157895,
    "gate_recall_on_fall": 0.8589511754068716,
    "gate_fpr_on_non_fall": 0.6612623045744065
  },
  "test": {
    "n_rows": 1475,
    "fall_ratio": 0.28067796610169493,
    "accuracy": 0.8074576271186441,
    "precision": 0.6365546218487395,
    "recall": 0.7318840579710145,
    "f1": 0.6808988764044944,
    "pr_auc": 0.7596716718642814,
    "roc_auc": 0.852925642111398,
    "tn": 888,
    "fp": 173,
    "fn": 111,
    "tp": 303,
    "fpr": 0.16305372290292178,
    "fnr": 0.26811594202898553,
    "gate_pass_rate": 0.9871186440677966,
    "gate_recall_on_fall": 0.9855072463768116,
    "gate_fpr_on_non_fall": 0.9877474081055608
  },
  "validation_per_source": {
    "UP": {
      "n_rows": 807,
      "fall_ratio": 0.16728624535315986,
      "accuracy": 0.8203221809169765,
      "precision": 0.4596774193548387,
      "recall": 0.4222222222222222,
      "f1": 0.44015444015444016,
      "pr_auc": 0.39060770291463,
      "roc_auc": 0.6926091269841269,
      "tn": 605,
      "fp": 67,
      "fn": 78,
      "tp": 57,
      "fpr": 0.09970238095238096,
      "fnr": 0.5777777777777777,
      "gate_pass_rate": 0.19950433705080545,
      "gate_recall_on_fall": 0.5037037037037037,
      "gate_fpr_on_non_fall": 0.13839285714285715
    },
    "WEDA": {
      "n_rows": 1473,
      "fall_ratio": 0.2837746096401901,
      "accuracy": 0.8187372708757638,
      "precision": 0.6768149882903981,
      "recall": 0.6913875598086124,
      "f1": 0.6840236686390533,
      "pr_auc": 0.7604369809653152,
      "roc_auc": 0.8501655366334837,
      "tn": 917,
      "fp": 138,
      "fn": 129,
      "tp": 289,
      "fpr": 0.13080568720379146,
      "fnr": 0.30861244019138756,
      "gate_pass_rate": 0.988458927359131,
      "gate_recall_on_fall": 0.9736842105263158,
      "gate_fpr_on_non_fall": 0.9943127962085309
    }
  },
  "test_per_source": {
    "WEDA": {
      "n_rows": 1475,
      "fall_ratio": 0.28067796610169493,
      "accuracy": 0.8074576271186441,
      "precision": 0.6365546218487395,
      "recall": 0.7318840579710145,
      "f1": 0.6808988764044944,
      "pr_auc": 0.7596716718642814,
      "roc_auc": 0.852925642111398,
      "tn": 888,
      "fp": 173,
      "fn": 111,
      "tp": 303,
      "fpr": 0.16305372290292178,
      "fnr": 0.26811594202898553,
      "gate_pass_rate": 0.9871186440677966,
      "gate_recall_on_fall": 0.9855072463768116,
      "gate_fpr_on_non_fall": 0.9877474081055608
    }
  }
}