{
  "config": {
    "gate_feature": "gyro_mag_mean",
    "gate_threshold": 2.616948366191887,
    "gate_op": "<=",
    "decision_threshold": 0.4099999999999999,
    "min_gate_recall_requested": 0.9,
    "gate_source_for_search": "WEDA",
    "drop_source": false,
    "rf_trees": 8,
    "rf_max_depth": 6,
    "rf_min_samples_leaf": 5,
    "random_state": 42,
    "n_stage2_train_rows": 6614,
    "n_stage2_train_fall": 1845,
    "n_stage2_train_non_fall": 4769
  },
  "validation": {
    "n_rows": 2280,
    "fall_ratio": 0.2425438596491228,
    "accuracy": 0.7916666666666666,
    "precision": 0.5703971119133574,
    "recall": 0.5714285714285714,
    "f1": 0.5709123757904245,
    "pr_auc": 0.6039375200820819,
    "roc_auc": 0.6953172200692961,
    "tn": 1489,
    "fp": 238,
    "fn": 237,
    "tp": 316,
    "fpr": 0.13781123335263462,
    "fnr": 0.42857142857142855,
    "gate_pass_rate": 0.6951754385964912,
    "gate_recall_on_fall": 0.7088607594936709,
    "gate_fpr_on_non_fall": 0.690793283149971
  },
  "test": {
    "n_rows": 1475,
    "fall_ratio": 0.28067796610169493,
    "accuracy": 0.7606779661016949,
    "precision": 0.5532286212914486,
    "recall": 0.7657004830917874,
    "f1": 0.6423505572441742,
    "pr_auc": 0.741492267638669,
    "roc_auc": 0.8284933091104463,
    "tn": 805,
    "fp": 256,
    "fn": 97,
    "tp": 317,
    "fpr": 0.2412818096135721,
    "fnr": 0.23429951690821257,
    "gate_pass_rate": 0.9057627118644068,
    "gate_recall_on_fall": 0.9299516908212561,
    "gate_fpr_on_non_fall": 0.8963242224316682
  },
  "validation_per_source": {
    "UP": {
      "n_rows": 807,
      "fall_ratio": 0.16728624535315986,
      "accuracy": 0.8252788104089219,
      "precision": 0.3333333333333333,
      "recall": 0.044444444444444446,
      "f1": 0.0784313725490196,
      "pr_auc": 0.1873417554236967,
      "roc_auc": 0.3583278218694885,
      "tn": 660,
      "fp": 12,
      "fn": 129,
      "tp": 6,
      "fpr": 0.017857142857142856,
      "fnr": 0.9555555555555556,
      "gate_pass_rate": 0.37298636926889717,
      "gate_recall_on_fall": 0.1111111111111111,
      "gate_fpr_on_non_fall": 0.4255952380952381
    },
    "WEDA": {
      "n_rows": 1473,
      "fall_ratio": 0.2837746096401901,
      "accuracy": 0.7732518669382213,
      "precision": 0.5783582089552238,
      "recall": 0.7416267942583732,
      "f1": 0.649895178197065,
      "pr_auc": 0.7198748429514523,
      "roc_auc": 0.8076124175151363,
      "tn": 829,
      "fp": 226,
      "fn": 108,
      "tp": 310,
      "fpr": 0.21421800947867298,
      "fnr": 0.2583732057416268,
      "gate_pass_rate": 0.8716904276985743,
      "gate_recall_on_fall": 0.9019138755980861,
      "gate_fpr_on_non_fall": 0.8597156398104265
    }
  },
  "test_per_source": {
    "WEDA": {
      "n_rows": 1475,
      "fall_ratio": 0.28067796610169493,
      "accuracy": 0.7606779661016949,
      "precision": 0.5532286212914486,
      "recall": 0.7657004830917874,
      "f1": 0.6423505572441742,
      "pr_auc": 0.741492267638669,
      "roc_auc": 0.8284933091104463,
      "tn": 805,
      "fp": 256,
      "fn": 97,
      "tp": 317,
      "fpr": 0.2412818096135721,
      "fnr": 0.23429951690821257,
      "gate_pass_rate": 0.9057627118644068,
      "gate_recall_on_fall": 0.9299516908212561,
      "gate_fpr_on_non_fall": 0.8963242224316682
    }
  }
}