{
  "config": {
    "gate_feature": "acc_mag_std",
    "gate_threshold": 0.008592049936601925,
    "gate_op": ">=",
    "decision_threshold": 0.5449999999999999,
    "min_gate_recall_requested": 0.93,
    "gate_source_for_search": "ALL",
    "drop_source": false,
    "rf_trees": 8,
    "rf_max_depth": 6,
    "rf_min_samples_leaf": 8,
    "random_state": 42,
    "n_stage2_train_rows": 8093,
    "n_stage2_train_fall": 2308,
    "n_stage2_train_non_fall": 5785
  },
  "validation": {
    "n_rows": 2280,
    "fall_ratio": 0.2425438596491228,
    "accuracy": 0.8162280701754386,
    "precision": 0.6345381526104418,
    "recall": 0.5714285714285714,
    "f1": 0.6013320647002854,
    "pr_auc": 0.6718121121634457,
    "roc_auc": 0.8171844683575715,
    "tn": 1545,
    "fp": 182,
    "fn": 237,
    "tp": 316,
    "fpr": 0.10538506079907353,
    "fnr": 0.42857142857142855,
    "gate_pass_rate": 0.8057017543859649,
    "gate_recall_on_fall": 0.9312839059674503,
    "gate_fpr_on_non_fall": 0.7654892877822814
  },
  "test": {
    "n_rows": 1475,
    "fall_ratio": 0.28067796610169493,
    "accuracy": 0.8115254237288135,
    "precision": 0.6478260869565218,
    "recall": 0.7198067632850241,
    "f1": 0.6819221967963387,
    "pr_auc": 0.7508576935616958,
    "roc_auc": 0.8603461778378798,
    "tn": 899,
    "fp": 162,
    "fn": 116,
    "tp": 298,
    "fpr": 0.1526861451460886,
    "fnr": 0.28019323671497587,
    "gate_pass_rate": 1.0,
    "gate_recall_on_fall": 1.0,
    "gate_fpr_on_non_fall": 1.0
  },
  "validation_per_source": {
    "UP": {
      "n_rows": 807,
      "fall_ratio": 0.16728624535315986,
      "accuracy": 0.7980173482032218,
      "precision": 0.37037037037037035,
      "recall": 0.2962962962962963,
      "f1": 0.3292181069958848,
      "pr_auc": 0.3062030381474261,
      "roc_auc": 0.6640376984126983,
      "tn": 604,
      "fp": 68,
      "fn": 95,
      "tp": 40,
      "fpr": 0.10119047619047619,
      "fnr": 0.7037037037037037,
      "gate_pass_rate": 0.4510532837670384,
      "gate_recall_on_fall": 0.7185185185185186,
      "gate_fpr_on_non_fall": 0.39732142857142855
    },
    "WEDA": {
      "n_rows": 1473,
      "fall_ratio": 0.2837746096401901,
      "accuracy": 0.8262050237610319,
      "precision": 0.7076923076923077,
      "recall": 0.6602870813397129,
      "f1": 0.6831683168316832,
      "pr_auc": 0.7748764728433457,
      "roc_auc": 0.8794031610694121,
      "tn": 941,
      "fp": 114,
      "fn": 142,
      "tp": 276,
      "fpr": 0.1080568720379147,
      "fnr": 0.3397129186602871,
      "gate_pass_rate": 1.0,
      "gate_recall_on_fall": 1.0,
      "gate_fpr_on_non_fall": 1.0
    }
  },
  "test_per_source": {
    "WEDA": {
      "n_rows": 1475,
      "fall_ratio": 0.28067796610169493,
      "accuracy": 0.8115254237288135,
      "precision": 0.6478260869565218,
      "recall": 0.7198067632850241,
      "f1": 0.6819221967963387,
      "pr_auc": 0.7508576935616958,
      "roc_auc": 0.8603461778378798,
      "tn": 899,
      "fp": 162,
      "fn": 116,
      "tp": 298,
      "fpr": 0.1526861451460886,
      "fnr": 0.28019323671497587,
      "gate_pass_rate": 1.0,
      "gate_recall_on_fall": 1.0,
      "gate_fpr_on_non_fall": 1.0
    }
  }
}