{
  "config": {
    "gate_feature": "gyro_mag_mean",
    "gate_threshold": 2.616948366191887,
    "gate_op": "<=",
    "decision_threshold": 0.5549999999999999,
    "min_gate_recall_requested": 0.9,
    "gate_source_for_search": "WEDA",
    "drop_source": false,
    "rf_trees": 8,
    "rf_max_depth": 6,
    "rf_min_samples_leaf": 6,
    "random_state": 42,
    "n_stage2_train_rows": 6614,
    "n_stage2_train_fall": 1845,
    "n_stage2_train_non_fall": 4769
  },
  "validation": {
    "n_rows": 2280,
    "fall_ratio": 0.2425438596491228,
    "accuracy": 0.8153508771929825,
    "precision": 0.6764705882352942,
    "recall": 0.45750452079566006,
    "f1": 0.5458468176914779,
    "pr_auc": 0.5818686421906569,
    "roc_auc": 0.6811998772814705,
    "tn": 1606,
    "fp": 121,
    "fn": 300,
    "tp": 253,
    "fpr": 0.07006369426751592,
    "fnr": 0.5424954792043399,
    "gate_pass_rate": 0.6951754385964912,
    "gate_recall_on_fall": 0.7088607594936709,
    "gate_fpr_on_non_fall": 0.690793283149971
  },
  "test": {
    "n_rows": 1475,
    "fall_ratio": 0.28067796610169493,
    "accuracy": 0.8203389830508474,
    "precision": 0.683046683046683,
    "recall": 0.6714975845410628,
    "f1": 0.6772228989037758,
    "pr_auc": 0.7370962305511266,
    "roc_auc": 0.8269019747116702,
    "tn": 932,
    "fp": 129,
    "fn": 136,
    "tp": 278,
    "fpr": 0.12158341187558906,
    "fnr": 0.3285024154589372,
    "gate_pass_rate": 0.9057627118644068,
    "gate_recall_on_fall": 0.9299516908212561,
    "gate_fpr_on_non_fall": 0.8963242224316682
  },
  "validation_per_source": {
    "UP": {
      "n_rows": 807,
      "fall_ratio": 0.16728624535315986,
      "accuracy": 0.8215613382899628,
      "precision": 0.2857142857142857,
      "recall": 0.044444444444444446,
      "f1": 0.07692307692307693,
      "pr_auc": 0.19399805133857984,
      "roc_auc": 0.3533619929453263,
      "tn": 657,
      "fp": 15,
      "fn": 129,
      "tp": 6,
      "fpr": 0.022321428571428572,
      "fnr": 0.9555555555555556,
      "gate_pass_rate": 0.37298636926889717,
      "gate_recall_on_fall": 0.1111111111111111,
      "gate_fpr_on_non_fall": 0.4255952380952381
    },
    "WEDA": {
      "n_rows": 1473,
      "fall_ratio": 0.2837746096401901,
      "accuracy": 0.811948404616429,
      "precision": 0.6997167138810199,
      "recall": 0.5909090909090909,
      "f1": 0.6407263294422828,
      "pr_auc": 0.7059233796956557,
      "roc_auc": 0.8005555681534728,
      "tn": 949,
      "fp": 106,
      "fn": 171,
      "tp": 247,
      "fpr": 0.1004739336492891,
      "fnr": 0.4090909090909091,
      "gate_pass_rate": 0.8716904276985743,
      "gate_recall_on_fall": 0.9019138755980861,
      "gate_fpr_on_non_fall": 0.8597156398104265
    }
  },
  "test_per_source": {
    "WEDA": {
      "n_rows": 1475,
      "fall_ratio": 0.28067796610169493,
      "accuracy": 0.8203389830508474,
      "precision": 0.683046683046683,
      "recall": 0.6714975845410628,
      "f1": 0.6772228989037758,
      "pr_auc": 0.7370962305511266,
      "roc_auc": 0.8269019747116702,
      "tn": 932,
      "fp": 129,
      "fn": 136,
      "tp": 278,
      "fpr": 0.12158341187558906,
      "fnr": 0.3285024154589372,
      "gate_pass_rate": 0.9057627118644068,
      "gate_recall_on_fall": 0.9299516908212561,
      "gate_fpr_on_non_fall": 0.8963242224316682
    }
  }
}