{
  "config": {
    "gate_feature": "acc_mag_std",
    "gate_threshold": 0.027832869085217017,
    "gate_op": ">=",
    "decision_threshold": 0.5249999999999999,
    "min_gate_recall_requested": 0.9,
    "gate_source_for_search": "ALL",
    "drop_source": false,
    "rf_trees": 8,
    "rf_max_depth": 7,
    "rf_min_samples_leaf": 4,
    "random_state": 42,
    "n_stage2_train_rows": 7677,
    "n_stage2_train_fall": 2238,
    "n_stage2_train_non_fall": 5439
  },
  "validation": {
    "n_rows": 2280,
    "fall_ratio": 0.2425438596491228,
    "accuracy": 0.8285087719298245,
    "precision": 0.6708860759493671,
    "recall": 0.5750452079566004,
    "f1": 0.6192794547224927,
    "pr_auc": 0.6849060837826809,
    "roc_auc": 0.8174760819282307,
    "tn": 1571,
    "fp": 156,
    "fn": 235,
    "tp": 318,
    "fpr": 0.0903300521134916,
    "fnr": 0.42495479204339964,
    "gate_pass_rate": 0.7526315789473684,
    "gate_recall_on_fall": 0.9041591320072333,
    "gate_fpr_on_non_fall": 0.704111175448755
  },
  "test": {
    "n_rows": 1475,
    "fall_ratio": 0.28067796610169493,
    "accuracy": 0.8250847457627118,
    "precision": 0.6733333333333333,
    "recall": 0.7318840579710145,
    "f1": 0.7013888888888888,
    "pr_auc": 0.7862287172636424,
    "roc_auc": 0.8776482399704955,
    "tn": 914,
    "fp": 147,
    "fn": 111,
    "tp": 303,
    "fpr": 0.13854853911404336,
    "fnr": 0.26811594202898553,
    "gate_pass_rate": 1.0,
    "gate_recall_on_fall": 1.0,
    "gate_fpr_on_non_fall": 1.0
  },
  "validation_per_source": {
    "UP": {
      "n_rows": 807,
      "fall_ratio": 0.16728624535315986,
      "accuracy": 0.8314745972738538,
      "precision": 0.49411764705882355,
      "recall": 0.3111111111111111,
      "f1": 0.38181818181818183,
      "pr_auc": 0.3236475314735596,
      "roc_auc": 0.6990134479717813,
      "tn": 629,
      "fp": 43,
      "fn": 93,
      "tp": 42,
      "fpr": 0.06398809523809523,
      "fnr": 0.6888888888888889,
      "gate_pass_rate": 0.30111524163568776,
      "gate_recall_on_fall": 0.6074074074074074,
      "gate_fpr_on_non_fall": 0.23958333333333334
    },
    "WEDA": {
      "n_rows": 1473,
      "fall_ratio": 0.2837746096401901,
      "accuracy": 0.8268839103869654,
      "precision": 0.7095115681233933,
      "recall": 0.6602870813397129,
      "f1": 0.6840148698884758,
      "pr_auc": 0.775167166632417,
      "roc_auc": 0.868000408172521,
      "tn": 942,
      "fp": 113,
      "fn": 142,
      "tp": 276,
      "fpr": 0.10710900473933649,
      "fnr": 0.3397129186602871,
      "gate_pass_rate": 1.0,
      "gate_recall_on_fall": 1.0,
      "gate_fpr_on_non_fall": 1.0
    }
  },
  "test_per_source": {
    "WEDA": {
      "n_rows": 1475,
      "fall_ratio": 0.28067796610169493,
      "accuracy": 0.8250847457627118,
      "precision": 0.6733333333333333,
      "recall": 0.7318840579710145,
      "f1": 0.7013888888888888,
      "pr_auc": 0.7862287172636424,
      "roc_auc": 0.8776482399704955,
      "tn": 914,
      "fp": 147,
      "fn": 111,
      "tp": 303,
      "fpr": 0.13854853911404336,
      "fnr": 0.26811594202898553,
      "gate_pass_rate": 1.0,
      "gate_recall_on_fall": 1.0,
      "gate_fpr_on_non_fall": 1.0
    }
  }
}