{
  "config": {
    "gate_feature": "acc_mag_std",
    "gate_threshold": 0.027832869085217017,
    "gate_op": ">=",
    "decision_threshold": 0.4649999999999999,
    "min_gate_recall_requested": 0.9,
    "gate_source_for_search": "ALL",
    "drop_source": false,
    "rf_trees": 10,
    "rf_max_depth": 8,
    "rf_min_samples_leaf": 4,
    "random_state": 42,
    "n_stage2_train_rows": 7677,
    "n_stage2_train_fall": 2238,
    "n_stage2_train_non_fall": 5439
  },
  "validation": {
    "n_rows": 2280,
    "fall_ratio": 0.2425438596491228,
    "accuracy": 0.8206140350877194,
    "precision": 0.6245674740484429,
    "recall": 0.6528028933092225,
    "f1": 0.6383731211317418,
    "pr_auc": 0.6994466038527631,
    "roc_auc": 0.8309588903396853,
    "tn": 1510,
    "fp": 217,
    "fn": 192,
    "tp": 361,
    "fpr": 0.12565141864504922,
    "fnr": 0.3471971066907776,
    "gate_pass_rate": 0.7526315789473684,
    "gate_recall_on_fall": 0.9041591320072333,
    "gate_fpr_on_non_fall": 0.704111175448755
  },
  "test": {
    "n_rows": 1475,
    "fall_ratio": 0.28067796610169493,
    "accuracy": 0.7884745762711864,
    "precision": 0.5934065934065934,
    "recall": 0.782608695652174,
    "f1": 0.675,
    "pr_auc": 0.775228294736703,
    "roc_auc": 0.8774774959362919,
    "tn": 839,
    "fp": 222,
    "fn": 90,
    "tp": 324,
    "fpr": 0.20923656927426956,
    "fnr": 0.21739130434782608,
    "gate_pass_rate": 1.0,
    "gate_recall_on_fall": 1.0,
    "gate_fpr_on_non_fall": 1.0
  },
  "validation_per_source": {
    "UP": {
      "n_rows": 807,
      "fall_ratio": 0.16728624535315986,
      "accuracy": 0.7967781908302355,
      "precision": 0.39568345323741005,
      "recall": 0.4074074074074074,
      "f1": 0.40145985401459855,
      "pr_auc": 0.33380802945497423,
      "roc_auc": 0.7001653439153439,
      "tn": 588,
      "fp": 84,
      "fn": 80,
      "tp": 55,
      "fpr": 0.125,
      "fnr": 0.5925925925925926,
      "gate_pass_rate": 0.30111524163568776,
      "gate_recall_on_fall": 0.6074074074074074,
      "gate_fpr_on_non_fall": 0.23958333333333334
    },
    "WEDA": {
      "n_rows": 1473,
      "fall_ratio": 0.2837746096401901,
      "accuracy": 0.8336727766463,
      "precision": 0.6970387243735763,
      "recall": 0.7320574162679426,
      "f1": 0.7141190198366394,
      "pr_auc": 0.7992618911478696,
      "roc_auc": 0.8930145808294973,
      "tn": 922,
      "fp": 133,
      "fn": 112,
      "tp": 306,
      "fpr": 0.12606635071090047,
      "fnr": 0.2679425837320574,
      "gate_pass_rate": 1.0,
      "gate_recall_on_fall": 1.0,
      "gate_fpr_on_non_fall": 1.0
    }
  },
  "test_per_source": {
    "WEDA": {
      "n_rows": 1475,
      "fall_ratio": 0.28067796610169493,
      "accuracy": 0.7884745762711864,
      "precision": 0.5934065934065934,
      "recall": 0.782608695652174,
      "f1": 0.675,
      "pr_auc": 0.775228294736703,
      "roc_auc": 0.8774774959362919,
      "tn": 839,
      "fp": 222,
      "fn": 90,
      "tp": 324,
      "fpr": 0.20923656927426956,
      "fnr": 0.21739130434782608,
      "gate_pass_rate": 1.0,
      "gate_recall_on_fall": 1.0,
      "gate_fpr_on_non_fall": 1.0
    }
  }
}