{
  "config": {
    "gate_feature": "acc_mag_std",
    "gate_threshold": 0.027832869085217017,
    "gate_op": ">=",
    "decision_threshold": 0.43999999999999995,
    "min_gate_recall_requested": 0.9,
    "gate_source_for_search": "ALL",
    "drop_source": true,
    "rf_trees": 40,
    "rf_max_depth": 10,
    "rf_min_samples_leaf": 4,
    "random_state": 42,
    "n_stage2_train_rows": 7677,
    "n_stage2_train_fall": 2238,
    "n_stage2_train_non_fall": 5439
  },
  "validation": {
    "n_rows": 2280,
    "fall_ratio": 0.2425438596491228,
    "accuracy": 0.8140350877192982,
    "precision": 0.6015748031496063,
    "recall": 0.6907775768535263,
    "f1": 0.6430976430976431,
    "pr_auc": 0.7153957705575751,
    "roc_auc": 0.8337336693782714,
    "tn": 1474,
    "fp": 253,
    "fn": 171,
    "tp": 382,
    "fpr": 0.1464968152866242,
    "fnr": 0.3092224231464738,
    "gate_pass_rate": 0.7526315789473684,
    "gate_recall_on_fall": 0.9041591320072333,
    "gate_fpr_on_non_fall": 0.704111175448755
  },
  "test": {
    "n_rows": 1475,
    "fall_ratio": 0.28067796610169493,
    "accuracy": 0.8176271186440678,
    "precision": 0.6391554702495201,
    "recall": 0.8043478260869565,
    "f1": 0.7122994652406417,
    "pr_auc": 0.8045317667136119,
    "roc_auc": 0.899479572183748,
    "tn": 873,
    "fp": 188,
    "fn": 81,
    "tp": 333,
    "fpr": 0.177191328934967,
    "fnr": 0.1956521739130435,
    "gate_pass_rate": 1.0,
    "gate_recall_on_fall": 1.0,
    "gate_fpr_on_non_fall": 1.0
  },
  "validation_per_source": {
    "UP": {
      "n_rows": 807,
      "fall_ratio": 0.16728624535315986,
      "accuracy": 0.7682775712515489,
      "precision": 0.35555555555555557,
      "recall": 0.4740740740740741,
      "f1": 0.40634920634920635,
      "pr_auc": 0.3400598794853842,
      "roc_auc": 0.6969411375661375,
      "tn": 556,
      "fp": 116,
      "fn": 71,
      "tp": 64,
      "fpr": 0.17261904761904762,
      "fnr": 0.5259259259259259,
      "gate_pass_rate": 0.30111524163568776,
      "gate_recall_on_fall": 0.6074074074074074,
      "gate_fpr_on_non_fall": 0.23958333333333334
    },
    "WEDA": {
      "n_rows": 1473,
      "fall_ratio": 0.2837746096401901,
      "accuracy": 0.8391038696537678,
      "precision": 0.6989010989010989,
      "recall": 0.7607655502392344,
      "f1": 0.7285223367697594,
      "pr_auc": 0.8224620138418998,
      "roc_auc": 0.900673484659516,
      "tn": 918,
      "fp": 137,
      "fn": 100,
      "tp": 318,
      "fpr": 0.12985781990521328,
      "fnr": 0.23923444976076555,
      "gate_pass_rate": 1.0,
      "gate_recall_on_fall": 1.0,
      "gate_fpr_on_non_fall": 1.0
    }
  },
  "test_per_source": {
    "WEDA": {
      "n_rows": 1475,
      "fall_ratio": 0.28067796610169493,
      "accuracy": 0.8176271186440678,
      "precision": 0.6391554702495201,
      "recall": 0.8043478260869565,
      "f1": 0.7122994652406417,
      "pr_auc": 0.8045317667136119,
      "roc_auc": 0.899479572183748,
      "tn": 873,
      "fp": 188,
      "fn": 81,
      "tp": 333,
      "fpr": 0.177191328934967,
      "fnr": 0.1956521739130435,
      "gate_pass_rate": 1.0,
      "gate_recall_on_fall": 1.0,
      "gate_fpr_on_non_fall": 1.0
    }
  }
}