{
  "config": {
    "gate_feature": "acc_mag_std",
    "gate_threshold": 0.027832869085217017,
    "gate_op": ">=",
    "decision_threshold": 0.4799999999999999,
    "min_gate_recall_requested": 0.9,
    "gate_source_for_search": "ALL",
    "drop_source": true,
    "rf_trees": 10,
    "rf_max_depth": 8,
    "rf_min_samples_leaf": 5,
    "random_state": 42,
    "n_stage2_train_rows": 7677,
    "n_stage2_train_fall": 2238,
    "n_stage2_train_non_fall": 5439
  },
  "validation": {
    "n_rows": 2280,
    "fall_ratio": 0.2425438596491228,
    "accuracy": 0.8149122807017544,
    "precision": 0.62152133580705,
    "recall": 0.6057866184448463,
    "f1": 0.6135531135531136,
    "pr_auc": 0.671666116873396,
    "roc_auc": 0.8163049157566614,
    "tn": 1523,
    "fp": 204,
    "fn": 218,
    "tp": 335,
    "fpr": 0.11812391430225826,
    "fnr": 0.39421338155515373,
    "gate_pass_rate": 0.7526315789473684,
    "gate_recall_on_fall": 0.9041591320072333,
    "gate_fpr_on_non_fall": 0.704111175448755
  },
  "test": {
    "n_rows": 1475,
    "fall_ratio": 0.28067796610169493,
    "accuracy": 0.8189830508474576,
    "precision": 0.6461232604373758,
    "recall": 0.785024154589372,
    "f1": 0.7088331515812432,
    "pr_auc": 0.7988469222729755,
    "roc_auc": 0.8877597016760235,
    "tn": 883,
    "fp": 178,
    "fn": 89,
    "tp": 325,
    "fpr": 0.16776625824693686,
    "fnr": 0.21497584541062803,
    "gate_pass_rate": 1.0,
    "gate_recall_on_fall": 1.0,
    "gate_fpr_on_non_fall": 1.0
  },
  "validation_per_source": {
    "UP": {
      "n_rows": 807,
      "fall_ratio": 0.16728624535315986,
      "accuracy": 0.7905824039653035,
      "precision": 0.3835616438356164,
      "recall": 0.4148148148148148,
      "f1": 0.398576512455516,
      "pr_auc": 0.3285400799631329,
      "roc_auc": 0.6955081569664903,
      "tn": 582,
      "fp": 90,
      "fn": 79,
      "tp": 56,
      "fpr": 0.13392857142857142,
      "fnr": 0.5851851851851851,
      "gate_pass_rate": 0.30111524163568776,
      "gate_recall_on_fall": 0.6074074074074074,
      "gate_fpr_on_non_fall": 0.23958333333333334
    },
    "WEDA": {
      "n_rows": 1473,
      "fall_ratio": 0.2837746096401901,
      "accuracy": 0.8282416836388323,
      "precision": 0.7099236641221374,
      "recall": 0.6674641148325359,
      "f1": 0.688039457459926,
      "pr_auc": 0.7677205429880964,
      "roc_auc": 0.8734098278872537,
      "tn": 941,
      "fp": 114,
      "fn": 139,
      "tp": 279,
      "fpr": 0.1080568720379147,
      "fnr": 0.33253588516746413,
      "gate_pass_rate": 1.0,
      "gate_recall_on_fall": 1.0,
      "gate_fpr_on_non_fall": 1.0
    }
  },
  "test_per_source": {
    "WEDA": {
      "n_rows": 1475,
      "fall_ratio": 0.28067796610169493,
      "accuracy": 0.8189830508474576,
      "precision": 0.6461232604373758,
      "recall": 0.785024154589372,
      "f1": 0.7088331515812432,
      "pr_auc": 0.7988469222729755,
      "roc_auc": 0.8877597016760235,
      "tn": 883,
      "fp": 178,
      "fn": 89,
      "tp": 325,
      "fpr": 0.16776625824693686,
      "fnr": 0.21497584541062803,
      "gate_pass_rate": 1.0,
      "gate_recall_on_fall": 1.0,
      "gate_fpr_on_non_fall": 1.0
    }
  }
}