{
  "config": {
    "gate_feature": "acc_mag_std",
    "gate_threshold": 0.027832869085217017,
    "gate_op": ">=",
    "decision_threshold": 0.48499999999999993,
    "min_gate_recall_requested": 0.9,
    "gate_source_for_search": "ALL",
    "drop_source": false,
    "rf_trees": 8,
    "rf_max_depth": 6,
    "rf_min_samples_leaf": 5,
    "random_state": 42,
    "n_stage2_train_rows": 7677,
    "n_stage2_train_fall": 2238,
    "n_stage2_train_non_fall": 5439
  },
  "validation": {
    "n_rows": 2280,
    "fall_ratio": 0.2425438596491228,
    "accuracy": 0.8223684210526315,
    "precision": 0.6267123287671232,
    "recall": 0.6618444846292948,
    "f1": 0.6437994722955145,
    "pr_auc": 0.6848300775029075,
    "roc_auc": 0.8240167073110716,
    "tn": 1509,
    "fp": 218,
    "fn": 187,
    "tp": 366,
    "fpr": 0.12623045744064854,
    "fnr": 0.33815551537070526,
    "gate_pass_rate": 0.7526315789473684,
    "gate_recall_on_fall": 0.9041591320072333,
    "gate_fpr_on_non_fall": 0.704111175448755
  },
  "test": {
    "n_rows": 1475,
    "fall_ratio": 0.28067796610169493,
    "accuracy": 0.8013559322033899,
    "precision": 0.6165703275529865,
    "recall": 0.7729468599033816,
    "f1": 0.6859592711682744,
    "pr_auc": 0.7792134778370894,
    "roc_auc": 0.8616586303141234,
    "tn": 862,
    "fp": 199,
    "fn": 94,
    "tp": 320,
    "fpr": 0.1875589066918002,
    "fnr": 0.22705314009661837,
    "gate_pass_rate": 1.0,
    "gate_recall_on_fall": 1.0,
    "gate_fpr_on_non_fall": 1.0
  },
  "validation_per_source": {
    "UP": {
      "n_rows": 807,
      "fall_ratio": 0.16728624535315986,
      "accuracy": 0.8079306071871127,
      "precision": 0.4253731343283582,
      "recall": 0.4222222222222222,
      "f1": 0.42379182156133827,
      "pr_auc": 0.34209973742431726,
      "roc_auc": 0.7053571428571428,
      "tn": 595,
      "fp": 77,
      "fn": 78,
      "tp": 57,
      "fpr": 0.11458333333333333,
      "fnr": 0.5777777777777777,
      "gate_pass_rate": 0.30111524163568776,
      "gate_recall_on_fall": 0.6074074074074074,
      "gate_fpr_on_non_fall": 0.23958333333333334
    },
    "WEDA": {
      "n_rows": 1473,
      "fall_ratio": 0.2837746096401901,
      "accuracy": 0.8302783435166328,
      "precision": 0.6866666666666666,
      "recall": 0.7392344497607656,
      "f1": 0.7119815668202765,
      "pr_auc": 0.7697795540289566,
      "roc_auc": 0.8731467833737727,
      "tn": 914,
      "fp": 141,
      "fn": 109,
      "tp": 309,
      "fpr": 0.13364928909952606,
      "fnr": 0.2607655502392344,
      "gate_pass_rate": 1.0,
      "gate_recall_on_fall": 1.0,
      "gate_fpr_on_non_fall": 1.0
    }
  },
  "test_per_source": {
    "WEDA": {
      "n_rows": 1475,
      "fall_ratio": 0.28067796610169493,
      "accuracy": 0.8013559322033899,
      "precision": 0.6165703275529865,
      "recall": 0.7729468599033816,
      "f1": 0.6859592711682744,
      "pr_auc": 0.7792134778370894,
      "roc_auc": 0.8616586303141234,
      "tn": 862,
      "fp": 199,
      "fn": 94,
      "tp": 320,
      "fpr": 0.1875589066918002,
      "fnr": 0.22705314009661837,
      "gate_pass_rate": 1.0,
      "gate_recall_on_fall": 1.0,
      "gate_fpr_on_non_fall": 1.0
    }
  }
}