{
  "config": {
    "gate_feature": "gyro_mag_mean",
    "gate_threshold": 3.0909158145027127,
    "gate_op": "<=",
    "decision_threshold": 0.5099999999999999,
    "min_gate_recall_requested": 0.95,
    "gate_source_for_search": "WEDA",
    "drop_source": false,
    "rf_trees": 8,
    "rf_max_depth": 6,
    "rf_min_samples_leaf": 8,
    "random_state": 42,
    "n_stage2_train_rows": 7030,
    "n_stage2_train_fall": 1978,
    "n_stage2_train_non_fall": 5052
  },
  "validation": {
    "n_rows": 2280,
    "fall_ratio": 0.2425438596491228,
    "accuracy": 0.8280701754385965,
    "precision": 0.6939759036144578,
    "recall": 0.5207956600361664,
    "f1": 0.5950413223140496,
    "pr_auc": 0.617623439504394,
    "roc_auc": 0.7153464128389548,
    "tn": 1600,
    "fp": 127,
    "fn": 265,
    "tp": 288,
    "fpr": 0.07353792704111176,
    "fnr": 0.47920433996383366,
    "gate_pass_rate": 0.7271929824561404,
    "gate_recall_on_fall": 0.7486437613019892,
    "gate_fpr_on_non_fall": 0.7203242617255357
  },
  "test": {
    "n_rows": 1475,
    "fall_ratio": 0.28067796610169493,
    "accuracy": 0.7979661016949152,
    "precision": 0.6183673469387755,
    "recall": 0.7318840579710145,
    "f1": 0.6703539823008849,
    "pr_auc": 0.7527920416899355,
    "roc_auc": 0.8570337435743327,
    "tn": 874,
    "fp": 187,
    "fn": 111,
    "tp": 303,
    "fpr": 0.176248821866164,
    "fnr": 0.26811594202898553,
    "gate_pass_rate": 0.9559322033898305,
    "gate_recall_on_fall": 0.9710144927536232,
    "gate_fpr_on_non_fall": 0.9500471253534402
  },
  "validation_per_source": {
    "UP": {
      "n_rows": 807,
      "fall_ratio": 0.16728624535315986,
      "accuracy": 0.8364312267657993,
      "precision": 1.0,
      "recall": 0.022222222222222223,
      "f1": 0.043478260869565216,
      "pr_auc": 0.18308909193898906,
      "roc_auc": 0.3393904320987654,
      "tn": 672,
      "fp": 0,
      "fn": 132,
      "tp": 3,
      "fpr": 0.0,
      "fnr": 0.9777777777777777,
      "gate_pass_rate": 0.3952912019826518,
      "gate_recall_on_fall": 0.11851851851851852,
      "gate_fpr_on_non_fall": 0.45089285714285715
    },
    "WEDA": {
      "n_rows": 1473,
      "fall_ratio": 0.2837746096401901,
      "accuracy": 0.823489477257298,
      "precision": 0.691747572815534,
      "recall": 0.6818181818181818,
      "f1": 0.6867469879518072,
      "pr_auc": 0.7376029040463165,
      "roc_auc": 0.8408660060318829,
      "tn": 928,
      "fp": 127,
      "fn": 133,
      "tp": 285,
      "fpr": 0.12037914691943127,
      "fnr": 0.3181818181818182,
      "gate_pass_rate": 0.9090291921249152,
      "gate_recall_on_fall": 0.9521531100478469,
      "gate_fpr_on_non_fall": 0.8919431279620853
    }
  },
  "test_per_source": {
    "WEDA": {
      "n_rows": 1475,
      "fall_ratio": 0.28067796610169493,
      "accuracy": 0.7979661016949152,
      "precision": 0.6183673469387755,
      "recall": 0.7318840579710145,
      "f1": 0.6703539823008849,
      "pr_auc": 0.7527920416899355,
      "roc_auc": 0.8570337435743327,
      "tn": 874,
      "fp": 187,
      "fn": 111,
      "tp": 303,
      "fpr": 0.176248821866164,
      "fnr": 0.26811594202898553,
      "gate_pass_rate": 0.9559322033898305,
      "gate_recall_on_fall": 0.9710144927536232,
      "gate_fpr_on_non_fall": 0.9500471253534402
    }
  }
}