{
  "config": {
    "gate_feature": "acc_mag_std",
    "gate_threshold": 0.027832869085217017,
    "gate_op": ">=",
    "decision_threshold": 0.49499999999999994,
    "min_gate_recall_requested": 0.9,
    "gate_source_for_search": "ALL",
    "drop_source": false,
    "rf_trees": 40,
    "rf_max_depth": 12,
    "rf_min_samples_leaf": 4,
    "random_state": 42,
    "n_stage2_train_rows": 7677,
    "n_stage2_train_fall": 2238,
    "n_stage2_train_non_fall": 5439
  },
  "validation": {
    "n_rows": 2280,
    "fall_ratio": 0.2425438596491228,
    "accuracy": 0.8469298245614035,
    "precision": 0.7188841201716738,
    "recall": 0.6057866184448463,
    "f1": 0.6575073601570167,
    "pr_auc": 0.7269954527151864,
    "roc_auc": 0.8365555673061921,
    "tn": 1596,
    "fp": 131,
    "fn": 218,
    "tp": 335,
    "fpr": 0.07585408222350898,
    "fnr": 0.39421338155515373,
    "gate_pass_rate": 0.7526315789473684,
    "gate_recall_on_fall": 0.9041591320072333,
    "gate_fpr_on_non_fall": 0.704111175448755
  },
  "test": {
    "n_rows": 1475,
    "fall_ratio": 0.28067796610169493,
    "accuracy": 0.8494915254237289,
    "precision": 0.7181818181818181,
    "recall": 0.7632850241545893,
    "f1": 0.7400468384074942,
    "pr_auc": 0.8049066801589019,
    "roc_auc": 0.9063275462488674,
    "tn": 937,
    "fp": 124,
    "fn": 98,
    "tp": 316,
    "fpr": 0.11687087653157399,
    "fnr": 0.23671497584541062,
    "gate_pass_rate": 1.0,
    "gate_recall_on_fall": 1.0,
    "gate_fpr_on_non_fall": 1.0
  },
  "validation_per_source": {
    "UP": {
      "n_rows": 807,
      "fall_ratio": 0.16728624535315986,
      "accuracy": 0.8277571251548946,
      "precision": 0.4818181818181818,
      "recall": 0.3925925925925926,
      "f1": 0.4326530612244898,
      "pr_auc": 0.3547977625074751,
      "roc_auc": 0.7048335537918871,
      "tn": 615,
      "fp": 57,
      "fn": 82,
      "tp": 53,
      "fpr": 0.08482142857142858,
      "fnr": 0.6074074074074074,
      "gate_pass_rate": 0.30111524163568776,
      "gate_recall_on_fall": 0.6074074074074074,
      "gate_fpr_on_non_fall": 0.23958333333333334
    },
    "WEDA": {
      "n_rows": 1473,
      "fall_ratio": 0.2837746096401901,
      "accuracy": 0.8574338085539714,
      "precision": 0.7921348314606742,
      "recall": 0.6746411483253588,
      "f1": 0.7286821705426356,
      "pr_auc": 0.8298950895519234,
      "roc_auc": 0.9010839248055511,
      "tn": 981,
      "fp": 74,
      "fn": 136,
      "tp": 282,
      "fpr": 0.07014218009478673,
      "fnr": 0.3253588516746411,
      "gate_pass_rate": 1.0,
      "gate_recall_on_fall": 1.0,
      "gate_fpr_on_non_fall": 1.0
    }
  },
  "test_per_source": {
    "WEDA": {
      "n_rows": 1475,
      "fall_ratio": 0.28067796610169493,
      "accuracy": 0.8494915254237289,
      "precision": 0.7181818181818181,
      "recall": 0.7632850241545893,
      "f1": 0.7400468384074942,
      "pr_auc": 0.8049066801589019,
      "roc_auc": 0.9063275462488674,
      "tn": 937,
      "fp": 124,
      "fn": 98,
      "tp": 316,
      "fpr": 0.11687087653157399,
      "fnr": 0.23671497584541062,
      "gate_pass_rate": 1.0,
      "gate_recall_on_fall": 1.0,
      "gate_fpr_on_non_fall": 1.0
    }
  }
}