{
  "config": {
    "gate_feature": "acc_mag_std",
    "gate_threshold": 0.027832869085217017,
    "gate_op": ">=",
    "decision_threshold": 0.4699999999999999,
    "min_gate_recall_requested": 0.9,
    "gate_source_for_search": "ALL",
    "drop_source": false,
    "rf_trees": 60,
    "rf_max_depth": 10,
    "rf_min_samples_leaf": 4,
    "random_state": 42,
    "n_stage2_train_rows": 7677,
    "n_stage2_train_fall": 2238,
    "n_stage2_train_non_fall": 5439
  },
  "validation": {
    "n_rows": 2280,
    "fall_ratio": 0.2425438596491228,
    "accuracy": 0.8333333333333334,
    "precision": 0.6616822429906543,
    "recall": 0.6401446654611211,
    "f1": 0.6507352941176471,
    "pr_auc": 0.7225897432324211,
    "roc_auc": 0.8357671112246619,
    "tn": 1546,
    "fp": 181,
    "fn": 199,
    "tp": 354,
    "fpr": 0.10480602200347423,
    "fnr": 0.35985533453887886,
    "gate_pass_rate": 0.7526315789473684,
    "gate_recall_on_fall": 0.9041591320072333,
    "gate_fpr_on_non_fall": 0.704111175448755
  },
  "test": {
    "n_rows": 1475,
    "fall_ratio": 0.28067796610169493,
    "accuracy": 0.8332203389830508,
    "precision": 0.6714285714285714,
    "recall": 0.7946859903381642,
    "f1": 0.7278761061946902,
    "pr_auc": 0.8201260235554404,
    "roc_auc": 0.9051141253124616,
    "tn": 900,
    "fp": 161,
    "fn": 85,
    "tp": 329,
    "fpr": 0.15174363807728558,
    "fnr": 0.20531400966183574,
    "gate_pass_rate": 1.0,
    "gate_recall_on_fall": 1.0,
    "gate_fpr_on_non_fall": 1.0
  },
  "validation_per_source": {
    "UP": {
      "n_rows": 807,
      "fall_ratio": 0.16728624535315986,
      "accuracy": 0.8029739776951673,
      "precision": 0.4142857142857143,
      "recall": 0.42962962962962964,
      "f1": 0.4218181818181818,
      "pr_auc": 0.36381141202444955,
      "roc_auc": 0.7038635361552028,
      "tn": 590,
      "fp": 82,
      "fn": 77,
      "tp": 58,
      "fpr": 0.12202380952380952,
      "fnr": 0.5703703703703704,
      "gate_pass_rate": 0.30111524163568776,
      "gate_recall_on_fall": 0.6074074074074074,
      "gate_fpr_on_non_fall": 0.23958333333333334
    },
    "WEDA": {
      "n_rows": 1473,
      "fall_ratio": 0.2837746096401901,
      "accuracy": 0.8499660556687033,
      "precision": 0.7493670886075949,
      "recall": 0.7081339712918661,
      "f1": 0.7281672816728167,
      "pr_auc": 0.8208947334380908,
      "roc_auc": 0.8996757296083812,
      "tn": 956,
      "fp": 99,
      "fn": 122,
      "tp": 296,
      "fpr": 0.0938388625592417,
      "fnr": 0.291866028708134,
      "gate_pass_rate": 1.0,
      "gate_recall_on_fall": 1.0,
      "gate_fpr_on_non_fall": 1.0
    }
  },
  "test_per_source": {
    "WEDA": {
      "n_rows": 1475,
      "fall_ratio": 0.28067796610169493,
      "accuracy": 0.8332203389830508,
      "precision": 0.6714285714285714,
      "recall": 0.7946859903381642,
      "f1": 0.7278761061946902,
      "pr_auc": 0.8201260235554404,
      "roc_auc": 0.9051141253124616,
      "tn": 900,
      "fp": 161,
      "fn": 85,
      "tp": 329,
      "fpr": 0.15174363807728558,
      "fnr": 0.20531400966183574,
      "gate_pass_rate": 1.0,
      "gate_recall_on_fall": 1.0,
      "gate_fpr_on_non_fall": 1.0
    }
  }
}