{
  "config": {
    "gate_feature": "gyro_mag_mean",
    "gate_threshold": 2.616948366191887,
    "gate_op": "<=",
    "decision_threshold": 0.5249999999999999,
    "min_gate_recall_requested": 0.9,
    "gate_source_for_search": "WEDA",
    "drop_source": false,
    "rf_trees": 20,
    "rf_max_depth": 8,
    "rf_min_samples_leaf": 5,
    "random_state": 42,
    "n_stage2_train_rows": 6614,
    "n_stage2_train_fall": 1845,
    "n_stage2_train_non_fall": 4769
  },
  "validation": {
    "n_rows": 2280,
    "fall_ratio": 0.2425438596491228,
    "accuracy": 0.8285087719298245,
    "precision": 0.7341040462427746,
    "recall": 0.4593128390596745,
    "f1": 0.5650723025583982,
    "pr_auc": 0.5940201067583708,
    "roc_auc": 0.6786533630845492,
    "tn": 1635,
    "fp": 92,
    "fn": 299,
    "tp": 254,
    "fpr": 0.05327156919513607,
    "fnr": 0.5406871609403255,
    "gate_pass_rate": 0.6951754385964912,
    "gate_recall_on_fall": 0.7088607594936709,
    "gate_fpr_on_non_fall": 0.690793283149971
  },
  "test": {
    "n_rows": 1475,
    "fall_ratio": 0.28067796610169493,
    "accuracy": 0.8223728813559322,
    "precision": 0.6835748792270532,
    "recall": 0.6835748792270532,
    "f1": 0.6835748792270532,
    "pr_auc": 0.7648249473674876,
    "roc_auc": 0.8429189034135148,
    "tn": 930,
    "fp": 131,
    "fn": 131,
    "tp": 283,
    "fpr": 0.1234684260131951,
    "fnr": 0.3164251207729469,
    "gate_pass_rate": 0.9057627118644068,
    "gate_recall_on_fall": 0.9299516908212561,
    "gate_fpr_on_non_fall": 0.8963242224316682
  },
  "validation_per_source": {
    "UP": {
      "n_rows": 807,
      "fall_ratio": 0.16728624535315986,
      "accuracy": 0.828996282527881,
      "precision": 0.3333333333333333,
      "recall": 0.022222222222222223,
      "f1": 0.041666666666666664,
      "pr_auc": 0.17735656899639968,
      "roc_auc": 0.33804012345679013,
      "tn": 666,
      "fp": 6,
      "fn": 132,
      "tp": 3,
      "fpr": 0.008928571428571428,
      "fnr": 0.9777777777777777,
      "gate_pass_rate": 0.37298636926889717,
      "gate_recall_on_fall": 0.1111111111111111,
      "gate_fpr_on_non_fall": 0.4255952380952381
    },
    "WEDA": {
      "n_rows": 1473,
      "fall_ratio": 0.2837746096401901,
      "accuracy": 0.8282416836388323,
      "precision": 0.744807121661721,
      "recall": 0.6004784688995215,
      "f1": 0.6649006622516557,
      "pr_auc": 0.7305181892735694,
      "roc_auc": 0.8121363296219869,
      "tn": 969,
      "fp": 86,
      "fn": 167,
      "tp": 251,
      "fpr": 0.08151658767772511,
      "fnr": 0.39952153110047844,
      "gate_pass_rate": 0.8716904276985743,
      "gate_recall_on_fall": 0.9019138755980861,
      "gate_fpr_on_non_fall": 0.8597156398104265
    }
  },
  "test_per_source": {
    "WEDA": {
      "n_rows": 1475,
      "fall_ratio": 0.28067796610169493,
      "accuracy": 0.8223728813559322,
      "precision": 0.6835748792270532,
      "recall": 0.6835748792270532,
      "f1": 0.6835748792270532,
      "pr_auc": 0.7648249473674876,
      "roc_auc": 0.8429189034135148,
      "tn": 930,
      "fp": 131,
      "fn": 131,
      "tp": 283,
      "fpr": 0.1234684260131951,
      "fnr": 0.3164251207729469,
      "gate_pass_rate": 0.9057627118644068,
      "gate_recall_on_fall": 0.9299516908212561,
      "gate_fpr_on_non_fall": 0.8963242224316682
    }
  }
}