{
  "config": {
    "gate_feature": "acc_mag_std",
    "gate_threshold": 0.027832869085217017,
    "gate_op": ">=",
    "decision_threshold": 0.4699999999999999,
    "min_gate_recall_requested": 0.9,
    "gate_source_for_search": "ALL",
    "drop_source": false,
    "rf_trees": 20,
    "rf_max_depth": 8,
    "rf_min_samples_leaf": 4,
    "random_state": 42,
    "n_stage2_train_rows": 7677,
    "n_stage2_train_fall": 2238,
    "n_stage2_train_non_fall": 5439
  },
  "validation": {
    "n_rows": 2280,
    "fall_ratio": 0.2425438596491228,
    "accuracy": 0.8149122807017544,
    "precision": 0.6075533661740559,
    "recall": 0.6690777576853526,
    "f1": 0.6368330464716007,
    "pr_auc": 0.6930039763780499,
    "roc_auc": 0.8290092154076674,
    "tn": 1488,
    "fp": 239,
    "fn": 183,
    "tp": 370,
    "fpr": 0.13839027214823393,
    "fnr": 0.3309222423146474,
    "gate_pass_rate": 0.7526315789473684,
    "gate_recall_on_fall": 0.9041591320072333,
    "gate_fpr_on_non_fall": 0.704111175448755
  },
  "test": {
    "n_rows": 1475,
    "fall_ratio": 0.28067796610169493,
    "accuracy": 0.808135593220339,
    "precision": 0.6197440585009141,
    "recall": 0.8188405797101449,
    "f1": 0.7055150884495317,
    "pr_auc": 0.7839412451304574,
    "roc_auc": 0.8830608258547448,
    "tn": 853,
    "fp": 208,
    "fn": 75,
    "tp": 339,
    "fpr": 0.19604147031102734,
    "fnr": 0.18115942028985507,
    "gate_pass_rate": 1.0,
    "gate_recall_on_fall": 1.0,
    "gate_fpr_on_non_fall": 1.0
  },
  "validation_per_source": {
    "UP": {
      "n_rows": 807,
      "fall_ratio": 0.16728624535315986,
      "accuracy": 0.7732342007434945,
      "precision": 0.3620689655172414,
      "recall": 0.4666666666666667,
      "f1": 0.4077669902912621,
      "pr_auc": 0.3220463974818229,
      "roc_auc": 0.6959931657848324,
      "tn": 561,
      "fp": 111,
      "fn": 72,
      "tp": 63,
      "fpr": 0.16517857142857142,
      "fnr": 0.5333333333333333,
      "gate_pass_rate": 0.30111524163568776,
      "gate_recall_on_fall": 0.6074074074074074,
      "gate_fpr_on_non_fall": 0.23958333333333334
    },
    "WEDA": {
      "n_rows": 1473,
      "fall_ratio": 0.2837746096401901,
      "accuracy": 0.8377460964019009,
      "precision": 0.7057471264367816,
      "recall": 0.7344497607655502,
      "f1": 0.7198124267291911,
      "pr_auc": 0.8012330694493948,
      "roc_auc": 0.8931563073992608,
      "tn": 927,
      "fp": 128,
      "fn": 111,
      "tp": 307,
      "fpr": 0.12132701421800948,
      "fnr": 0.26555023923444976,
      "gate_pass_rate": 1.0,
      "gate_recall_on_fall": 1.0,
      "gate_fpr_on_non_fall": 1.0
    }
  },
  "test_per_source": {
    "WEDA": {
      "n_rows": 1475,
      "fall_ratio": 0.28067796610169493,
      "accuracy": 0.808135593220339,
      "precision": 0.6197440585009141,
      "recall": 0.8188405797101449,
      "f1": 0.7055150884495317,
      "pr_auc": 0.7839412451304574,
      "roc_auc": 0.8830608258547448,
      "tn": 853,
      "fp": 208,
      "fn": 75,
      "tp": 339,
      "fpr": 0.19604147031102734,
      "fnr": 0.18115942028985507,
      "gate_pass_rate": 1.0,
      "gate_recall_on_fall": 1.0,
      "gate_fpr_on_non_fall": 1.0
    }
  }
}