{
  "config": {
    "gate_feature": "acc_mag_std",
    "gate_threshold": 0.027832869085217017,
    "gate_op": ">=",
    "decision_threshold": 0.43499999999999994,
    "min_gate_recall_requested": 0.9,
    "gate_source_for_search": "ALL",
    "drop_source": false,
    "rf_trees": 20,
    "rf_max_depth": 10,
    "rf_min_samples_leaf": 4,
    "random_state": 42,
    "n_stage2_train_rows": 7677,
    "n_stage2_train_fall": 2238,
    "n_stage2_train_non_fall": 5439
  },
  "validation": {
    "n_rows": 2280,
    "fall_ratio": 0.2425438596491228,
    "accuracy": 0.8179824561403509,
    "precision": 0.612012987012987,
    "recall": 0.6817359855334539,
    "f1": 0.6449957228400343,
    "pr_auc": 0.7251441244303835,
    "roc_auc": 0.8333766129057592,
    "tn": 1488,
    "fp": 239,
    "fn": 176,
    "tp": 377,
    "fpr": 0.13839027214823393,
    "fnr": 0.3182640144665461,
    "gate_pass_rate": 0.7526315789473684,
    "gate_recall_on_fall": 0.9041591320072333,
    "gate_fpr_on_non_fall": 0.704111175448755
  },
  "test": {
    "n_rows": 1475,
    "fall_ratio": 0.28067796610169493,
    "accuracy": 0.8210169491525424,
    "precision": 0.6415094339622641,
    "recall": 0.821256038647343,
    "f1": 0.7203389830508474,
    "pr_auc": 0.8081783598442328,
    "roc_auc": 0.8974647925801473,
    "tn": 871,
    "fp": 190,
    "fn": 74,
    "tp": 340,
    "fpr": 0.17907634307257306,
    "fnr": 0.178743961352657,
    "gate_pass_rate": 1.0,
    "gate_recall_on_fall": 1.0,
    "gate_fpr_on_non_fall": 1.0
  },
  "validation_per_source": {
    "UP": {
      "n_rows": 807,
      "fall_ratio": 0.16728624535315986,
      "accuracy": 0.7843866171003717,
      "precision": 0.38461538461538464,
      "recall": 0.48148148148148145,
      "f1": 0.4276315789473684,
      "pr_auc": 0.3675754792661774,
      "roc_auc": 0.7012621252204585,
      "tn": 568,
      "fp": 104,
      "fn": 70,
      "tp": 65,
      "fpr": 0.15476190476190477,
      "fnr": 0.5185185185185185,
      "gate_pass_rate": 0.30111524163568776,
      "gate_recall_on_fall": 0.6074074074074074,
      "gate_fpr_on_non_fall": 0.23958333333333334
    },
    "WEDA": {
      "n_rows": 1473,
      "fall_ratio": 0.2837746096401901,
      "accuracy": 0.836388323150034,
      "precision": 0.697986577181208,
      "recall": 0.7464114832535885,
      "f1": 0.7213872832369942,
      "pr_auc": 0.8235537337037859,
      "roc_auc": 0.8956098777750063,
      "tn": 920,
      "fp": 135,
      "fn": 106,
      "tp": 312,
      "fpr": 0.12796208530805686,
      "fnr": 0.2535885167464115,
      "gate_pass_rate": 1.0,
      "gate_recall_on_fall": 1.0,
      "gate_fpr_on_non_fall": 1.0
    }
  },
  "test_per_source": {
    "WEDA": {
      "n_rows": 1475,
      "fall_ratio": 0.28067796610169493,
      "accuracy": 0.8210169491525424,
      "precision": 0.6415094339622641,
      "recall": 0.821256038647343,
      "f1": 0.7203389830508474,
      "pr_auc": 0.8081783598442328,
      "roc_auc": 0.8974647925801473,
      "tn": 871,
      "fp": 190,
      "fn": 74,
      "tp": 340,
      "fpr": 0.17907634307257306,
      "fnr": 0.178743961352657,
      "gate_pass_rate": 1.0,
      "gate_recall_on_fall": 1.0,
      "gate_fpr_on_non_fall": 1.0
    }
  }
}