{
  "config": {
    "gate_feature": "acc_mag_std",
    "gate_threshold": 0.027832869085217017,
    "gate_op": ">=",
    "decision_threshold": 0.4649999999999999,
    "min_gate_recall_requested": 0.9,
    "gate_source_for_search": "ALL",
    "drop_source": false,
    "rf_trees": 60,
    "rf_max_depth": 8,
    "rf_min_samples_leaf": 2,
    "random_state": 42,
    "n_stage2_train_rows": 7677,
    "n_stage2_train_fall": 2238,
    "n_stage2_train_non_fall": 5439
  },
  "validation": {
    "n_rows": 2280,
    "fall_ratio": 0.2425438596491228,
    "accuracy": 0.8315789473684211,
    "precision": 0.6490299823633157,
    "recall": 0.6654611211573237,
    "f1": 0.6571428571428571,
    "pr_auc": 0.7249832866455991,
    "roc_auc": 0.8371367002746508,
    "tn": 1528,
    "fp": 199,
    "fn": 185,
    "tp": 368,
    "fpr": 0.11522872032426172,
    "fnr": 0.3345388788426763,
    "gate_pass_rate": 0.7526315789473684,
    "gate_recall_on_fall": 0.9041591320072333,
    "gate_fpr_on_non_fall": 0.704111175448755
  },
  "test": {
    "n_rows": 1475,
    "fall_ratio": 0.28067796610169493,
    "accuracy": 0.8203389830508474,
    "precision": 0.6457925636007827,
    "recall": 0.7971014492753623,
    "f1": 0.7135135135135136,
    "pr_auc": 0.8105377074995155,
    "roc_auc": 0.8967909227918244,
    "tn": 880,
    "fp": 181,
    "fn": 84,
    "tp": 330,
    "fpr": 0.1705937794533459,
    "fnr": 0.2028985507246377,
    "gate_pass_rate": 1.0,
    "gate_recall_on_fall": 1.0,
    "gate_fpr_on_non_fall": 1.0
  },
  "validation_per_source": {
    "UP": {
      "n_rows": 807,
      "fall_ratio": 0.16728624535315986,
      "accuracy": 0.8091697645600991,
      "precision": 0.43356643356643354,
      "recall": 0.45925925925925926,
      "f1": 0.4460431654676259,
      "pr_auc": 0.35988841564710505,
      "roc_auc": 0.7045138888888889,
      "tn": 591,
      "fp": 81,
      "fn": 73,
      "tp": 62,
      "fpr": 0.12053571428571429,
      "fnr": 0.5407407407407407,
      "gate_pass_rate": 0.30111524163568776,
      "gate_recall_on_fall": 0.6074074074074074,
      "gate_fpr_on_non_fall": 0.23958333333333334
    },
    "WEDA": {
      "n_rows": 1473,
      "fall_ratio": 0.2837746096401901,
      "accuracy": 0.8438560760353021,
      "precision": 0.7216981132075472,
      "recall": 0.7320574162679426,
      "f1": 0.7268408551068883,
      "pr_auc": 0.8237516653994132,
      "roc_auc": 0.9015578584548402,
      "tn": 937,
      "fp": 118,
      "fn": 112,
      "tp": 306,
      "fpr": 0.11184834123222749,
      "fnr": 0.2679425837320574,
      "gate_pass_rate": 1.0,
      "gate_recall_on_fall": 1.0,
      "gate_fpr_on_non_fall": 1.0
    }
  },
  "test_per_source": {
    "WEDA": {
      "n_rows": 1475,
      "fall_ratio": 0.28067796610169493,
      "accuracy": 0.8203389830508474,
      "precision": 0.6457925636007827,
      "recall": 0.7971014492753623,
      "f1": 0.7135135135135136,
      "pr_auc": 0.8105377074995155,
      "roc_auc": 0.8967909227918244,
      "tn": 880,
      "fp": 181,
      "fn": 84,
      "tp": 330,
      "fpr": 0.1705937794533459,
      "fnr": 0.2028985507246377,
      "gate_pass_rate": 1.0,
      "gate_recall_on_fall": 1.0,
      "gate_fpr_on_non_fall": 1.0
    }
  }
}