{
  "config": {
    "gate_feature": "acc_mag_std",
    "gate_threshold": 0.004506217613876566,
    "gate_op": ">=",
    "decision_threshold": 0.3999999999999999,
    "min_gate_recall_requested": 0.95,
    "drop_source": false,
    "rf_trees": 400,
    "random_state": 42,
    "n_stage2_train_rows": 8278,
    "n_stage2_train_fall": 2336,
    "n_stage2_train_non_fall": 5942
  },
  "validation": {
    "n_rows": 2280,
    "fall_ratio": 0.2425438596491228,
    "accuracy": 0.7912280701754386,
    "precision": 0.558599695585997,
    "recall": 0.6636528028933092,
    "f1": 0.6066115702479339,
    "pr_auc": 0.688594025020824,
    "roc_auc": 0.828998221000156,
    "tn": 1437,
    "fp": 290,
    "fn": 186,
    "tp": 367,
    "fpr": 0.1679212507237985,
    "fnr": 0.33634719710669075,
    "gate_pass_rate": 0.8324561403508772,
    "gate_recall_on_fall": 0.9511754068716094,
    "gate_fpr_on_non_fall": 0.7944412275622467
  },
  "test": {
    "n_rows": 1475,
    "fall_ratio": 0.28067796610169493,
    "accuracy": 0.8440677966101695,
    "precision": 0.6949152542372882,
    "recall": 0.7922705314009661,
    "f1": 0.7404063205417607,
    "pr_auc": 0.8249899749666882,
    "roc_auc": 0.9085768143261075,
    "tn": 917,
    "fp": 144,
    "fn": 86,
    "tp": 328,
    "fpr": 0.1357210179076343,
    "fnr": 0.20772946859903382,
    "gate_pass_rate": 1.0,
    "gate_recall_on_fall": 1.0,
    "gate_fpr_on_non_fall": 1.0
  },
  "validation_per_source": {
    "UP": {
      "n_rows": 807,
      "fall_ratio": 0.16728624535315986,
      "accuracy": 0.6629491945477075,
      "precision": 0.23137254901960785,
      "recall": 0.43703703703703706,
      "f1": 0.30256410256410254,
      "pr_auc": 0.2691530056342583,
      "roc_auc": 0.6512070105820107,
      "tn": 476,
      "fp": 196,
      "fn": 76,
      "tp": 59,
      "fpr": 0.2916666666666667,
      "fnr": 0.562962962962963,
      "gate_pass_rate": 0.5266418835192069,
      "gate_recall_on_fall": 0.8,
      "gate_fpr_on_non_fall": 0.47172619047619047
    },
    "WEDA": {
      "n_rows": 1473,
      "fall_ratio": 0.2837746096401901,
      "accuracy": 0.8615071283095723,
      "precision": 0.7661691542288557,
      "recall": 0.7368421052631579,
      "f1": 0.751219512195122,
      "pr_auc": 0.827096135243439,
      "roc_auc": 0.9006099911562622,
      "tn": 961,
      "fp": 94,
      "fn": 110,
      "tp": 308,
      "fpr": 0.08909952606635071,
      "fnr": 0.2631578947368421,
      "gate_pass_rate": 1.0,
      "gate_recall_on_fall": 1.0,
      "gate_fpr_on_non_fall": 1.0
    }
  },
  "test_per_source": {
    "WEDA": {
      "n_rows": 1475,
      "fall_ratio": 0.28067796610169493,
      "accuracy": 0.8440677966101695,
      "precision": 0.6949152542372882,
      "recall": 0.7922705314009661,
      "f1": 0.7404063205417607,
      "pr_auc": 0.8249899749666882,
      "roc_auc": 0.9085768143261075,
      "tn": 917,
      "fp": 144,
      "fn": 86,
      "tp": 328,
      "fpr": 0.1357210179076343,
      "fnr": 0.20772946859903382,
      "gate_pass_rate": 1.0,
      "gate_recall_on_fall": 1.0,
      "gate_fpr_on_non_fall": 1.0
    }
  }
}