{
  "config": {
    "gate_feature": "acc_mag_std",
    "gate_threshold": 0.027832869085217017,
    "gate_op": ">=",
    "decision_threshold": 0.43999999999999995,
    "min_gate_recall_requested": 0.9,
    "gate_source_for_search": "ALL",
    "drop_source": false,
    "rf_trees": 10,
    "rf_max_depth": 9,
    "rf_min_samples_leaf": 5,
    "random_state": 42,
    "n_stage2_train_rows": 7677,
    "n_stage2_train_fall": 2238,
    "n_stage2_train_non_fall": 5439
  },
  "validation": {
    "n_rows": 2280,
    "fall_ratio": 0.2425438596491228,
    "accuracy": 0.8223684210526315,
    "precision": 0.627147766323024,
    "recall": 0.6600361663652803,
    "f1": 0.6431718061674009,
    "pr_auc": 0.7109580192255901,
    "roc_auc": 0.8299803880711726,
    "tn": 1510,
    "fp": 217,
    "fn": 188,
    "tp": 365,
    "fpr": 0.12565141864504922,
    "fnr": 0.3399638336347197,
    "gate_pass_rate": 0.7526315789473684,
    "gate_recall_on_fall": 0.9041591320072333,
    "gate_fpr_on_non_fall": 0.704111175448755
  },
  "test": {
    "n_rows": 1475,
    "fall_ratio": 0.28067796610169493,
    "accuracy": 0.8054237288135593,
    "precision": 0.6140035906642729,
    "recall": 0.8260869565217391,
    "f1": 0.7044284243048403,
    "pr_auc": 0.7908925450971674,
    "roc_auc": 0.8900988949446106,
    "tn": 846,
    "fp": 215,
    "fn": 72,
    "tp": 342,
    "fpr": 0.20263901979264845,
    "fnr": 0.17391304347826086,
    "gate_pass_rate": 1.0,
    "gate_recall_on_fall": 1.0,
    "gate_fpr_on_non_fall": 1.0
  },
  "validation_per_source": {
    "UP": {
      "n_rows": 807,
      "fall_ratio": 0.16728624535315986,
      "accuracy": 0.80545229244114,
      "precision": 0.4153846153846154,
      "recall": 0.4,
      "f1": 0.4075471698113208,
      "pr_auc": 0.3610766397379974,
      "roc_auc": 0.7030037477954144,
      "tn": 596,
      "fp": 76,
      "fn": 81,
      "tp": 54,
      "fpr": 0.1130952380952381,
      "fnr": 0.6,
      "gate_pass_rate": 0.30111524163568776,
      "gate_recall_on_fall": 0.6074074074074074,
      "gate_fpr_on_non_fall": 0.23958333333333334
    },
    "WEDA": {
      "n_rows": 1473,
      "fall_ratio": 0.2837746096401901,
      "accuracy": 0.8316361167684997,
      "precision": 0.6880530973451328,
      "recall": 0.7440191387559809,
      "f1": 0.7149425287356321,
      "pr_auc": 0.8033428030320773,
      "roc_auc": 0.8886312614798522,
      "tn": 914,
      "fp": 141,
      "fn": 107,
      "tp": 311,
      "fpr": 0.13364928909952606,
      "fnr": 0.25598086124401914,
      "gate_pass_rate": 1.0,
      "gate_recall_on_fall": 1.0,
      "gate_fpr_on_non_fall": 1.0
    }
  },
  "test_per_source": {
    "WEDA": {
      "n_rows": 1475,
      "fall_ratio": 0.28067796610169493,
      "accuracy": 0.8054237288135593,
      "precision": 0.6140035906642729,
      "recall": 0.8260869565217391,
      "f1": 0.7044284243048403,
      "pr_auc": 0.7908925450971674,
      "roc_auc": 0.8900988949446106,
      "tn": 846,
      "fp": 215,
      "fn": 72,
      "tp": 342,
      "fpr": 0.20263901979264845,
      "fnr": 0.17391304347826086,
      "gate_pass_rate": 1.0,
      "gate_recall_on_fall": 1.0,
      "gate_fpr_on_non_fall": 1.0
    }
  }
}