{
  "config": {
    "gate_feature": "acc_mag_std",
    "gate_threshold": 0.027832869085217017,
    "gate_op": ">=",
    "decision_threshold": 0.44499999999999995,
    "min_gate_recall_requested": 0.9,
    "gate_source_for_search": "ALL",
    "drop_source": false,
    "rf_trees": 30,
    "rf_max_depth": 10,
    "rf_min_samples_leaf": 2,
    "random_state": 42,
    "n_stage2_train_rows": 7677,
    "n_stage2_train_fall": 2238,
    "n_stage2_train_non_fall": 5439
  },
  "validation": {
    "n_rows": 2280,
    "fall_ratio": 0.2425438596491228,
    "accuracy": 0.8149122807017544,
    "precision": 0.6123499142367067,
    "recall": 0.6455696202531646,
    "f1": 0.6285211267605634,
    "pr_auc": 0.7077750584083299,
    "roc_auc": 0.8283851518955929,
    "tn": 1501,
    "fp": 226,
    "fn": 196,
    "tp": 357,
    "fpr": 0.13086276780544295,
    "fnr": 0.35443037974683544,
    "gate_pass_rate": 0.7526315789473684,
    "gate_recall_on_fall": 0.9041591320072333,
    "gate_fpr_on_non_fall": 0.704111175448755
  },
  "test": {
    "n_rows": 1475,
    "fall_ratio": 0.28067796610169493,
    "accuracy": 0.8264406779661017,
    "precision": 0.654296875,
    "recall": 0.8091787439613527,
    "f1": 0.7235421166306696,
    "pr_auc": 0.812676449319513,
    "roc_auc": 0.9039963210352098,
    "tn": 884,
    "fp": 177,
    "fn": 79,
    "tp": 335,
    "fpr": 0.16682375117813383,
    "fnr": 0.19082125603864733,
    "gate_pass_rate": 1.0,
    "gate_recall_on_fall": 1.0,
    "gate_fpr_on_non_fall": 1.0
  },
  "validation_per_source": {
    "UP": {
      "n_rows": 807,
      "fall_ratio": 0.16728624535315986,
      "accuracy": 0.7509293680297398,
      "precision": 0.324468085106383,
      "recall": 0.45185185185185184,
      "f1": 0.37770897832817335,
      "pr_auc": 0.33267357184961854,
      "roc_auc": 0.6916942239858906,
      "tn": 545,
      "fp": 127,
      "fn": 74,
      "tp": 61,
      "fpr": 0.18898809523809523,
      "fnr": 0.5481481481481482,
      "gate_pass_rate": 0.30111524163568776,
      "gate_recall_on_fall": 0.6074074074074074,
      "gate_fpr_on_non_fall": 0.23958333333333334
    },
    "WEDA": {
      "n_rows": 1473,
      "fall_ratio": 0.2837746096401901,
      "accuracy": 0.8499660556687033,
      "precision": 0.7493670886075949,
      "recall": 0.7081339712918661,
      "f1": 0.7281672816728167,
      "pr_auc": 0.8157186956016248,
      "roc_auc": 0.8948388852354928,
      "tn": 956,
      "fp": 99,
      "fn": 122,
      "tp": 296,
      "fpr": 0.0938388625592417,
      "fnr": 0.291866028708134,
      "gate_pass_rate": 1.0,
      "gate_recall_on_fall": 1.0,
      "gate_fpr_on_non_fall": 1.0
    }
  },
  "test_per_source": {
    "WEDA": {
      "n_rows": 1475,
      "fall_ratio": 0.28067796610169493,
      "accuracy": 0.8264406779661017,
      "precision": 0.654296875,
      "recall": 0.8091787439613527,
      "f1": 0.7235421166306696,
      "pr_auc": 0.812676449319513,
      "roc_auc": 0.9039963210352098,
      "tn": 884,
      "fp": 177,
      "fn": 79,
      "tp": 335,
      "fpr": 0.16682375117813383,
      "fnr": 0.19082125603864733,
      "gate_pass_rate": 1.0,
      "gate_recall_on_fall": 1.0,
      "gate_fpr_on_non_fall": 1.0
    }
  }
}