{
  "config": {
    "gate_feature": "gyro_mag_mean",
    "gate_threshold": 2.616948366191887,
    "gate_op": "<=",
    "decision_threshold": 0.4099999999999999,
    "min_gate_recall_requested": 0.9,
    "gate_source_for_search": "WEDA",
    "drop_source": false,
    "rf_trees": 8,
    "rf_max_depth": 6,
    "rf_min_samples_leaf": 10,
    "random_state": 42,
    "n_stage2_train_rows": 6614,
    "n_stage2_train_fall": 1845,
    "n_stage2_train_non_fall": 4769
  },
  "validation": {
    "n_rows": 2280,
    "fall_ratio": 0.2425438596491228,
    "accuracy": 0.7947368421052632,
    "precision": 0.5828460038986355,
    "recall": 0.5406871609403255,
    "f1": 0.5609756097560976,
    "pr_auc": 0.5925377382108791,
    "roc_auc": 0.6939727610936189,
    "tn": 1513,
    "fp": 214,
    "fn": 254,
    "tp": 299,
    "fpr": 0.1239143022582513,
    "fnr": 0.4593128390596745,
    "gate_pass_rate": 0.6951754385964912,
    "gate_recall_on_fall": 0.7088607594936709,
    "gate_fpr_on_non_fall": 0.690793283149971
  },
  "test": {
    "n_rows": 1475,
    "fall_ratio": 0.28067796610169493,
    "accuracy": 0.7586440677966102,
    "precision": 0.5489864864864865,
    "recall": 0.785024154589372,
    "f1": 0.6461232604373758,
    "pr_auc": 0.733650189629043,
    "roc_auc": 0.8273572921362128,
    "tn": 794,
    "fp": 267,
    "fn": 89,
    "tp": 325,
    "fpr": 0.25164938737040526,
    "fnr": 0.21497584541062803,
    "gate_pass_rate": 0.9057627118644068,
    "gate_recall_on_fall": 0.9299516908212561,
    "gate_fpr_on_non_fall": 0.8963242224316682
  },
  "validation_per_source": {
    "UP": {
      "n_rows": 807,
      "fall_ratio": 0.16728624535315986,
      "accuracy": 0.828996282527881,
      "precision": 0.0,
      "recall": 0.0,
      "f1": 0.0,
      "pr_auc": 0.1563651954091672,
      "roc_auc": 0.3453428130511464,
      "tn": 669,
      "fp": 3,
      "fn": 135,
      "tp": 0,
      "fpr": 0.004464285714285714,
      "fnr": 1.0,
      "gate_pass_rate": 0.37298636926889717,
      "gate_recall_on_fall": 0.1111111111111111,
      "gate_fpr_on_non_fall": 0.4255952380952381
    },
    "WEDA": {
      "n_rows": 1473,
      "fall_ratio": 0.2837746096401901,
      "accuracy": 0.7759674134419552,
      "precision": 0.5862745098039216,
      "recall": 0.715311004784689,
      "f1": 0.6443965517241379,
      "pr_auc": 0.7081122265805397,
      "roc_auc": 0.8092609809746253,
      "tn": 844,
      "fp": 211,
      "fn": 119,
      "tp": 299,
      "fpr": 0.2,
      "fnr": 0.284688995215311,
      "gate_pass_rate": 0.8716904276985743,
      "gate_recall_on_fall": 0.9019138755980861,
      "gate_fpr_on_non_fall": 0.8597156398104265
    }
  },
  "test_per_source": {
    "WEDA": {
      "n_rows": 1475,
      "fall_ratio": 0.28067796610169493,
      "accuracy": 0.7586440677966102,
      "precision": 0.5489864864864865,
      "recall": 0.785024154589372,
      "f1": 0.6461232604373758,
      "pr_auc": 0.733650189629043,
      "roc_auc": 0.8273572921362128,
      "tn": 794,
      "fp": 267,
      "fn": 89,
      "tp": 325,
      "fpr": 0.25164938737040526,
      "fnr": 0.21497584541062803,
      "gate_pass_rate": 0.9057627118644068,
      "gate_recall_on_fall": 0.9299516908212561,
      "gate_fpr_on_non_fall": 0.8963242224316682
    }
  }
}