{
    "accuracy": 0.8936567164179104,
    "precision": 0.8701754385964913,
    "recall": 0.9253731343283582,
    "f1": 0.8969258589511754,
    "false_alarm_rate": 0.13805970149253732,
    "miss_rate": 0.07462686567164178
}