{
  "config": {
    "gate_feature": "acc_mag_std",
    "gate_threshold": 0.027832869085217017,
    "gate_op": ">=",
    "decision_threshold": 0.4599999999999999,
    "min_gate_recall_requested": 0.9,
    "gate_source_for_search": "ALL",
    "drop_source": true,
    "rf_trees": 50,
    "rf_max_depth": 10,
    "rf_min_samples_leaf": 2,
    "random_state": 42,
    "n_stage2_train_rows": 7677,
    "n_stage2_train_fall": 2238,
    "n_stage2_train_non_fall": 5439
  },
  "validation": {
    "n_rows": 2280,
    "fall_ratio": 0.2425438596491228,
    "accuracy": 0.8245614035087719,
    "precision": 0.6363636363636364,
    "recall": 0.6455696202531646,
    "f1": 0.6409335727109515,
    "pr_auc": 0.715859741453308,
    "roc_auc": 0.8318164541255728,
    "tn": 1523,
    "fp": 204,
    "fn": 196,
    "tp": 357,
    "fpr": 0.11812391430225826,
    "fnr": 0.35443037974683544,
    "gate_pass_rate": 0.7526315789473684,
    "gate_recall_on_fall": 0.9041591320072333,
    "gate_fpr_on_non_fall": 0.704111175448755
  },
  "test": {
    "n_rows": 1475,
    "fall_ratio": 0.28067796610169493,
    "accuracy": 0.8277966101694916,
    "precision": 0.66,
    "recall": 0.7971014492753623,
    "f1": 0.7221006564551422,
    "pr_auc": 0.814719481440199,
    "roc_auc": 0.9022615616477028,
    "tn": 891,
    "fp": 170,
    "fn": 84,
    "tp": 330,
    "fpr": 0.16022620169651272,
    "fnr": 0.2028985507246377,
    "gate_pass_rate": 1.0,
    "gate_recall_on_fall": 1.0,
    "gate_fpr_on_non_fall": 1.0
  },
  "validation_per_source": {
    "UP": {
      "n_rows": 807,
      "fall_ratio": 0.16728624535315986,
      "accuracy": 0.7806691449814126,
      "precision": 0.36363636363636365,
      "recall": 0.4148148148148148,
      "f1": 0.3875432525951557,
      "pr_auc": 0.35520249430515494,
      "roc_auc": 0.699156746031746,
      "tn": 574,
      "fp": 98,
      "fn": 79,
      "tp": 56,
      "fpr": 0.14583333333333334,
      "fnr": 0.5851851851851851,
      "gate_pass_rate": 0.30111524163568776,
      "gate_recall_on_fall": 0.6074074074074074,
      "gate_fpr_on_non_fall": 0.23958333333333334
    },
    "WEDA": {
      "n_rows": 1473,
      "fall_ratio": 0.2837746096401901,
      "accuracy": 0.8486082824168364,
      "precision": 0.7395577395577395,
      "recall": 0.7200956937799043,
      "f1": 0.7296969696969697,
      "pr_auc": 0.8179304991998817,
      "roc_auc": 0.8965600126987006,
      "tn": 949,
      "fp": 106,
      "fn": 117,
      "tp": 301,
      "fpr": 0.1004739336492891,
      "fnr": 0.2799043062200957,
      "gate_pass_rate": 1.0,
      "gate_recall_on_fall": 1.0,
      "gate_fpr_on_non_fall": 1.0
    }
  },
  "test_per_source": {
    "WEDA": {
      "n_rows": 1475,
      "fall_ratio": 0.28067796610169493,
      "accuracy": 0.8277966101694916,
      "precision": 0.66,
      "recall": 0.7971014492753623,
      "f1": 0.7221006564551422,
      "pr_auc": 0.814719481440199,
      "roc_auc": 0.9022615616477028,
      "tn": 891,
      "fp": 170,
      "fn": 84,
      "tp": 330,
      "fpr": 0.16022620169651272,
      "fnr": 0.2028985507246377,
      "gate_pass_rate": 1.0,
      "gate_recall_on_fall": 1.0,
      "gate_fpr_on_non_fall": 1.0
    }
  }
}