{
  "config": {
    "gate_feature": "acc_mag_std",
    "gate_threshold": 0.027832869085217017,
    "gate_op": ">=",
    "decision_threshold": 0.4549999999999999,
    "min_gate_recall_requested": 0.9,
    "gate_source_for_search": "ALL",
    "drop_source": false,
    "rf_trees": 30,
    "rf_max_depth": 8,
    "rf_min_samples_leaf": 6,
    "random_state": 42,
    "n_stage2_train_rows": 7677,
    "n_stage2_train_fall": 2238,
    "n_stage2_train_non_fall": 5439
  },
  "validation": {
    "n_rows": 2280,
    "fall_ratio": 0.2425438596491228,
    "accuracy": 0.8267543859649122,
    "precision": 0.6316666666666667,
    "recall": 0.6853526220614828,
    "f1": 0.6574154379878577,
    "pr_auc": 0.7180779682110745,
    "roc_auc": 0.8327954799373004,
    "tn": 1506,
    "fp": 221,
    "fn": 174,
    "tp": 379,
    "fpr": 0.12796757382744645,
    "fnr": 0.31464737793851716,
    "gate_pass_rate": 0.7526315789473684,
    "gate_recall_on_fall": 0.9041591320072333,
    "gate_fpr_on_non_fall": 0.704111175448755
  },
  "test": {
    "n_rows": 1475,
    "fall_ratio": 0.28067796610169493,
    "accuracy": 0.8115254237288135,
    "precision": 0.6278195488721805,
    "recall": 0.8067632850241546,
    "f1": 0.7061310782241015,
    "pr_auc": 0.8039126013093048,
    "roc_auc": 0.8927977889785865,
    "tn": 863,
    "fp": 198,
    "fn": 80,
    "tp": 334,
    "fpr": 0.18661639962299717,
    "fnr": 0.1932367149758454,
    "gate_pass_rate": 1.0,
    "gate_recall_on_fall": 1.0,
    "gate_fpr_on_non_fall": 1.0
  },
  "validation_per_source": {
    "UP": {
      "n_rows": 807,
      "fall_ratio": 0.16728624535315986,
      "accuracy": 0.8042131350681536,
      "precision": 0.423841059602649,
      "recall": 0.4740740740740741,
      "f1": 0.44755244755244755,
      "pr_auc": 0.3518415236249587,
      "roc_auc": 0.7037533068783068,
      "tn": 585,
      "fp": 87,
      "fn": 71,
      "tp": 64,
      "fpr": 0.12946428571428573,
      "fnr": 0.5259259259259259,
      "gate_pass_rate": 0.30111524163568776,
      "gate_recall_on_fall": 0.6074074074074074,
      "gate_fpr_on_non_fall": 0.23958333333333334
    },
    "WEDA": {
      "n_rows": 1473,
      "fall_ratio": 0.2837746096401901,
      "accuracy": 0.8391038696537678,
      "precision": 0.7015590200445434,
      "recall": 0.7535885167464115,
      "f1": 0.726643598615917,
      "pr_auc": 0.8137582044306794,
      "roc_auc": 0.8922764688541691,
      "tn": 921,
      "fp": 134,
      "fn": 103,
      "tp": 315,
      "fpr": 0.12701421800947868,
      "fnr": 0.24641148325358853,
      "gate_pass_rate": 1.0,
      "gate_recall_on_fall": 1.0,
      "gate_fpr_on_non_fall": 1.0
    }
  },
  "test_per_source": {
    "WEDA": {
      "n_rows": 1475,
      "fall_ratio": 0.28067796610169493,
      "accuracy": 0.8115254237288135,
      "precision": 0.6278195488721805,
      "recall": 0.8067632850241546,
      "f1": 0.7061310782241015,
      "pr_auc": 0.8039126013093048,
      "roc_auc": 0.8927977889785865,
      "tn": 863,
      "fp": 198,
      "fn": 80,
      "tp": 334,
      "fpr": 0.18661639962299717,
      "fnr": 0.1932367149758454,
      "gate_pass_rate": 1.0,
      "gate_recall_on_fall": 1.0,
      "gate_fpr_on_non_fall": 1.0
    }
  }
}