{
  "config": {
    "gate_feature": "acc_mag_std",
    "gate_threshold": 0.004506217613876566,
    "gate_op": ">=",
    "decision_threshold": 0.5299999999999999,
    "min_gate_recall_requested": 0.95,
    "gate_source_for_search": "ALL",
    "drop_source": false,
    "rf_trees": 8,
    "rf_max_depth": 6,
    "rf_min_samples_leaf": 10,
    "random_state": 42,
    "n_stage2_train_rows": 8278,
    "n_stage2_train_fall": 2336,
    "n_stage2_train_non_fall": 5942
  },
  "validation": {
    "n_rows": 2280,
    "fall_ratio": 0.2425438596491228,
    "accuracy": 0.8412280701754385,
    "precision": 0.6993736951983298,
    "recall": 0.6057866184448463,
    "f1": 0.6492248062015504,
    "pr_auc": 0.7031432135305448,
    "roc_auc": 0.8367189127892184,
    "tn": 1583,
    "fp": 144,
    "fn": 218,
    "tp": 335,
    "fpr": 0.08338158656629995,
    "fnr": 0.39421338155515373,
    "gate_pass_rate": 0.8324561403508772,
    "gate_recall_on_fall": 0.9511754068716094,
    "gate_fpr_on_non_fall": 0.7944412275622467
  },
  "test": {
    "n_rows": 1475,
    "fall_ratio": 0.28067796610169493,
    "accuracy": 0.7993220338983051,
    "precision": 0.6209016393442623,
    "recall": 0.7318840579710145,
    "f1": 0.6718403547671841,
    "pr_auc": 0.7736514428812009,
    "roc_auc": 0.8736186807632941,
    "tn": 876,
    "fp": 185,
    "fn": 111,
    "tp": 303,
    "fpr": 0.17436380772855797,
    "fnr": 0.26811594202898553,
    "gate_pass_rate": 1.0,
    "gate_recall_on_fall": 1.0,
    "gate_fpr_on_non_fall": 1.0
  },
  "validation_per_source": {
    "UP": {
      "n_rows": 807,
      "fall_ratio": 0.16728624535315986,
      "accuracy": 0.8426270136307311,
      "precision": 0.5571428571428572,
      "recall": 0.28888888888888886,
      "f1": 0.3804878048780488,
      "pr_auc": 0.3511826339664168,
      "roc_auc": 0.7063492063492064,
      "tn": 641,
      "fp": 31,
      "fn": 96,
      "tp": 39,
      "fpr": 0.046130952380952384,
      "fnr": 0.7111111111111111,
      "gate_pass_rate": 0.5266418835192069,
      "gate_recall_on_fall": 0.8,
      "gate_fpr_on_non_fall": 0.47172619047619047
    },
    "WEDA": {
      "n_rows": 1473,
      "fall_ratio": 0.2837746096401901,
      "accuracy": 0.8404616429056347,
      "precision": 0.7237163814180929,
      "recall": 0.7081339712918661,
      "f1": 0.7158403869407497,
      "pr_auc": 0.7856322371586227,
      "roc_auc": 0.8803317535545023,
      "tn": 942,
      "fp": 113,
      "fn": 122,
      "tp": 296,
      "fpr": 0.10710900473933649,
      "fnr": 0.291866028708134,
      "gate_pass_rate": 1.0,
      "gate_recall_on_fall": 1.0,
      "gate_fpr_on_non_fall": 1.0
    }
  },
  "test_per_source": {
    "WEDA": {
      "n_rows": 1475,
      "fall_ratio": 0.28067796610169493,
      "accuracy": 0.7993220338983051,
      "precision": 0.6209016393442623,
      "recall": 0.7318840579710145,
      "f1": 0.6718403547671841,
      "pr_auc": 0.7736514428812009,
      "roc_auc": 0.8736186807632941,
      "tn": 876,
      "fp": 185,
      "fn": 111,
      "tp": 303,
      "fpr": 0.17436380772855797,
      "fnr": 0.26811594202898553,
      "gate_pass_rate": 1.0,
      "gate_recall_on_fall": 1.0,
      "gate_fpr_on_non_fall": 1.0
    }
  }
}