{
  "config": {
    "gate_feature": "gyro_mag_mean",
    "gate_threshold": 2.838541112469445,
    "gate_op": "<=",
    "decision_threshold": 0.43499999999999994,
    "min_gate_recall_requested": 0.93,
    "gate_source_for_search": "WEDA",
    "drop_source": false,
    "rf_trees": 8,
    "rf_max_depth": 6,
    "rf_min_samples_leaf": 4,
    "random_state": 42,
    "n_stage2_train_rows": 6845,
    "n_stage2_train_fall": 1919,
    "n_stage2_train_non_fall": 4926
  },
  "validation": {
    "n_rows": 2280,
    "fall_ratio": 0.2425438596491228,
    "accuracy": 0.8074561403508772,
    "precision": 0.6130952380952381,
    "recall": 0.5587703435804702,
    "f1": 0.5846736045411542,
    "pr_auc": 0.6143764871245909,
    "roc_auc": 0.7114433981724153,
    "tn": 1532,
    "fp": 195,
    "fn": 244,
    "tp": 309,
    "fpr": 0.1129125651418645,
    "fnr": 0.4412296564195298,
    "gate_pass_rate": 0.7131578947368421,
    "gate_recall_on_fall": 0.7359855334538878,
    "gate_fpr_on_non_fall": 0.705848291835553
  },
  "test": {
    "n_rows": 1475,
    "fall_ratio": 0.28067796610169493,
    "accuracy": 0.7749152542372881,
    "precision": 0.5732142857142857,
    "recall": 0.7753623188405797,
    "f1": 0.6591375770020534,
    "pr_auc": 0.7498818570850077,
    "roc_auc": 0.844865385403434,
    "tn": 822,
    "fp": 239,
    "fn": 93,
    "tp": 321,
    "fpr": 0.22525918944392084,
    "fnr": 0.2246376811594203,
    "gate_pass_rate": 0.9349152542372882,
    "gate_recall_on_fall": 0.9516908212560387,
    "gate_fpr_on_non_fall": 0.9283694627709708
  },
  "validation_per_source": {
    "UP": {
      "n_rows": 807,
      "fall_ratio": 0.16728624535315986,
      "accuracy": 0.8277571251548946,
      "precision": 0.0,
      "recall": 0.0,
      "f1": 0.0,
      "pr_auc": 0.15733130032429135,
      "roc_auc": 0.33984788359788365,
      "tn": 668,
      "fp": 4,
      "fn": 135,
      "tp": 0,
      "fpr": 0.005952380952380952,
      "fnr": 1.0,
      "gate_pass_rate": 0.38413878562577447,
      "gate_recall_on_fall": 0.1111111111111111,
      "gate_fpr_on_non_fall": 0.43898809523809523
    },
    "WEDA": {
      "n_rows": 1473,
      "fall_ratio": 0.2837746096401901,
      "accuracy": 0.7963340122199593,
      "precision": 0.618,
      "recall": 0.7392344497607656,
      "f1": 0.673202614379085,
      "pr_auc": 0.7358460857949858,
      "roc_auc": 0.8367774779473458,
      "tn": 864,
      "fp": 191,
      "fn": 109,
      "tp": 309,
      "fpr": 0.18104265402843603,
      "fnr": 0.2607655502392344,
      "gate_pass_rate": 0.8934147997284454,
      "gate_recall_on_fall": 0.937799043062201,
      "gate_fpr_on_non_fall": 0.875829383886256
    }
  },
  "test_per_source": {
    "WEDA": {
      "n_rows": 1475,
      "fall_ratio": 0.28067796610169493,
      "accuracy": 0.7749152542372881,
      "precision": 0.5732142857142857,
      "recall": 0.7753623188405797,
      "f1": 0.6591375770020534,
      "pr_auc": 0.7498818570850077,
      "roc_auc": 0.844865385403434,
      "tn": 822,
      "fp": 239,
      "fn": 93,
      "tp": 321,
      "fpr": 0.22525918944392084,
      "fnr": 0.2246376811594203,
      "gate_pass_rate": 0.9349152542372882,
      "gate_recall_on_fall": 0.9516908212560387,
      "gate_fpr_on_non_fall": 0.9283694627709708
    }
  }
}