{
  "config": {
    "gate_feature": "acc_mag_std",
    "gate_threshold": 0.027832869085217017,
    "gate_op": ">=",
    "decision_threshold": 0.48999999999999994,
    "min_gate_recall_requested": 0.9,
    "gate_source_for_search": "ALL",
    "drop_source": true,
    "rf_trees": 30,
    "rf_max_depth": 12,
    "rf_min_samples_leaf": 4,
    "random_state": 42,
    "n_stage2_train_rows": 7677,
    "n_stage2_train_fall": 2238,
    "n_stage2_train_non_fall": 5439
  },
  "validation": {
    "n_rows": 2280,
    "fall_ratio": 0.2425438596491228,
    "accuracy": 0.8293859649122807,
    "precision": 0.6564885496183206,
    "recall": 0.6220614828209765,
    "f1": 0.6388115134633241,
    "pr_auc": 0.7012503728688098,
    "roc_auc": 0.8290270158769715,
    "tn": 1547,
    "fp": 180,
    "fn": 209,
    "tp": 344,
    "fpr": 0.10422698320787492,
    "fnr": 0.3779385171790235,
    "gate_pass_rate": 0.7526315789473684,
    "gate_recall_on_fall": 0.9041591320072333,
    "gate_fpr_on_non_fall": 0.704111175448755
  },
  "test": {
    "n_rows": 1475,
    "fall_ratio": 0.28067796610169493,
    "accuracy": 0.8372881355932204,
    "precision": 0.6916299559471366,
    "recall": 0.7584541062801933,
    "f1": 0.7235023041474654,
    "pr_auc": 0.817679323535536,
    "roc_auc": 0.9021295195945853,
    "tn": 921,
    "fp": 140,
    "fn": 100,
    "tp": 314,
    "fpr": 0.13195098963242224,
    "fnr": 0.24154589371980675,
    "gate_pass_rate": 1.0,
    "gate_recall_on_fall": 1.0,
    "gate_fpr_on_non_fall": 1.0
  },
  "validation_per_source": {
    "UP": {
      "n_rows": 807,
      "fall_ratio": 0.16728624535315986,
      "accuracy": 0.79182156133829,
      "precision": 0.39072847682119205,
      "recall": 0.43703703703703706,
      "f1": 0.4125874125874126,
      "pr_auc": 0.325352761812842,
      "roc_auc": 0.6952215608465608,
      "tn": 580,
      "fp": 92,
      "fn": 76,
      "tp": 59,
      "fpr": 0.13690476190476192,
      "fnr": 0.562962962962963,
      "gate_pass_rate": 0.30111524163568776,
      "gate_recall_on_fall": 0.6074074074074074,
      "gate_fpr_on_non_fall": 0.23958333333333334
    },
    "WEDA": {
      "n_rows": 1473,
      "fall_ratio": 0.2837746096401901,
      "accuracy": 0.8499660556687033,
      "precision": 0.7640750670241286,
      "recall": 0.6818181818181818,
      "f1": 0.7206068268015171,
      "pr_auc": 0.8120077162078458,
      "roc_auc": 0.8950316333703712,
      "tn": 967,
      "fp": 88,
      "fn": 133,
      "tp": 285,
      "fpr": 0.08341232227488152,
      "fnr": 0.3181818181818182,
      "gate_pass_rate": 1.0,
      "gate_recall_on_fall": 1.0,
      "gate_fpr_on_non_fall": 1.0
    }
  },
  "test_per_source": {
    "WEDA": {
      "n_rows": 1475,
      "fall_ratio": 0.28067796610169493,
      "accuracy": 0.8372881355932204,
      "precision": 0.6916299559471366,
      "recall": 0.7584541062801933,
      "f1": 0.7235023041474654,
      "pr_auc": 0.817679323535536,
      "roc_auc": 0.9021295195945853,
      "tn": 921,
      "fp": 140,
      "fn": 100,
      "tp": 314,
      "fpr": 0.13195098963242224,
      "fnr": 0.24154589371980675,
      "gate_pass_rate": 1.0,
      "gate_recall_on_fall": 1.0,
      "gate_fpr_on_non_fall": 1.0
    }
  }
}