{
  "config": {
    "gate_feature": "acc_mag_std",
    "gate_threshold": 0.027832869085217017,
    "gate_op": ">=",
    "decision_threshold": 0.4649999999999999,
    "min_gate_recall_requested": 0.9,
    "gate_source_for_search": "ALL",
    "drop_source": false,
    "rf_trees": 40,
    "rf_max_depth": 8,
    "rf_min_samples_leaf": 6,
    "random_state": 42,
    "n_stage2_train_rows": 7677,
    "n_stage2_train_fall": 2238,
    "n_stage2_train_non_fall": 5439
  },
  "validation": {
    "n_rows": 2280,
    "fall_ratio": 0.2425438596491228,
    "accuracy": 0.8302631578947368,
    "precision": 0.6461267605633803,
    "recall": 0.6636528028933092,
    "f1": 0.6547725245316681,
    "pr_auc": 0.715372319757073,
    "roc_auc": 0.8326488878371486,
    "tn": 1526,
    "fp": 201,
    "fn": 186,
    "tp": 367,
    "fpr": 0.11638679791546033,
    "fnr": 0.33634719710669075,
    "gate_pass_rate": 0.7526315789473684,
    "gate_recall_on_fall": 0.9041591320072333,
    "gate_fpr_on_non_fall": 0.704111175448755
  },
  "test": {
    "n_rows": 1475,
    "fall_ratio": 0.28067796610169493,
    "accuracy": 0.816271186440678,
    "precision": 0.6361904761904762,
    "recall": 0.8067632850241546,
    "f1": 0.711395101171459,
    "pr_auc": 0.8049493157074836,
    "roc_auc": 0.894077230941551,
    "tn": 870,
    "fp": 191,
    "fn": 80,
    "tp": 334,
    "fpr": 0.18001885014137606,
    "fnr": 0.1932367149758454,
    "gate_pass_rate": 1.0,
    "gate_recall_on_fall": 1.0,
    "gate_fpr_on_non_fall": 1.0
  },
  "validation_per_source": {
    "UP": {
      "n_rows": 807,
      "fall_ratio": 0.16728624535315986,
      "accuracy": 0.815365551425031,
      "precision": 0.4492753623188406,
      "recall": 0.45925925925925926,
      "f1": 0.4542124542124542,
      "pr_auc": 0.361674959299684,
      "roc_auc": 0.7055500440917107,
      "tn": 596,
      "fp": 76,
      "fn": 73,
      "tp": 62,
      "fpr": 0.1130952380952381,
      "fnr": 0.5407407407407407,
      "gate_pass_rate": 0.30111524163568776,
      "gate_recall_on_fall": 0.6074074074074074,
      "gate_fpr_on_non_fall": 0.23958333333333334
    },
    "WEDA": {
      "n_rows": 1473,
      "fall_ratio": 0.2837746096401901,
      "accuracy": 0.8384249830278343,
      "precision": 0.7093023255813954,
      "recall": 0.7296650717703349,
      "f1": 0.7193396226415094,
      "pr_auc": 0.8100537307265417,
      "roc_auc": 0.8925054989909068,
      "tn": 930,
      "fp": 125,
      "fn": 113,
      "tp": 305,
      "fpr": 0.11848341232227488,
      "fnr": 0.2703349282296651,
      "gate_pass_rate": 1.0,
      "gate_recall_on_fall": 1.0,
      "gate_fpr_on_non_fall": 1.0
    }
  },
  "test_per_source": {
    "WEDA": {
      "n_rows": 1475,
      "fall_ratio": 0.28067796610169493,
      "accuracy": 0.816271186440678,
      "precision": 0.6361904761904762,
      "recall": 0.8067632850241546,
      "f1": 0.711395101171459,
      "pr_auc": 0.8049493157074836,
      "roc_auc": 0.894077230941551,
      "tn": 870,
      "fp": 191,
      "fn": 80,
      "tp": 334,
      "fpr": 0.18001885014137606,
      "fnr": 0.1932367149758454,
      "gate_pass_rate": 1.0,
      "gate_recall_on_fall": 1.0,
      "gate_fpr_on_non_fall": 1.0
    }
  }
}