{
  "config": {
    "gate_feature": "acc_mag_std",
    "gate_threshold": 0.004506217613876566,
    "gate_op": ">=",
    "decision_threshold": 0.4799999999999999,
    "min_gate_recall_requested": 0.95,
    "gate_source_for_search": "ALL",
    "drop_source": false,
    "rf_trees": 20,
    "rf_max_depth": 8,
    "rf_min_samples_leaf": 5,
    "random_state": 42,
    "n_stage2_train_rows": 8278,
    "n_stage2_train_fall": 2336,
    "n_stage2_train_non_fall": 5942
  },
  "validation": {
    "n_rows": 2280,
    "fall_ratio": 0.2425438596491228,
    "accuracy": 0.8144736842105263,
    "precision": 0.6101694915254238,
    "recall": 0.650994575045208,
    "f1": 0.6299212598425197,
    "pr_auc": 0.6960252283337639,
    "roc_auc": 0.8319101683610269,
    "tn": 1497,
    "fp": 230,
    "fn": 193,
    "tp": 360,
    "fpr": 0.13317892298784018,
    "fnr": 0.34900542495479203,
    "gate_pass_rate": 0.8324561403508772,
    "gate_recall_on_fall": 0.9511754068716094,
    "gate_fpr_on_non_fall": 0.7944412275622467
  },
  "test": {
    "n_rows": 1475,
    "fall_ratio": 0.28067796610169493,
    "accuracy": 0.8135593220338984,
    "precision": 0.6387225548902196,
    "recall": 0.7729468599033816,
    "f1": 0.6994535519125683,
    "pr_auc": 0.8005967703351091,
    "roc_auc": 0.894556452530882,
    "tn": 880,
    "fp": 181,
    "fn": 94,
    "tp": 320,
    "fpr": 0.1705937794533459,
    "fnr": 0.22705314009661837,
    "gate_pass_rate": 1.0,
    "gate_recall_on_fall": 1.0,
    "gate_fpr_on_non_fall": 1.0
  },
  "validation_per_source": {
    "UP": {
      "n_rows": 807,
      "fall_ratio": 0.16728624535315986,
      "accuracy": 0.7831474597273854,
      "precision": 0.3684210526315789,
      "recall": 0.4148148148148148,
      "f1": 0.3902439024390244,
      "pr_auc": 0.33298850745356606,
      "roc_auc": 0.683316798941799,
      "tn": 576,
      "fp": 96,
      "fn": 79,
      "tp": 56,
      "fpr": 0.14285714285714285,
      "fnr": 0.5851851851851851,
      "gate_pass_rate": 0.5266418835192069,
      "gate_recall_on_fall": 0.8,
      "gate_fpr_on_non_fall": 0.47172619047619047
    },
    "WEDA": {
      "n_rows": 1473,
      "fall_ratio": 0.2837746096401901,
      "accuracy": 0.8316361167684997,
      "precision": 0.6940639269406392,
      "recall": 0.7272727272727273,
      "f1": 0.7102803738317757,
      "pr_auc": 0.8002871682318262,
      "roc_auc": 0.890479375949568,
      "tn": 921,
      "fp": 134,
      "fn": 114,
      "tp": 304,
      "fpr": 0.12701421800947868,
      "fnr": 0.2727272727272727,
      "gate_pass_rate": 1.0,
      "gate_recall_on_fall": 1.0,
      "gate_fpr_on_non_fall": 1.0
    }
  },
  "test_per_source": {
    "WEDA": {
      "n_rows": 1475,
      "fall_ratio": 0.28067796610169493,
      "accuracy": 0.8135593220338984,
      "precision": 0.6387225548902196,
      "recall": 0.7729468599033816,
      "f1": 0.6994535519125683,
      "pr_auc": 0.8005967703351091,
      "roc_auc": 0.894556452530882,
      "tn": 880,
      "fp": 181,
      "fn": 94,
      "tp": 320,
      "fpr": 0.1705937794533459,
      "fnr": 0.22705314009661837,
      "gate_pass_rate": 1.0,
      "gate_recall_on_fall": 1.0,
      "gate_fpr_on_non_fall": 1.0
    }
  }
}