{
    "accuracy": 0.8793532338308457,
    "precision": 0.8086642599277978,
    "recall": 0.835820895522388,
    "f1": 0.8220183486238533,
    "false_alarm_rate": 0.09888059701492537,
    "miss_rate": 0.16417910447761194,
    "confusion_matrix": [
        [
            966,
            106
        ],
        [
            88,
            448
        ]
    ]
}