{
  "config": {
    "gate_feature": "gyro_mag_mean",
    "gate_threshold": 3.0909158145027127,
    "gate_op": "<=",
    "decision_threshold": 0.4549999999999999,
    "min_gate_recall_requested": 0.95,
    "gate_source_for_search": "WEDA",
    "drop_source": false,
    "rf_trees": 8,
    "rf_max_depth": 6,
    "rf_min_samples_leaf": 5,
    "random_state": 42,
    "n_stage2_train_rows": 7030,
    "n_stage2_train_fall": 1978,
    "n_stage2_train_non_fall": 5052
  },
  "validation": {
    "n_rows": 2280,
    "fall_ratio": 0.2425438596491228,
    "accuracy": 0.8127192982456141,
    "precision": 0.6290983606557377,
    "recall": 0.5551537070524413,
    "f1": 0.5898174831892411,
    "pr_auc": 0.626103036994976,
    "roc_auc": 0.7191829375172114,
    "tn": 1546,
    "fp": 181,
    "fn": 246,
    "tp": 307,
    "fpr": 0.10480602200347423,
    "fnr": 0.4448462929475588,
    "gate_pass_rate": 0.7271929824561404,
    "gate_recall_on_fall": 0.7486437613019892,
    "gate_fpr_on_non_fall": 0.7203242617255357
  },
  "test": {
    "n_rows": 1475,
    "fall_ratio": 0.28067796610169493,
    "accuracy": 0.7959322033898305,
    "precision": 0.6048237476808905,
    "recall": 0.7874396135265701,
    "f1": 0.6841552990556139,
    "pr_auc": 0.7652241957063155,
    "roc_auc": 0.8641321422229506,
    "tn": 848,
    "fp": 213,
    "fn": 88,
    "tp": 326,
    "fpr": 0.20075400565504242,
    "fnr": 0.21256038647342995,
    "gate_pass_rate": 0.9559322033898305,
    "gate_recall_on_fall": 0.9710144927536232,
    "gate_fpr_on_non_fall": 0.9500471253534402
  },
  "validation_per_source": {
    "UP": {
      "n_rows": 807,
      "fall_ratio": 0.16728624535315986,
      "accuracy": 0.8265179677819083,
      "precision": 0.2222222222222222,
      "recall": 0.014814814814814815,
      "f1": 0.027777777777777776,
      "pr_auc": 0.16669553714634952,
      "roc_auc": 0.33783619929453257,
      "tn": 665,
      "fp": 7,
      "fn": 133,
      "tp": 2,
      "fpr": 0.010416666666666666,
      "fnr": 0.9851851851851852,
      "gate_pass_rate": 0.3952912019826518,
      "gate_recall_on_fall": 0.11851851851851852,
      "gate_fpr_on_non_fall": 0.45089285714285715
    },
    "WEDA": {
      "n_rows": 1473,
      "fall_ratio": 0.2837746096401901,
      "accuracy": 0.8051595383570944,
      "precision": 0.6367432150313153,
      "recall": 0.7296650717703349,
      "f1": 0.6800445930880713,
      "pr_auc": 0.7499255920763156,
      "roc_auc": 0.8480090251479624,
      "tn": 881,
      "fp": 174,
      "fn": 113,
      "tp": 305,
      "fpr": 0.16492890995260664,
      "fnr": 0.2703349282296651,
      "gate_pass_rate": 0.9090291921249152,
      "gate_recall_on_fall": 0.9521531100478469,
      "gate_fpr_on_non_fall": 0.8919431279620853
    }
  },
  "test_per_source": {
    "WEDA": {
      "n_rows": 1475,
      "fall_ratio": 0.28067796610169493,
      "accuracy": 0.7959322033898305,
      "precision": 0.6048237476808905,
      "recall": 0.7874396135265701,
      "f1": 0.6841552990556139,
      "pr_auc": 0.7652241957063155,
      "roc_auc": 0.8641321422229506,
      "tn": 848,
      "fp": 213,
      "fn": 88,
      "tp": 326,
      "fpr": 0.20075400565504242,
      "fnr": 0.21256038647342995,
      "gate_pass_rate": 0.9559322033898305,
      "gate_recall_on_fall": 0.9710144927536232,
      "gate_fpr_on_non_fall": 0.9500471253534402
    }
  }
}