{
  "config": {
    "gate_feature": "acc_mag_std",
    "gate_threshold": 0.027832869085217017,
    "gate_op": ">=",
    "decision_threshold": 0.5099999999999999,
    "min_gate_recall_requested": 0.9,
    "gate_source_for_search": "ALL",
    "drop_source": false,
    "rf_trees": 20,
    "rf_max_depth": 10,
    "rf_min_samples_leaf": 2,
    "random_state": 42,
    "n_stage2_train_rows": 7677,
    "n_stage2_train_fall": 2238,
    "n_stage2_train_non_fall": 5439
  },
  "validation": {
    "n_rows": 2280,
    "fall_ratio": 0.2425438596491228,
    "accuracy": 0.8298245614035088,
    "precision": 0.6729559748427673,
    "recall": 0.5804701627486437,
    "f1": 0.6233009708737864,
    "pr_auc": 0.6969949227431009,
    "roc_auc": 0.8236261440728103,
    "tn": 1571,
    "fp": 156,
    "fn": 232,
    "tp": 321,
    "fpr": 0.0903300521134916,
    "fnr": 0.41952983725135623,
    "gate_pass_rate": 0.7526315789473684,
    "gate_recall_on_fall": 0.9041591320072333,
    "gate_fpr_on_non_fall": 0.704111175448755
  },
  "test": {
    "n_rows": 1475,
    "fall_ratio": 0.28067796610169493,
    "accuracy": 0.8338983050847457,
    "precision": 0.6865342163355408,
    "recall": 0.751207729468599,
    "f1": 0.7174163783160323,
    "pr_auc": 0.8035019946903871,
    "roc_auc": 0.9009843962718608,
    "tn": 919,
    "fp": 142,
    "fn": 103,
    "tp": 311,
    "fpr": 0.13383600377002827,
    "fnr": 0.24879227053140096,
    "gate_pass_rate": 1.0,
    "gate_recall_on_fall": 1.0,
    "gate_fpr_on_non_fall": 1.0
  },
  "validation_per_source": {
    "UP": {
      "n_rows": 807,
      "fall_ratio": 0.16728624535315986,
      "accuracy": 0.7831474597273854,
      "precision": 0.35507246376811596,
      "recall": 0.362962962962963,
      "f1": 0.358974358974359,
      "pr_auc": 0.3130621518188428,
      "roc_auc": 0.6875826719576719,
      "tn": 583,
      "fp": 89,
      "fn": 86,
      "tp": 49,
      "fpr": 0.1324404761904762,
      "fnr": 0.6370370370370371,
      "gate_pass_rate": 0.30111524163568776,
      "gate_recall_on_fall": 0.6074074074074074,
      "gate_fpr_on_non_fall": 0.23958333333333334
    },
    "WEDA": {
      "n_rows": 1473,
      "fall_ratio": 0.2837746096401901,
      "accuracy": 0.8553971486761711,
      "precision": 0.8023598820058997,
      "recall": 0.6507177033492823,
      "f1": 0.7186261558784677,
      "pr_auc": 0.8092572680988005,
      "roc_auc": 0.8891902310709994,
      "tn": 988,
      "fp": 67,
      "fn": 146,
      "tp": 272,
      "fpr": 0.06350710900473934,
      "fnr": 0.3492822966507177,
      "gate_pass_rate": 1.0,
      "gate_recall_on_fall": 1.0,
      "gate_fpr_on_non_fall": 1.0
    }
  },
  "test_per_source": {
    "WEDA": {
      "n_rows": 1475,
      "fall_ratio": 0.28067796610169493,
      "accuracy": 0.8338983050847457,
      "precision": 0.6865342163355408,
      "recall": 0.751207729468599,
      "f1": 0.7174163783160323,
      "pr_auc": 0.8035019946903871,
      "roc_auc": 0.9009843962718608,
      "tn": 919,
      "fp": 142,
      "fn": 103,
      "tp": 311,
      "fpr": 0.13383600377002827,
      "fnr": 0.24879227053140096,
      "gate_pass_rate": 1.0,
      "gate_recall_on_fall": 1.0,
      "gate_fpr_on_non_fall": 1.0
    }
  }
}