{
  "config": {
    "gate_feature": "acc_mag_std",
    "gate_threshold": 0.027832869085217017,
    "gate_op": ">=",
    "decision_threshold": 0.5199999999999999,
    "min_gate_recall_requested": 0.9,
    "gate_source_for_search": "ALL",
    "drop_source": false,
    "rf_trees": 30,
    "rf_max_depth": 10,
    "rf_min_samples_leaf": 4,
    "random_state": 42,
    "n_stage2_train_rows": 7677,
    "n_stage2_train_fall": 2238,
    "n_stage2_train_non_fall": 5439
  },
  "validation": {
    "n_rows": 2280,
    "fall_ratio": 0.2425438596491228,
    "accuracy": 0.8456140350877193,
    "precision": 0.7248322147651006,
    "recall": 0.5858951175406871,
    "f1": 0.648,
    "pr_auc": 0.723538740009312,
    "roc_auc": 0.8350257740324659,
    "tn": 1604,
    "fp": 123,
    "fn": 229,
    "tp": 324,
    "fpr": 0.07122177185871453,
    "fnr": 0.4141048824593128,
    "gate_pass_rate": 0.7526315789473684,
    "gate_recall_on_fall": 0.9041591320072333,
    "gate_fpr_on_non_fall": 0.704111175448755
  },
  "test": {
    "n_rows": 1475,
    "fall_ratio": 0.28067796610169493,
    "accuracy": 0.8386440677966102,
    "precision": 0.7,
    "recall": 0.7439613526570048,
    "f1": 0.7213114754098361,
    "pr_auc": 0.8154361746040009,
    "roc_auc": 0.9042512987929535,
    "tn": 929,
    "fp": 132,
    "fn": 106,
    "tp": 308,
    "fpr": 0.12441093308199812,
    "fnr": 0.2560386473429952,
    "gate_pass_rate": 1.0,
    "gate_recall_on_fall": 1.0,
    "gate_fpr_on_non_fall": 1.0
  },
  "validation_per_source": {
    "UP": {
      "n_rows": 807,
      "fall_ratio": 0.16728624535315986,
      "accuracy": 0.8203221809169765,
      "precision": 0.4537037037037037,
      "recall": 0.362962962962963,
      "f1": 0.40329218106995884,
      "pr_auc": 0.36605776276629676,
      "roc_auc": 0.7006117724867724,
      "tn": 613,
      "fp": 59,
      "fn": 86,
      "tp": 49,
      "fpr": 0.08779761904761904,
      "fnr": 0.6370370370370371,
      "gate_pass_rate": 0.30111524163568776,
      "gate_recall_on_fall": 0.6074074074074074,
      "gate_fpr_on_non_fall": 0.23958333333333334
    },
    "WEDA": {
      "n_rows": 1473,
      "fall_ratio": 0.2837746096401901,
      "accuracy": 0.8594704684317719,
      "precision": 0.8112094395280236,
      "recall": 0.6578947368421053,
      "f1": 0.726552179656539,
      "pr_auc": 0.8247444572446081,
      "roc_auc": 0.8999841266241865,
      "tn": 991,
      "fp": 64,
      "fn": 143,
      "tp": 275,
      "fpr": 0.06066350710900474,
      "fnr": 0.34210526315789475,
      "gate_pass_rate": 1.0,
      "gate_recall_on_fall": 1.0,
      "gate_fpr_on_non_fall": 1.0
    }
  },
  "test_per_source": {
    "WEDA": {
      "n_rows": 1475,
      "fall_ratio": 0.28067796610169493,
      "accuracy": 0.8386440677966102,
      "precision": 0.7,
      "recall": 0.7439613526570048,
      "f1": 0.7213114754098361,
      "pr_auc": 0.8154361746040009,
      "roc_auc": 0.9042512987929535,
      "tn": 929,
      "fp": 132,
      "fn": 106,
      "tp": 308,
      "fpr": 0.12441093308199812,
      "fnr": 0.2560386473429952,
      "gate_pass_rate": 1.0,
      "gate_recall_on_fall": 1.0,
      "gate_fpr_on_non_fall": 1.0
    }
  }
}