{
  "config": {
    "gate_feature": "gyro_mag_mean",
    "gate_threshold": 2.616948366191887,
    "gate_op": "<=",
    "decision_threshold": 0.565,
    "min_gate_recall_requested": 0.9,
    "gate_source_for_search": "WEDA",
    "drop_source": false,
    "rf_trees": 10,
    "rf_max_depth": 8,
    "rf_min_samples_leaf": 5,
    "random_state": 42,
    "n_stage2_train_rows": 6614,
    "n_stage2_train_fall": 1845,
    "n_stage2_train_non_fall": 4769
  },
  "validation": {
    "n_rows": 2280,
    "fall_ratio": 0.2425438596491228,
    "accuracy": 0.8219298245614035,
    "precision": 0.723404255319149,
    "recall": 0.43037974683544306,
    "f1": 0.5396825396825397,
    "pr_auc": 0.5747066128982175,
    "roc_auc": 0.6682317118501914,
    "tn": 1636,
    "fp": 91,
    "fn": 315,
    "tp": 238,
    "fpr": 0.052692530399536766,
    "fnr": 0.569620253164557,
    "gate_pass_rate": 0.6951754385964912,
    "gate_recall_on_fall": 0.7088607594936709,
    "gate_fpr_on_non_fall": 0.690793283149971
  },
  "test": {
    "n_rows": 1475,
    "fall_ratio": 0.28067796610169493,
    "accuracy": 0.823728813559322,
    "precision": 0.6974358974358974,
    "recall": 0.6570048309178744,
    "f1": 0.6766169154228856,
    "pr_auc": 0.7517584650436487,
    "roc_auc": 0.8343839782904652,
    "tn": 943,
    "fp": 118,
    "fn": 142,
    "tp": 272,
    "fpr": 0.1112158341187559,
    "fnr": 0.34299516908212563,
    "gate_pass_rate": 0.9057627118644068,
    "gate_recall_on_fall": 0.9299516908212561,
    "gate_fpr_on_non_fall": 0.8963242224316682
  },
  "validation_per_source": {
    "UP": {
      "n_rows": 807,
      "fall_ratio": 0.16728624535315986,
      "accuracy": 0.8178438661710037,
      "precision": 0.2,
      "recall": 0.02962962962962963,
      "f1": 0.05161290322580645,
      "pr_auc": 0.1766366854425648,
      "roc_auc": 0.33355379188712525,
      "tn": 656,
      "fp": 16,
      "fn": 131,
      "tp": 4,
      "fpr": 0.023809523809523808,
      "fnr": 0.9703703703703703,
      "gate_pass_rate": 0.37298636926889717,
      "gate_recall_on_fall": 0.1111111111111111,
      "gate_fpr_on_non_fall": 0.4255952380952381
    },
    "WEDA": {
      "n_rows": 1473,
      "fall_ratio": 0.2837746096401901,
      "accuracy": 0.8241683638832314,
      "precision": 0.7572815533980582,
      "recall": 0.5598086124401914,
      "f1": 0.6437414030261348,
      "pr_auc": 0.7257056244241227,
      "roc_auc": 0.8093584888546226,
      "tn": 980,
      "fp": 75,
      "fn": 184,
      "tp": 234,
      "fpr": 0.07109004739336493,
      "fnr": 0.44019138755980863,
      "gate_pass_rate": 0.8716904276985743,
      "gate_recall_on_fall": 0.9019138755980861,
      "gate_fpr_on_non_fall": 0.8597156398104265
    }
  },
  "test_per_source": {
    "WEDA": {
      "n_rows": 1475,
      "fall_ratio": 0.28067796610169493,
      "accuracy": 0.823728813559322,
      "precision": 0.6974358974358974,
      "recall": 0.6570048309178744,
      "f1": 0.6766169154228856,
      "pr_auc": 0.7517584650436487,
      "roc_auc": 0.8343839782904652,
      "tn": 943,
      "fp": 118,
      "fn": 142,
      "tp": 272,
      "fpr": 0.1112158341187559,
      "fnr": 0.34299516908212563,
      "gate_pass_rate": 0.9057627118644068,
      "gate_recall_on_fall": 0.9299516908212561,
      "gate_fpr_on_non_fall": 0.8963242224316682
    }
  }
}