{
  "config": {
    "gate_feature": "acc_mag_std",
    "gate_threshold": 0.027832869085217017,
    "gate_op": ">=",
    "decision_threshold": 0.5249999999999999,
    "min_gate_recall_requested": 0.9,
    "gate_source_for_search": "ALL",
    "drop_source": false,
    "rf_trees": 60,
    "rf_max_depth": 12,
    "rf_min_samples_leaf": 6,
    "random_state": 42,
    "n_stage2_train_rows": 7677,
    "n_stage2_train_fall": 2238,
    "n_stage2_train_non_fall": 5439
  },
  "validation": {
    "n_rows": 2280,
    "fall_ratio": 0.2425438596491228,
    "accuracy": 0.8407894736842105,
    "precision": 0.7056277056277056,
    "recall": 0.5895117540687161,
    "f1": 0.6423645320197044,
    "pr_auc": 0.7139230402458528,
    "roc_auc": 0.832690771294335,
    "tn": 1591,
    "fp": 136,
    "fn": 227,
    "tp": 326,
    "fpr": 0.0787492762015055,
    "fnr": 0.4104882459312839,
    "gate_pass_rate": 0.7526315789473684,
    "gate_recall_on_fall": 0.9041591320072333,
    "gate_fpr_on_non_fall": 0.704111175448755
  },
  "test": {
    "n_rows": 1475,
    "fall_ratio": 0.28067796610169493,
    "accuracy": 0.8386440677966102,
    "precision": 0.6990950226244343,
    "recall": 0.7463768115942029,
    "f1": 0.7219626168224299,
    "pr_auc": 0.8194307271484206,
    "roc_auc": 0.9048500412062269,
    "tn": 928,
    "fp": 133,
    "fn": 105,
    "tp": 309,
    "fpr": 0.12535344015080113,
    "fnr": 0.2536231884057971,
    "gate_pass_rate": 1.0,
    "gate_recall_on_fall": 1.0,
    "gate_fpr_on_non_fall": 1.0
  },
  "validation_per_source": {
    "UP": {
      "n_rows": 807,
      "fall_ratio": 0.16728624535315986,
      "accuracy": 0.815365551425031,
      "precision": 0.4396551724137931,
      "recall": 0.37777777777777777,
      "f1": 0.4063745019920319,
      "pr_auc": 0.3395316639832955,
      "roc_auc": 0.6965663580246914,
      "tn": 607,
      "fp": 65,
      "fn": 84,
      "tp": 51,
      "fpr": 0.09672619047619048,
      "fnr": 0.6222222222222222,
      "gate_pass_rate": 0.30111524163568776,
      "gate_recall_on_fall": 0.6074074074074074,
      "gate_fpr_on_non_fall": 0.23958333333333334
    },
    "WEDA": {
      "n_rows": 1473,
      "fall_ratio": 0.2837746096401901,
      "accuracy": 0.8547182620502376,
      "precision": 0.7947976878612717,
      "recall": 0.6578947368421053,
      "f1": 0.7198952879581152,
      "pr_auc": 0.8229003379313609,
      "roc_auc": 0.899421755595365,
      "tn": 984,
      "fp": 71,
      "fn": 143,
      "tp": 275,
      "fpr": 0.06729857819905213,
      "fnr": 0.34210526315789475,
      "gate_pass_rate": 1.0,
      "gate_recall_on_fall": 1.0,
      "gate_fpr_on_non_fall": 1.0
    }
  },
  "test_per_source": {
    "WEDA": {
      "n_rows": 1475,
      "fall_ratio": 0.28067796610169493,
      "accuracy": 0.8386440677966102,
      "precision": 0.6990950226244343,
      "recall": 0.7463768115942029,
      "f1": 0.7219626168224299,
      "pr_auc": 0.8194307271484206,
      "roc_auc": 0.9048500412062269,
      "tn": 928,
      "fp": 133,
      "fn": 105,
      "tp": 309,
      "fpr": 0.12535344015080113,
      "fnr": 0.2536231884057971,
      "gate_pass_rate": 1.0,
      "gate_recall_on_fall": 1.0,
      "gate_fpr_on_non_fall": 1.0
    }
  }
}