{
  "config": {
    "gate_feature": "gyro_mag_mean",
    "gate_threshold": 2.838541112469445,
    "gate_op": "<=",
    "decision_threshold": 0.5099999999999999,
    "min_gate_recall_requested": 0.93,
    "gate_source_for_search": "WEDA",
    "drop_source": false,
    "rf_trees": 8,
    "rf_max_depth": 7,
    "rf_min_samples_leaf": 4,
    "random_state": 42,
    "n_stage2_train_rows": 6845,
    "n_stage2_train_fall": 1919,
    "n_stage2_train_non_fall": 4926
  },
  "validation": {
    "n_rows": 2280,
    "fall_ratio": 0.2425438596491228,
    "accuracy": 0.8267543859649122,
    "precision": 0.6936274509803921,
    "recall": 0.5117540687160941,
    "f1": 0.5889698231009365,
    "pr_auc": 0.6154208186595923,
    "roc_auc": 0.7092487050158582,
    "tn": 1602,
    "fp": 125,
    "fn": 270,
    "tp": 283,
    "fpr": 0.07237984944991314,
    "fnr": 0.488245931283906,
    "gate_pass_rate": 0.7131578947368421,
    "gate_recall_on_fall": 0.7359855334538878,
    "gate_fpr_on_non_fall": 0.705848291835553
  },
  "test": {
    "n_rows": 1475,
    "fall_ratio": 0.28067796610169493,
    "accuracy": 0.8,
    "precision": 0.6268656716417911,
    "recall": 0.7101449275362319,
    "f1": 0.665911664779162,
    "pr_auc": 0.7631945539818603,
    "roc_auc": 0.8452512669207338,
    "tn": 886,
    "fp": 175,
    "fn": 120,
    "tp": 294,
    "fpr": 0.1649387370405278,
    "fnr": 0.2898550724637681,
    "gate_pass_rate": 0.9349152542372882,
    "gate_recall_on_fall": 0.9516908212560387,
    "gate_fpr_on_non_fall": 0.9283694627709708
  },
  "validation_per_source": {
    "UP": {
      "n_rows": 807,
      "fall_ratio": 0.16728624535315986,
      "accuracy": 0.8351920693928129,
      "precision": 1.0,
      "recall": 0.014814814814814815,
      "f1": 0.029197080291970802,
      "pr_auc": 0.16880128834215335,
      "roc_auc": 0.3359623015873016,
      "tn": 672,
      "fp": 0,
      "fn": 133,
      "tp": 2,
      "fpr": 0.0,
      "fnr": 0.9851851851851852,
      "gate_pass_rate": 0.38413878562577447,
      "gate_recall_on_fall": 0.1111111111111111,
      "gate_fpr_on_non_fall": 0.43898809523809523
    },
    "WEDA": {
      "n_rows": 1473,
      "fall_ratio": 0.2837746096401901,
      "accuracy": 0.8221317040054311,
      "precision": 0.6921182266009852,
      "recall": 0.6722488038277512,
      "f1": 0.6820388349514563,
      "pr_auc": 0.7380798240320842,
      "roc_auc": 0.8347468196557746,
      "tn": 930,
      "fp": 125,
      "fn": 137,
      "tp": 281,
      "fpr": 0.11848341232227488,
      "fnr": 0.3277511961722488,
      "gate_pass_rate": 0.8934147997284454,
      "gate_recall_on_fall": 0.937799043062201,
      "gate_fpr_on_non_fall": 0.875829383886256
    }
  },
  "test_per_source": {
    "WEDA": {
      "n_rows": 1475,
      "fall_ratio": 0.28067796610169493,
      "accuracy": 0.8,
      "precision": 0.6268656716417911,
      "recall": 0.7101449275362319,
      "f1": 0.665911664779162,
      "pr_auc": 0.7631945539818603,
      "roc_auc": 0.8452512669207338,
      "tn": 886,
      "fp": 175,
      "fn": 120,
      "tp": 294,
      "fpr": 0.1649387370405278,
      "fnr": 0.2898550724637681,
      "gate_pass_rate": 0.9349152542372882,
      "gate_recall_on_fall": 0.9516908212560387,
      "gate_fpr_on_non_fall": 0.9283694627709708
    }
  }
}