{
  "config": {
    "gate_feature": "acc_mag_std",
    "gate_threshold": 0.008592049936601925,
    "gate_op": ">=",
    "decision_threshold": 0.5099999999999999,
    "min_gate_recall_requested": 0.93,
    "gate_source_for_search": "ALL",
    "drop_source": false,
    "rf_trees": 8,
    "rf_max_depth": 7,
    "rf_min_samples_leaf": 4,
    "random_state": 42,
    "n_stage2_train_rows": 8093,
    "n_stage2_train_fall": 2308,
    "n_stage2_train_non_fall": 5785
  },
  "validation": {
    "n_rows": 2280,
    "fall_ratio": 0.2425438596491228,
    "accuracy": 0.8188596491228071,
    "precision": 0.6254480286738351,
    "recall": 0.6311030741410488,
    "f1": 0.6282628262826283,
    "pr_auc": 0.6964690523962647,
    "roc_auc": 0.8261108801703818,
    "tn": 1518,
    "fp": 209,
    "fn": 204,
    "tp": 349,
    "fpr": 0.12101910828025478,
    "fnr": 0.3688969258589512,
    "gate_pass_rate": 0.8057017543859649,
    "gate_recall_on_fall": 0.9312839059674503,
    "gate_fpr_on_non_fall": 0.7654892877822814
  },
  "test": {
    "n_rows": 1475,
    "fall_ratio": 0.28067796610169493,
    "accuracy": 0.8332203389830508,
    "precision": 0.6757322175732218,
    "recall": 0.7801932367149759,
    "f1": 0.7242152466367713,
    "pr_auc": 0.7908277640394606,
    "roc_auc": 0.8850095844317867,
    "tn": 906,
    "fp": 155,
    "fn": 91,
    "tp": 323,
    "fpr": 0.1460885956644675,
    "fnr": 0.21980676328502416,
    "gate_pass_rate": 1.0,
    "gate_recall_on_fall": 1.0,
    "gate_fpr_on_non_fall": 1.0
  },
  "validation_per_source": {
    "UP": {
      "n_rows": 807,
      "fall_ratio": 0.16728624535315986,
      "accuracy": 0.7831474597273854,
      "precision": 0.34615384615384615,
      "recall": 0.3333333333333333,
      "f1": 0.33962264150943394,
      "pr_auc": 0.34203158652648624,
      "roc_auc": 0.6769951499118165,
      "tn": 587,
      "fp": 85,
      "fn": 90,
      "tp": 45,
      "fpr": 0.12648809523809523,
      "fnr": 0.6666666666666666,
      "gate_pass_rate": 0.4510532837670384,
      "gate_recall_on_fall": 0.7185185185185186,
      "gate_fpr_on_non_fall": 0.39732142857142855
    },
    "WEDA": {
      "n_rows": 1473,
      "fall_ratio": 0.2837746096401901,
      "accuracy": 0.8384249830278343,
      "precision": 0.7102803738317757,
      "recall": 0.7272727272727273,
      "f1": 0.7186761229314421,
      "pr_auc": 0.7957235399339104,
      "roc_auc": 0.8883273997142791,
      "tn": 931,
      "fp": 124,
      "fn": 114,
      "tp": 304,
      "fpr": 0.11753554502369669,
      "fnr": 0.2727272727272727,
      "gate_pass_rate": 1.0,
      "gate_recall_on_fall": 1.0,
      "gate_fpr_on_non_fall": 1.0
    }
  },
  "test_per_source": {
    "WEDA": {
      "n_rows": 1475,
      "fall_ratio": 0.28067796610169493,
      "accuracy": 0.8332203389830508,
      "precision": 0.6757322175732218,
      "recall": 0.7801932367149759,
      "f1": 0.7242152466367713,
      "pr_auc": 0.7908277640394606,
      "roc_auc": 0.8850095844317867,
      "tn": 906,
      "fp": 155,
      "fn": 91,
      "tp": 323,
      "fpr": 0.1460885956644675,
      "fnr": 0.21980676328502416,
      "gate_pass_rate": 1.0,
      "gate_recall_on_fall": 1.0,
      "gate_fpr_on_non_fall": 1.0
    }
  }
}