{
  "config": {
    "gate_feature": "gyro_mag_mean",
    "gate_threshold": 2.838541112469445,
    "gate_op": "<=",
    "decision_threshold": 0.4549999999999999,
    "min_gate_recall_requested": 0.93,
    "gate_source_for_search": "WEDA",
    "drop_source": false,
    "rf_trees": 8,
    "rf_max_depth": 6,
    "rf_min_samples_leaf": 6,
    "random_state": 42,
    "n_stage2_train_rows": 6845,
    "n_stage2_train_fall": 1919,
    "n_stage2_train_non_fall": 4926
  },
  "validation": {
    "n_rows": 2280,
    "fall_ratio": 0.2425438596491228,
    "accuracy": 0.8118421052631579,
    "precision": 0.6297071129707112,
    "recall": 0.5443037974683544,
    "f1": 0.5838991270611057,
    "pr_auc": 0.6136960679907838,
    "roc_auc": 0.7090921655946247,
    "tn": 1550,
    "fp": 177,
    "fn": 252,
    "tp": 301,
    "fpr": 0.10248986682107701,
    "fnr": 0.45569620253164556,
    "gate_pass_rate": 0.7131578947368421,
    "gate_recall_on_fall": 0.7359855334538878,
    "gate_fpr_on_non_fall": 0.705848291835553
  },
  "test": {
    "n_rows": 1475,
    "fall_ratio": 0.28067796610169493,
    "accuracy": 0.7803389830508475,
    "precision": 0.5821167883211679,
    "recall": 0.7705314009661836,
    "f1": 0.6632016632016632,
    "pr_auc": 0.7475666057398478,
    "roc_auc": 0.8400185314191788,
    "tn": 832,
    "fp": 229,
    "fn": 95,
    "tp": 319,
    "fpr": 0.21583411875589067,
    "fnr": 0.22946859903381642,
    "gate_pass_rate": 0.9349152542372882,
    "gate_recall_on_fall": 0.9516908212560387,
    "gate_fpr_on_non_fall": 0.9283694627709708
  },
  "validation_per_source": {
    "UP": {
      "n_rows": 807,
      "fall_ratio": 0.16728624535315986,
      "accuracy": 0.828996282527881,
      "precision": 0.2,
      "recall": 0.007407407407407408,
      "f1": 0.014285714285714285,
      "pr_auc": 0.16050201826586538,
      "roc_auc": 0.3357308201058201,
      "tn": 668,
      "fp": 4,
      "fn": 134,
      "tp": 1,
      "fpr": 0.005952380952380952,
      "fnr": 0.9925925925925926,
      "gate_pass_rate": 0.38413878562577447,
      "gate_recall_on_fall": 0.1111111111111111,
      "gate_fpr_on_non_fall": 0.43898809523809523
    },
    "WEDA": {
      "n_rows": 1473,
      "fall_ratio": 0.2837746096401901,
      "accuracy": 0.8024439918533605,
      "precision": 0.6342494714587738,
      "recall": 0.7177033492822966,
      "f1": 0.6734006734006734,
      "pr_auc": 0.7352601722324372,
      "roc_auc": 0.8338409034218464,
      "tn": 882,
      "fp": 173,
      "fn": 118,
      "tp": 300,
      "fpr": 0.16398104265402844,
      "fnr": 0.2822966507177033,
      "gate_pass_rate": 0.8934147997284454,
      "gate_recall_on_fall": 0.937799043062201,
      "gate_fpr_on_non_fall": 0.875829383886256
    }
  },
  "test_per_source": {
    "WEDA": {
      "n_rows": 1475,
      "fall_ratio": 0.28067796610169493,
      "accuracy": 0.7803389830508475,
      "precision": 0.5821167883211679,
      "recall": 0.7705314009661836,
      "f1": 0.6632016632016632,
      "pr_auc": 0.7475666057398478,
      "roc_auc": 0.8400185314191788,
      "tn": 832,
      "fp": 229,
      "fn": 95,
      "tp": 319,
      "fpr": 0.21583411875589067,
      "fnr": 0.22946859903381642,
      "gate_pass_rate": 0.9349152542372882,
      "gate_recall_on_fall": 0.9516908212560387,
      "gate_fpr_on_non_fall": 0.9283694627709708
    }
  }
}