{
  "config": {
    "gate_feature": "acc_mag_std",
    "gate_threshold": 0.027832869085217017,
    "gate_op": ">=",
    "decision_threshold": 0.5399999999999999,
    "min_gate_recall_requested": 0.9,
    "gate_source_for_search": "ALL",
    "drop_source": false,
    "rf_trees": 8,
    "rf_max_depth": 6,
    "rf_min_samples_leaf": 8,
    "random_state": 42,
    "n_stage2_train_rows": 7677,
    "n_stage2_train_fall": 2238,
    "n_stage2_train_non_fall": 5439
  },
  "validation": {
    "n_rows": 2280,
    "fall_ratio": 0.2425438596491228,
    "accuracy": 0.831140350877193,
    "precision": 0.6742738589211619,
    "recall": 0.5877034358047016,
    "f1": 0.6280193236714976,
    "pr_auc": 0.683606818758759,
    "roc_auc": 0.8174420516192669,
    "tn": 1570,
    "fp": 157,
    "fn": 228,
    "tp": 325,
    "fpr": 0.09090909090909091,
    "fnr": 0.41229656419529837,
    "gate_pass_rate": 0.7526315789473684,
    "gate_recall_on_fall": 0.9041591320072333,
    "gate_fpr_on_non_fall": 0.704111175448755
  },
  "test": {
    "n_rows": 1475,
    "fall_ratio": 0.28067796610169493,
    "accuracy": 0.816271186440678,
    "precision": 0.6613995485327314,
    "recall": 0.7077294685990339,
    "f1": 0.6837806301050176,
    "pr_auc": 0.7596475340867769,
    "roc_auc": 0.8642493864597703,
    "tn": 911,
    "fp": 150,
    "fn": 121,
    "tp": 293,
    "fpr": 0.1413760603204524,
    "fnr": 0.2922705314009662,
    "gate_pass_rate": 1.0,
    "gate_recall_on_fall": 1.0,
    "gate_fpr_on_non_fall": 1.0
  },
  "validation_per_source": {
    "UP": {
      "n_rows": 807,
      "fall_ratio": 0.16728624535315986,
      "accuracy": 0.8203221809169765,
      "precision": 0.4418604651162791,
      "recall": 0.2814814814814815,
      "f1": 0.3438914027149321,
      "pr_auc": 0.3289805965874144,
      "roc_auc": 0.6994157848324515,
      "tn": 624,
      "fp": 48,
      "fn": 97,
      "tp": 38,
      "fpr": 0.07142857142857142,
      "fnr": 0.7185185185185186,
      "gate_pass_rate": 0.30111524163568776,
      "gate_recall_on_fall": 0.6074074074074074,
      "gate_fpr_on_non_fall": 0.23958333333333334
    },
    "WEDA": {
      "n_rows": 1473,
      "fall_ratio": 0.2837746096401901,
      "accuracy": 0.8370672097759674,
      "precision": 0.7247474747474747,
      "recall": 0.6866028708133971,
      "f1": 0.7051597051597052,
      "pr_auc": 0.7676474640889313,
      "roc_auc": 0.8639118800879839,
      "tn": 946,
      "fp": 109,
      "fn": 131,
      "tp": 287,
      "fpr": 0.1033175355450237,
      "fnr": 0.3133971291866029,
      "gate_pass_rate": 1.0,
      "gate_recall_on_fall": 1.0,
      "gate_fpr_on_non_fall": 1.0
    }
  },
  "test_per_source": {
    "WEDA": {
      "n_rows": 1475,
      "fall_ratio": 0.28067796610169493,
      "accuracy": 0.816271186440678,
      "precision": 0.6613995485327314,
      "recall": 0.7077294685990339,
      "f1": 0.6837806301050176,
      "pr_auc": 0.7596475340867769,
      "roc_auc": 0.8642493864597703,
      "tn": 911,
      "fp": 150,
      "fn": 121,
      "tp": 293,
      "fpr": 0.1413760603204524,
      "fnr": 0.2922705314009662,
      "gate_pass_rate": 1.0,
      "gate_recall_on_fall": 1.0,
      "gate_fpr_on_non_fall": 1.0
    }
  }
}