{
  "config": {
    "gate_feature": "acc_mag_std",
    "gate_threshold": 0.027832869085217017,
    "gate_op": ">=",
    "decision_threshold": 0.43499999999999994,
    "min_gate_recall_requested": 0.9,
    "gate_source_for_search": "ALL",
    "drop_source": false,
    "rf_trees": 30,
    "rf_max_depth": 12,
    "rf_min_samples_leaf": 2,
    "random_state": 42,
    "n_stage2_train_rows": 7677,
    "n_stage2_train_fall": 2238,
    "n_stage2_train_non_fall": 5439
  },
  "validation": {
    "n_rows": 2280,
    "fall_ratio": 0.2425438596491228,
    "accuracy": 0.8236842105263158,
    "precision": 0.631762652705061,
    "recall": 0.6546112115732369,
    "f1": 0.6429840142095915,
    "pr_auc": 0.707440815374557,
    "roc_auc": 0.8276281084069521,
    "tn": 1516,
    "fp": 211,
    "fn": 191,
    "tp": 362,
    "fpr": 0.12217718587145339,
    "fnr": 0.3453887884267631,
    "gate_pass_rate": 0.7526315789473684,
    "gate_recall_on_fall": 0.9041591320072333,
    "gate_fpr_on_non_fall": 0.704111175448755
  },
  "test": {
    "n_rows": 1475,
    "fall_ratio": 0.28067796610169493,
    "accuracy": 0.8345762711864407,
    "precision": 0.6713709677419355,
    "recall": 0.8043478260869565,
    "f1": 0.7318681318681318,
    "pr_auc": 0.8327820444240315,
    "roc_auc": 0.913221052056441,
    "tn": 898,
    "fp": 163,
    "fn": 81,
    "tp": 333,
    "fpr": 0.1536286522148916,
    "fnr": 0.1956521739130435,
    "gate_pass_rate": 1.0,
    "gate_recall_on_fall": 1.0,
    "gate_fpr_on_non_fall": 1.0
  },
  "validation_per_source": {
    "UP": {
      "n_rows": 807,
      "fall_ratio": 0.16728624535315986,
      "accuracy": 0.7757125154894672,
      "precision": 0.3630952380952381,
      "recall": 0.45185185185185184,
      "f1": 0.40264026402640263,
      "pr_auc": 0.3235271861391069,
      "roc_auc": 0.691495811287478,
      "tn": 565,
      "fp": 107,
      "fn": 74,
      "tp": 61,
      "fpr": 0.15922619047619047,
      "fnr": 0.5481481481481482,
      "gate_pass_rate": 0.30111524163568776,
      "gate_recall_on_fall": 0.6074074074074074,
      "gate_fpr_on_non_fall": 0.23958333333333334
    },
    "WEDA": {
      "n_rows": 1473,
      "fall_ratio": 0.2837746096401901,
      "accuracy": 0.8499660556687033,
      "precision": 0.7432098765432099,
      "recall": 0.7200956937799043,
      "f1": 0.7314702308626975,
      "pr_auc": 0.817509656893815,
      "roc_auc": 0.8933898727862309,
      "tn": 951,
      "fp": 104,
      "fn": 117,
      "tp": 301,
      "fpr": 0.0985781990521327,
      "fnr": 0.2799043062200957,
      "gate_pass_rate": 1.0,
      "gate_recall_on_fall": 1.0,
      "gate_fpr_on_non_fall": 1.0
    }
  },
  "test_per_source": {
    "WEDA": {
      "n_rows": 1475,
      "fall_ratio": 0.28067796610169493,
      "accuracy": 0.8345762711864407,
      "precision": 0.6713709677419355,
      "recall": 0.8043478260869565,
      "f1": 0.7318681318681318,
      "pr_auc": 0.8327820444240315,
      "roc_auc": 0.913221052056441,
      "tn": 898,
      "fp": 163,
      "fn": 81,
      "tp": 333,
      "fpr": 0.1536286522148916,
      "fnr": 0.1956521739130435,
      "gate_pass_rate": 1.0,
      "gate_recall_on_fall": 1.0,
      "gate_fpr_on_non_fall": 1.0
    }
  }
}