{
  "config": {
    "gate_feature": "acc_mag_std",
    "gate_threshold": 0.027832869085217017,
    "gate_op": ">=",
    "decision_threshold": 0.4699999999999999,
    "min_gate_recall_requested": 0.9,
    "gate_source_for_search": "ALL",
    "drop_source": false,
    "rf_trees": 8,
    "rf_max_depth": 6,
    "rf_min_samples_leaf": 6,
    "random_state": 42,
    "n_stage2_train_rows": 7677,
    "n_stage2_train_fall": 2238,
    "n_stage2_train_non_fall": 5439
  },
  "validation": {
    "n_rows": 2280,
    "fall_ratio": 0.2425438596491228,
    "accuracy": 0.8153508771929825,
    "precision": 0.6081967213114754,
    "recall": 0.6708860759493671,
    "f1": 0.6380051590713671,
    "pr_auc": 0.6912331184481949,
    "roc_auc": 0.8211466434073867,
    "tn": 1488,
    "fp": 239,
    "fn": 182,
    "tp": 371,
    "fpr": 0.13839027214823393,
    "fnr": 0.3291139240506329,
    "gate_pass_rate": 0.7526315789473684,
    "gate_recall_on_fall": 0.9041591320072333,
    "gate_fpr_on_non_fall": 0.704111175448755
  },
  "test": {
    "n_rows": 1475,
    "fall_ratio": 0.28067796610169493,
    "accuracy": 0.7762711864406779,
    "precision": 0.5769230769230769,
    "recall": 0.7608695652173914,
    "f1": 0.65625,
    "pr_auc": 0.7677001838467074,
    "roc_auc": 0.8605078155235921,
    "tn": 830,
    "fp": 231,
    "fn": 99,
    "tp": 315,
    "fpr": 0.2177191328934967,
    "fnr": 0.2391304347826087,
    "gate_pass_rate": 1.0,
    "gate_recall_on_fall": 1.0,
    "gate_fpr_on_non_fall": 1.0
  },
  "validation_per_source": {
    "UP": {
      "n_rows": 807,
      "fall_ratio": 0.16728624535315986,
      "accuracy": 0.7955390334572491,
      "precision": 0.39285714285714285,
      "recall": 0.4074074074074074,
      "f1": 0.4,
      "pr_auc": 0.3392598513366367,
      "roc_auc": 0.6998401675485009,
      "tn": 587,
      "fp": 85,
      "fn": 80,
      "tp": 55,
      "fpr": 0.12648809523809523,
      "fnr": 0.5925925925925926,
      "gate_pass_rate": 0.30111524163568776,
      "gate_recall_on_fall": 0.6074074074074074,
      "gate_fpr_on_non_fall": 0.23958333333333334
    },
    "WEDA": {
      "n_rows": 1473,
      "fall_ratio": 0.2837746096401901,
      "accuracy": 0.8262050237610319,
      "precision": 0.6723404255319149,
      "recall": 0.7559808612440191,
      "f1": 0.7117117117117117,
      "pr_auc": 0.7798967932701328,
      "roc_auc": 0.8712295063380122,
      "tn": 901,
      "fp": 154,
      "fn": 102,
      "tp": 316,
      "fpr": 0.14597156398104266,
      "fnr": 0.24401913875598086,
      "gate_pass_rate": 1.0,
      "gate_recall_on_fall": 1.0,
      "gate_fpr_on_non_fall": 1.0
    }
  },
  "test_per_source": {
    "WEDA": {
      "n_rows": 1475,
      "fall_ratio": 0.28067796610169493,
      "accuracy": 0.7762711864406779,
      "precision": 0.5769230769230769,
      "recall": 0.7608695652173914,
      "f1": 0.65625,
      "pr_auc": 0.7677001838467074,
      "roc_auc": 0.8605078155235921,
      "tn": 830,
      "fp": 231,
      "fn": 99,
      "tp": 315,
      "fpr": 0.2177191328934967,
      "fnr": 0.2391304347826087,
      "gate_pass_rate": 1.0,
      "gate_recall_on_fall": 1.0,
      "gate_fpr_on_non_fall": 1.0
    }
  }
}