{
  "config": {
    "gate_feature": "acc_mag_std",
    "gate_threshold": 0.0544426346780879,
    "gate_op": ">=",
    "decision_threshold": 0.48499999999999993,
    "min_gate_recall_requested": 0.85,
    "gate_source_for_search": "ALL",
    "drop_source": false,
    "rf_trees": 8,
    "rf_max_depth": 6,
    "rf_min_samples_leaf": 4,
    "random_state": 42,
    "n_stage2_train_rows": 7353,
    "n_stage2_train_fall": 2149,
    "n_stage2_train_non_fall": 5204
  },
  "validation": {
    "n_rows": 2280,
    "fall_ratio": 0.2425438596491228,
    "accuracy": 0.8263157894736842,
    "precision": 0.6456400742115028,
    "recall": 0.6292947558770343,
    "f1": 0.6373626373626373,
    "pr_auc": 0.6866251703903268,
    "roc_auc": 0.8015263378885085,
    "tn": 1536,
    "fp": 191,
    "fn": 205,
    "tp": 348,
    "fpr": 0.11059640995946729,
    "fnr": 0.3707052441229656,
    "gate_pass_rate": 0.7092105263157895,
    "gate_recall_on_fall": 0.8589511754068716,
    "gate_fpr_on_non_fall": 0.6612623045744065
  },
  "test": {
    "n_rows": 1475,
    "fall_ratio": 0.28067796610169493,
    "accuracy": 0.7993220338983051,
    "precision": 0.6175298804780877,
    "recall": 0.748792270531401,
    "f1": 0.6768558951965066,
    "pr_auc": 0.7597620396841094,
    "roc_auc": 0.8530019077800088,
    "tn": 869,
    "fp": 192,
    "fn": 104,
    "tp": 310,
    "fpr": 0.18096135721017909,
    "fnr": 0.25120772946859904,
    "gate_pass_rate": 0.9871186440677966,
    "gate_recall_on_fall": 0.9855072463768116,
    "gate_fpr_on_non_fall": 0.9877474081055608
  },
  "validation_per_source": {
    "UP": {
      "n_rows": 807,
      "fall_ratio": 0.16728624535315986,
      "accuracy": 0.8339529120198265,
      "precision": 0.5047619047619047,
      "recall": 0.3925925925925926,
      "f1": 0.44166666666666665,
      "pr_auc": 0.3878623582378359,
      "roc_auc": 0.6928626543209876,
      "tn": 620,
      "fp": 52,
      "fn": 82,
      "tp": 53,
      "fpr": 0.07738095238095238,
      "fnr": 0.6074074074074074,
      "gate_pass_rate": 0.19950433705080545,
      "gate_recall_on_fall": 0.5037037037037037,
      "gate_fpr_on_non_fall": 0.13839285714285715
    },
    "WEDA": {
      "n_rows": 1473,
      "fall_ratio": 0.2837746096401901,
      "accuracy": 0.8221317040054311,
      "precision": 0.6797235023041475,
      "recall": 0.7057416267942583,
      "f1": 0.6924882629107981,
      "pr_auc": 0.7648653902184828,
      "roc_auc": 0.8468049162112519,
      "tn": 916,
      "fp": 139,
      "fn": 123,
      "tp": 295,
      "fpr": 0.13175355450236967,
      "fnr": 0.2942583732057416,
      "gate_pass_rate": 0.988458927359131,
      "gate_recall_on_fall": 0.9736842105263158,
      "gate_fpr_on_non_fall": 0.9943127962085309
    }
  },
  "test_per_source": {
    "WEDA": {
      "n_rows": 1475,
      "fall_ratio": 0.28067796610169493,
      "accuracy": 0.7993220338983051,
      "precision": 0.6175298804780877,
      "recall": 0.748792270531401,
      "f1": 0.6768558951965066,
      "pr_auc": 0.7597620396841094,
      "roc_auc": 0.8530019077800088,
      "tn": 869,
      "fp": 192,
      "fn": 104,
      "tp": 310,
      "fpr": 0.18096135721017909,
      "fnr": 0.25120772946859904,
      "gate_pass_rate": 0.9871186440677966,
      "gate_recall_on_fall": 0.9855072463768116,
      "gate_fpr_on_non_fall": 0.9877474081055608
    }
  }
}