model_id,source_artifact,task_type,deployable_esp32s3,deploy_format,export_file,export_size_kb,metric_basis,validation_accuracy,validation_precision,validation_recall,validation_f1,test_accuracy,test_precision,test_recall,test_f1
hybrid_binary_esp32s3_quality,hybrid_artifacts_esp32s3_quality,binary,yes,joblib + C export available,hybrid_s3.c,860.66,binary fall vs non_fall; precision/recall/F1 are for fall class,0.8469298245614035,0.7188841201716738,0.6057866184448463,0.6575073601570167,0.8494915254237289,0.7181818181818181,0.7632850241545893,0.7400468384074942
rf_original_622_5-label,hybrid_artifacts_622_5-label,multiclass,no,joblib only,,61377.06,overall accuracy + fall one-vs-rest precision/recall/F1,0.6652197504069451,0.7696969696969697,0.6864864864864865,0.7257142857142858,0.6896794646002113,0.7291666666666666,0.6992639327024185,0.7139023081052066
rf_original_622_6-label,hybrid_artifacts_622_6-label,multiclass,no,joblib only,,72178.28,overall accuracy + fall one-vs-rest precision/recall/F1,0.6321215409658166,0.7543520309477756,0.7027027027027027,0.7276119402985075,0.6604438182458612,0.7058222676200204,0.7266035751840169,0.7160621761658031
compact_logistic_622_5-label_esp32s3,hybrid_artifacts_622_5-label_esp32s3,multiclass,yes,C header + joblib,multiclass_esp32_model.h,9.18,overall accuracy + fall one-vs-rest precision/recall/F1,0.5946825827455237,0.6650366748166259,0.4900900900900901,0.5643153526970954,0.6206410707995773,0.7800312012480499,0.5257623554153522,0.628140703517588
compact_logistic_622_6-label_esp32s3,hybrid_artifacts_622_6-label_esp32s3,multiclass,yes,C header + joblib,multiclass_esp32_model.h,10.36,overall accuracy + fall one-vs-rest precision/recall/F1,0.5295713510580575,0.7007874015748031,0.4810810810810811,0.5705128205128205,0.5635787249031349,0.7673267326732673,0.4889589905362776,0.5973025048169557
