{
  "config": {
    "gate_feature": "acc_mag_std",
    "gate_threshold": 0.027832869085217017,
    "gate_op": ">=",
    "decision_threshold": 0.4649999999999999,
    "min_gate_recall_requested": 0.9,
    "gate_source_for_search": "ALL",
    "drop_source": false,
    "rf_trees": 20,
    "rf_max_depth": 12,
    "rf_min_samples_leaf": 4,
    "random_state": 42,
    "n_stage2_train_rows": 7677,
    "n_stage2_train_fall": 2238,
    "n_stage2_train_non_fall": 5439
  },
  "validation": {
    "n_rows": 2280,
    "fall_ratio": 0.2425438596491228,
    "accuracy": 0.8320175438596491,
    "precision": 0.6551094890510949,
    "recall": 0.6491862567811935,
    "f1": 0.6521344232515894,
    "pr_auc": 0.7233034643151813,
    "roc_auc": 0.8359582044980739,
    "tn": 1538,
    "fp": 189,
    "fn": 194,
    "tp": 359,
    "fpr": 0.10943833236826868,
    "fnr": 0.3508137432188065,
    "gate_pass_rate": 0.7526315789473684,
    "gate_recall_on_fall": 0.9041591320072333,
    "gate_fpr_on_non_fall": 0.704111175448755
  },
  "test": {
    "n_rows": 1475,
    "fall_ratio": 0.28067796610169493,
    "accuracy": 0.8298305084745763,
    "precision": 0.665314401622718,
    "recall": 0.7922705314009661,
    "f1": 0.7232635060639471,
    "pr_auc": 0.793844508203471,
    "roc_auc": 0.8964107327423313,
    "tn": 896,
    "fp": 165,
    "fn": 86,
    "tp": 328,
    "fpr": 0.15551366635249764,
    "fnr": 0.20772946859903382,
    "gate_pass_rate": 1.0,
    "gate_recall_on_fall": 1.0,
    "gate_fpr_on_non_fall": 1.0
  },
  "validation_per_source": {
    "UP": {
      "n_rows": 807,
      "fall_ratio": 0.16728624535315986,
      "accuracy": 0.7967781908302355,
      "precision": 0.40764331210191085,
      "recall": 0.4740740740740741,
      "f1": 0.4383561643835616,
      "pr_auc": 0.3611477437641993,
      "roc_auc": 0.7060791446208112,
      "tn": 579,
      "fp": 93,
      "fn": 71,
      "tp": 64,
      "fpr": 0.13839285714285715,
      "fnr": 0.5259259259259259,
      "gate_pass_rate": 0.30111524163568776,
      "gate_recall_on_fall": 0.6074074074074074,
      "gate_fpr_on_non_fall": 0.23958333333333334
    },
    "WEDA": {
      "n_rows": 1473,
      "fall_ratio": 0.2837746096401901,
      "accuracy": 0.8513238289205702,
      "precision": 0.7544757033248082,
      "recall": 0.7057416267942583,
      "f1": 0.7292954264524104,
      "pr_auc": 0.8293051918456933,
      "roc_auc": 0.9009614730492754,
      "tn": 959,
      "fp": 96,
      "fn": 123,
      "tp": 295,
      "fpr": 0.0909952606635071,
      "fnr": 0.2942583732057416,
      "gate_pass_rate": 1.0,
      "gate_recall_on_fall": 1.0,
      "gate_fpr_on_non_fall": 1.0
    }
  },
  "test_per_source": {
    "WEDA": {
      "n_rows": 1475,
      "fall_ratio": 0.28067796610169493,
      "accuracy": 0.8298305084745763,
      "precision": 0.665314401622718,
      "recall": 0.7922705314009661,
      "f1": 0.7232635060639471,
      "pr_auc": 0.793844508203471,
      "roc_auc": 0.8964107327423313,
      "tn": 896,
      "fp": 165,
      "fn": 86,
      "tp": 328,
      "fpr": 0.15551366635249764,
      "fnr": 0.20772946859903382,
      "gate_pass_rate": 1.0,
      "gate_recall_on_fall": 1.0,
      "gate_fpr_on_non_fall": 1.0
    }
  }
}