{
  "config": {
    "gate_feature": "acc_mag_std",
    "gate_threshold": 0.027832869085217017,
    "gate_op": ">=",
    "decision_threshold": 0.4749999999999999,
    "min_gate_recall_requested": 0.9,
    "gate_source_for_search": "ALL",
    "drop_source": false,
    "rf_trees": 50,
    "rf_max_depth": 8,
    "rf_min_samples_leaf": 6,
    "random_state": 42,
    "n_stage2_train_rows": 7677,
    "n_stage2_train_fall": 2238,
    "n_stage2_train_non_fall": 5439
  },
  "validation": {
    "n_rows": 2280,
    "fall_ratio": 0.2425438596491228,
    "accuracy": 0.8293859649122807,
    "precision": 0.6469534050179212,
    "recall": 0.6528028933092225,
    "f1": 0.6498649864986499,
    "pr_auc": 0.717648991991354,
    "roc_auc": 0.833501216190888,
    "tn": 1530,
    "fp": 197,
    "fn": 192,
    "tp": 361,
    "fpr": 0.11407064273306311,
    "fnr": 0.3471971066907776,
    "gate_pass_rate": 0.7526315789473684,
    "gate_recall_on_fall": 0.9041591320072333,
    "gate_fpr_on_non_fall": 0.704111175448755
  },
  "test": {
    "n_rows": 1475,
    "fall_ratio": 0.28067796610169493,
    "accuracy": 0.8210169491525424,
    "precision": 0.6459143968871596,
    "recall": 0.8019323671497585,
    "f1": 0.7155172413793104,
    "pr_auc": 0.8047888064513982,
    "roc_auc": 0.8960282661057157,
    "tn": 879,
    "fp": 182,
    "fn": 82,
    "tp": 332,
    "fpr": 0.17153628652214892,
    "fnr": 0.19806763285024154,
    "gate_pass_rate": 1.0,
    "gate_recall_on_fall": 1.0,
    "gate_fpr_on_non_fall": 1.0
  },
  "validation_per_source": {
    "UP": {
      "n_rows": 807,
      "fall_ratio": 0.16728624535315986,
      "accuracy": 0.8141263940520446,
      "precision": 0.4460431654676259,
      "recall": 0.45925925925925926,
      "f1": 0.45255474452554745,
      "pr_auc": 0.3657391585709785,
      "roc_auc": 0.7055279982363315,
      "tn": 595,
      "fp": 77,
      "fn": 73,
      "tp": 62,
      "fpr": 0.11458333333333333,
      "fnr": 0.5407407407407407,
      "gate_pass_rate": 0.30111524163568776,
      "gate_recall_on_fall": 0.6074074074074074,
      "gate_fpr_on_non_fall": 0.23958333333333334
    },
    "WEDA": {
      "n_rows": 1473,
      "fall_ratio": 0.2837746096401901,
      "accuracy": 0.8377460964019009,
      "precision": 0.7136038186157518,
      "recall": 0.715311004784689,
      "f1": 0.7144563918757467,
      "pr_auc": 0.8134586758800916,
      "roc_auc": 0.8950883239982766,
      "tn": 935,
      "fp": 120,
      "fn": 119,
      "tp": 299,
      "fpr": 0.11374407582938388,
      "fnr": 0.284688995215311,
      "gate_pass_rate": 1.0,
      "gate_recall_on_fall": 1.0,
      "gate_fpr_on_non_fall": 1.0
    }
  },
  "test_per_source": {
    "WEDA": {
      "n_rows": 1475,
      "fall_ratio": 0.28067796610169493,
      "accuracy": 0.8210169491525424,
      "precision": 0.6459143968871596,
      "recall": 0.8019323671497585,
      "f1": 0.7155172413793104,
      "pr_auc": 0.8047888064513982,
      "roc_auc": 0.8960282661057157,
      "tn": 879,
      "fp": 182,
      "fn": 82,
      "tp": 332,
      "fpr": 0.17153628652214892,
      "fnr": 0.19806763285024154,
      "gate_pass_rate": 1.0,
      "gate_recall_on_fall": 1.0,
      "gate_fpr_on_non_fall": 1.0
    }
  }
}