{
  "config": {
    "gate_feature": "gyro_mag_mean",
    "gate_threshold": 2.616948366191887,
    "gate_op": "<=",
    "decision_threshold": 0.49999999999999994,
    "min_gate_recall_requested": 0.9,
    "gate_source_for_search": "WEDA",
    "drop_source": false,
    "rf_trees": 8,
    "rf_max_depth": 7,
    "rf_min_samples_leaf": 4,
    "random_state": 42,
    "n_stage2_train_rows": 6614,
    "n_stage2_train_fall": 1845,
    "n_stage2_train_non_fall": 4769
  },
  "validation": {
    "n_rows": 2280,
    "fall_ratio": 0.2425438596491228,
    "accuracy": 0.8206140350877194,
    "precision": 0.6782178217821783,
    "recall": 0.49547920433996384,
    "f1": 0.5726227795193313,
    "pr_auc": 0.5988217215528276,
    "roc_auc": 0.6922115617189389,
    "tn": 1597,
    "fp": 130,
    "fn": 279,
    "tp": 274,
    "fpr": 0.07527504342790967,
    "fnr": 0.5045207956600362,
    "gate_pass_rate": 0.6951754385964912,
    "gate_recall_on_fall": 0.7088607594936709,
    "gate_fpr_on_non_fall": 0.690793283149971
  },
  "test": {
    "n_rows": 1475,
    "fall_ratio": 0.28067796610169493,
    "accuracy": 0.8128813559322033,
    "precision": 0.6455696202531646,
    "recall": 0.7391304347826086,
    "f1": 0.6891891891891891,
    "pr_auc": 0.7733760437640884,
    "roc_auc": 0.8464225709953694,
    "tn": 893,
    "fp": 168,
    "fn": 108,
    "tp": 306,
    "fpr": 0.1583411875589067,
    "fnr": 0.2608695652173913,
    "gate_pass_rate": 0.9057627118644068,
    "gate_recall_on_fall": 0.9299516908212561,
    "gate_fpr_on_non_fall": 0.8963242224316682
  },
  "validation_per_source": {
    "UP": {
      "n_rows": 807,
      "fall_ratio": 0.16728624535315986,
      "accuracy": 0.8364312267657993,
      "precision": 1.0,
      "recall": 0.022222222222222223,
      "f1": 0.043478260869565216,
      "pr_auc": 0.17552937053334916,
      "roc_auc": 0.3378913139329806,
      "tn": 672,
      "fp": 0,
      "fn": 132,
      "tp": 3,
      "fpr": 0.0,
      "fnr": 0.9777777777777777,
      "gate_pass_rate": 0.37298636926889717,
      "gate_recall_on_fall": 0.1111111111111111,
      "gate_fpr_on_non_fall": 0.4255952380952381
    },
    "WEDA": {
      "n_rows": 1473,
      "fall_ratio": 0.2837746096401901,
      "accuracy": 0.811948404616429,
      "precision": 0.6758104738154613,
      "recall": 0.6483253588516746,
      "f1": 0.6617826617826618,
      "pr_auc": 0.7187545377267346,
      "roc_auc": 0.8126896301503437,
      "tn": 925,
      "fp": 130,
      "fn": 147,
      "tp": 271,
      "fpr": 0.12322274881516587,
      "fnr": 0.35167464114832536,
      "gate_pass_rate": 0.8716904276985743,
      "gate_recall_on_fall": 0.9019138755980861,
      "gate_fpr_on_non_fall": 0.8597156398104265
    }
  },
  "test_per_source": {
    "WEDA": {
      "n_rows": 1475,
      "fall_ratio": 0.28067796610169493,
      "accuracy": 0.8128813559322033,
      "precision": 0.6455696202531646,
      "recall": 0.7391304347826086,
      "f1": 0.6891891891891891,
      "pr_auc": 0.7733760437640884,
      "roc_auc": 0.8464225709953694,
      "tn": 893,
      "fp": 168,
      "fn": 108,
      "tp": 306,
      "fpr": 0.1583411875589067,
      "fnr": 0.2608695652173913,
      "gate_pass_rate": 0.9057627118644068,
      "gate_recall_on_fall": 0.9299516908212561,
      "gate_fpr_on_non_fall": 0.8963242224316682
    }
  }
}