{
  "config": {
    "gate_feature": "acc_mag_std",
    "gate_threshold": 0.004506217613876566,
    "gate_op": ">=",
    "decision_threshold": 0.4549999999999999,
    "min_gate_recall_requested": 0.95,
    "gate_source_for_search": "ALL",
    "drop_source": false,
    "rf_trees": 8,
    "rf_max_depth": 6,
    "rf_min_samples_leaf": 6,
    "random_state": 42,
    "n_stage2_train_rows": 8278,
    "n_stage2_train_fall": 2336,
    "n_stage2_train_non_fall": 5942
  },
  "validation": {
    "n_rows": 2280,
    "fall_ratio": 0.2425438596491228,
    "accuracy": 0.7995614035087719,
    "precision": 0.573170731707317,
    "recall": 0.6799276672694394,
    "f1": 0.6220016542597188,
    "pr_auc": 0.6992586702504822,
    "roc_auc": 0.8307730324984215,
    "tn": 1447,
    "fp": 280,
    "fn": 177,
    "tp": 376,
    "fpr": 0.16213086276780544,
    "fnr": 0.32007233273056057,
    "gate_pass_rate": 0.8324561403508772,
    "gate_recall_on_fall": 0.9511754068716094,
    "gate_fpr_on_non_fall": 0.7944412275622467
  },
  "test": {
    "n_rows": 1475,
    "fall_ratio": 0.28067796610169493,
    "accuracy": 0.7911864406779661,
    "precision": 0.5963636363636363,
    "recall": 0.7922705314009661,
    "f1": 0.6804979253112033,
    "pr_auc": 0.7767963473455093,
    "roc_auc": 0.8808855468589927,
    "tn": 839,
    "fp": 222,
    "fn": 86,
    "tp": 328,
    "fpr": 0.20923656927426956,
    "fnr": 0.20772946859903382,
    "gate_pass_rate": 1.0,
    "gate_recall_on_fall": 1.0,
    "gate_fpr_on_non_fall": 1.0
  },
  "validation_per_source": {
    "UP": {
      "n_rows": 807,
      "fall_ratio": 0.16728624535315986,
      "accuracy": 0.7596034696406444,
      "precision": 0.3212121212121212,
      "recall": 0.3925925925925926,
      "f1": 0.35333333333333333,
      "pr_auc": 0.30824493802198966,
      "roc_auc": 0.6825727513227513,
      "tn": 560,
      "fp": 112,
      "fn": 82,
      "tp": 53,
      "fpr": 0.16666666666666666,
      "fnr": 0.6074074074074074,
      "gate_pass_rate": 0.5266418835192069,
      "gate_recall_on_fall": 0.8,
      "gate_fpr_on_non_fall": 0.47172619047619047
    },
    "WEDA": {
      "n_rows": 1473,
      "fall_ratio": 0.2837746096401901,
      "accuracy": 0.8214528173794976,
      "precision": 0.6578411405295316,
      "recall": 0.7727272727272727,
      "f1": 0.7106710671067107,
      "pr_auc": 0.7999574697738655,
      "roc_auc": 0.8842343363795097,
      "tn": 887,
      "fp": 168,
      "fn": 95,
      "tp": 323,
      "fpr": 0.15924170616113745,
      "fnr": 0.22727272727272727,
      "gate_pass_rate": 1.0,
      "gate_recall_on_fall": 1.0,
      "gate_fpr_on_non_fall": 1.0
    }
  },
  "test_per_source": {
    "WEDA": {
      "n_rows": 1475,
      "fall_ratio": 0.28067796610169493,
      "accuracy": 0.7911864406779661,
      "precision": 0.5963636363636363,
      "recall": 0.7922705314009661,
      "f1": 0.6804979253112033,
      "pr_auc": 0.7767963473455093,
      "roc_auc": 0.8808855468589927,
      "tn": 839,
      "fp": 222,
      "fn": 86,
      "tp": 328,
      "fpr": 0.20923656927426956,
      "fnr": 0.20772946859903382,
      "gate_pass_rate": 1.0,
      "gate_recall_on_fall": 1.0,
      "gate_fpr_on_non_fall": 1.0
    }
  }
}