{
  "config": {
    "gate_feature": "acc_mag_std",
    "gate_threshold": 0.027832869085217017,
    "gate_op": ">=",
    "decision_threshold": 0.39499999999999996,
    "min_gate_recall_requested": 0.9,
    "gate_source_for_search": "ALL",
    "drop_source": true,
    "rf_trees": 30,
    "rf_max_depth": 12,
    "rf_min_samples_leaf": 2,
    "random_state": 42,
    "n_stage2_train_rows": 7677,
    "n_stage2_train_fall": 2238,
    "n_stage2_train_non_fall": 5439
  },
  "validation": {
    "n_rows": 2280,
    "fall_ratio": 0.2425438596491228,
    "accuracy": 0.8114035087719298,
    "precision": 0.5947611710323575,
    "recall": 0.6980108499095841,
    "f1": 0.6422628951747088,
    "pr_auc": 0.7102932997371867,
    "roc_auc": 0.831251027453559,
    "tn": 1464,
    "fp": 263,
    "fn": 167,
    "tp": 386,
    "fpr": 0.15228720324261724,
    "fnr": 0.30198915009041594,
    "gate_pass_rate": 0.7526315789473684,
    "gate_recall_on_fall": 0.9041591320072333,
    "gate_fpr_on_non_fall": 0.704111175448755
  },
  "test": {
    "n_rows": 1475,
    "fall_ratio": 0.28067796610169493,
    "accuracy": 0.8298305084745763,
    "precision": 0.6540642722117203,
    "recall": 0.8357487922705314,
    "f1": 0.7338282078472959,
    "pr_auc": 0.8144694553591731,
    "roc_auc": 0.9053281245019966,
    "tn": 878,
    "fp": 183,
    "fn": 68,
    "tp": 346,
    "fpr": 0.17247879359095195,
    "fnr": 0.1642512077294686,
    "gate_pass_rate": 1.0,
    "gate_recall_on_fall": 1.0,
    "gate_fpr_on_non_fall": 1.0
  },
  "validation_per_source": {
    "UP": {
      "n_rows": 807,
      "fall_ratio": 0.16728624535315986,
      "accuracy": 0.7719950433705081,
      "precision": 0.3675675675675676,
      "recall": 0.5037037037037037,
      "f1": 0.425,
      "pr_auc": 0.35508736289691567,
      "roc_auc": 0.699211860670194,
      "tn": 555,
      "fp": 117,
      "fn": 67,
      "tp": 68,
      "fpr": 0.17410714285714285,
      "fnr": 0.4962962962962963,
      "gate_pass_rate": 0.30111524163568776,
      "gate_recall_on_fall": 0.6074074074074074,
      "gate_fpr_on_non_fall": 0.23958333333333334
    },
    "WEDA": {
      "n_rows": 1473,
      "fall_ratio": 0.2837746096401901,
      "accuracy": 0.8329938900203666,
      "precision": 0.6853448275862069,
      "recall": 0.7607655502392344,
      "f1": 0.7210884353741497,
      "pr_auc": 0.8137169648549738,
      "roc_auc": 0.8943649515862038,
      "tn": 909,
      "fp": 146,
      "fn": 100,
      "tp": 318,
      "fpr": 0.13838862559241707,
      "fnr": 0.23923444976076555,
      "gate_pass_rate": 1.0,
      "gate_recall_on_fall": 1.0,
      "gate_fpr_on_non_fall": 1.0
    }
  },
  "test_per_source": {
    "WEDA": {
      "n_rows": 1475,
      "fall_ratio": 0.28067796610169493,
      "accuracy": 0.8298305084745763,
      "precision": 0.6540642722117203,
      "recall": 0.8357487922705314,
      "f1": 0.7338282078472959,
      "pr_auc": 0.8144694553591731,
      "roc_auc": 0.9053281245019966,
      "tn": 878,
      "fp": 183,
      "fn": 68,
      "tp": 346,
      "fpr": 0.17247879359095195,
      "fnr": 0.1642512077294686,
      "gate_pass_rate": 1.0,
      "gate_recall_on_fall": 1.0,
      "gate_fpr_on_non_fall": 1.0
    }
  }
}