{
  "config": {
    "gate_feature": "acc_mag_std",
    "gate_threshold": 0.027832869085217017,
    "gate_op": ">=",
    "decision_threshold": 0.48499999999999993,
    "min_gate_recall_requested": 0.9,
    "gate_source_for_search": "ALL",
    "drop_source": false,
    "rf_trees": 60,
    "rf_max_depth": 12,
    "rf_min_samples_leaf": 4,
    "random_state": 42,
    "n_stage2_train_rows": 7677,
    "n_stage2_train_fall": 2238,
    "n_stage2_train_non_fall": 5439
  },
  "validation": {
    "n_rows": 2280,
    "fall_ratio": 0.2425438596491228,
    "accuracy": 0.843421052631579,
    "precision": 0.7,
    "recall": 0.620253164556962,
    "f1": 0.6577181208053692,
    "pr_auc": 0.727282852090106,
    "roc_auc": 0.8356288958159475,
    "tn": 1580,
    "fp": 147,
    "fn": 210,
    "tp": 343,
    "fpr": 0.08511870295309786,
    "fnr": 0.379746835443038,
    "gate_pass_rate": 0.7526315789473684,
    "gate_recall_on_fall": 0.9041591320072333,
    "gate_fpr_on_non_fall": 0.704111175448755
  },
  "test": {
    "n_rows": 1475,
    "fall_ratio": 0.28067796610169493,
    "accuracy": 0.8461016949152542,
    "precision": 0.7037037037037037,
    "recall": 0.7801932367149759,
    "f1": 0.7399770904925544,
    "pr_auc": 0.8133848077020782,
    "roc_auc": 0.9081169437273193,
    "tn": 925,
    "fp": 136,
    "fn": 91,
    "tp": 323,
    "fpr": 0.1281809613572102,
    "fnr": 0.21980676328502416,
    "gate_pass_rate": 1.0,
    "gate_recall_on_fall": 1.0,
    "gate_fpr_on_non_fall": 1.0
  },
  "validation_per_source": {
    "UP": {
      "n_rows": 807,
      "fall_ratio": 0.16728624535315986,
      "accuracy": 0.8215613382899628,
      "precision": 0.46153846153846156,
      "recall": 0.4,
      "f1": 0.42857142857142855,
      "pr_auc": 0.351003851372422,
      "roc_auc": 0.7021660052910053,
      "tn": 609,
      "fp": 63,
      "fn": 81,
      "tp": 54,
      "fpr": 0.09375,
      "fnr": 0.6,
      "gate_pass_rate": 0.30111524163568776,
      "gate_recall_on_fall": 0.6074074074074074,
      "gate_fpr_on_non_fall": 0.23958333333333334
    },
    "WEDA": {
      "n_rows": 1473,
      "fall_ratio": 0.2837746096401901,
      "accuracy": 0.8553971486761711,
      "precision": 0.774798927613941,
      "recall": 0.6913875598086124,
      "f1": 0.7307206068268015,
      "pr_auc": 0.8309693151880714,
      "roc_auc": 0.9007483162883512,
      "tn": 971,
      "fp": 84,
      "fn": 129,
      "tp": 289,
      "fpr": 0.07962085308056872,
      "fnr": 0.30861244019138756,
      "gate_pass_rate": 1.0,
      "gate_recall_on_fall": 1.0,
      "gate_fpr_on_non_fall": 1.0
    }
  },
  "test_per_source": {
    "WEDA": {
      "n_rows": 1475,
      "fall_ratio": 0.28067796610169493,
      "accuracy": 0.8461016949152542,
      "precision": 0.7037037037037037,
      "recall": 0.7801932367149759,
      "f1": 0.7399770904925544,
      "pr_auc": 0.8133848077020782,
      "roc_auc": 0.9081169437273193,
      "tn": 925,
      "fp": 136,
      "fn": 91,
      "tp": 323,
      "fpr": 0.1281809613572102,
      "fnr": 0.21980676328502416,
      "gate_pass_rate": 1.0,
      "gate_recall_on_fall": 1.0,
      "gate_fpr_on_non_fall": 1.0
    }
  }
}