{
  "config": {
    "model_type": "logistic_multinomial",
    "c": 1.0,
    "seed": 42,
    "top_k": 0,
    "labels": [
      "fall",
      "sit",
      "walk",
      "hand",
      "crouching"
    ],
    "feature_count": 80,
    "selected_feature_count": 80
  },
  "train": {
    "accuracy": 0.7376863559162106,
    "macro_precision": 0.6907684701865116,
    "macro_recall": 0.741669091101583,
    "macro_f1": 0.6996736875952374,
    "weighted_precision": 0.7763262347075581,
    "weighted_recall": 0.7376863559162106,
    "weighted_f1": 0.746371962062765,
    "fall_precision": 0.819047619047619,
    "fall_recall": 0.6259097525473072,
    "fall_f1": 0.7095709570957096,
    "classification_report": {
      "fall": {
        "precision": 0.819047619047619,
        "recall": 0.6259097525473072,
        "f1-score": 0.7095709570957096,
        "support": 1374.0
      },
      "sit": {
        "precision": 0.46138002059732236,
        "recall": 0.810126582278481,
        "f1-score": 0.5879265091863517,
        "support": 553.0
      },
      "walk": {
        "precision": 0.8851570964247021,
        "recall": 0.7974621766715471,
        "f1-score": 0.8390243902439024,
        "support": 2049.0
      },
      "hand": {
        "precision": 0.7585071350164654,
        "recall": 0.7228033472803347,
        "f1-score": 0.740224959828602,
        "support": 956.0
      },
      "crouching": {
        "precision": 0.5297504798464492,
        "recall": 0.7520435967302452,
        "f1-score": 0.6216216216216216,
        "support": 367.0
      },
      "accuracy": 0.7376863559162106,
      "macro avg": {
        "precision": 0.6907684701865116,
        "recall": 0.741669091101583,
        "f1-score": 0.6996736875952374,
        "support": 5299.0
      },
      "weighted avg": {
        "precision": 0.7763262347075581,
        "recall": 0.7376863559162106,
        "f1-score": 0.746371962062765,
        "support": 5299.0
      }
    },
    "confusion_matrix": [
      [
        860,
        196,
        144,
        126,
        48
      ],
      [
        35,
        448,
        32,
        13,
        25
      ],
      [
        60,
        207,
        1634,
        61,
        87
      ],
      [
        71,
        91,
        18,
        691,
        85
      ],
      [
        24,
        29,
        18,
        20,
        276
      ]
    ]
  },
  "validation": {
    "accuracy": 0.5946825827455237,
    "macro_precision": 0.5517976623818035,
    "macro_recall": 0.5763654063259522,
    "macro_f1": 0.5514407396364196,
    "weighted_precision": 0.6454520823478309,
    "weighted_recall": 0.5946825827455237,
    "weighted_f1": 0.6079741386820535,
    "fall_precision": 0.6650366748166259,
    "fall_recall": 0.4900900900900901,
    "fall_f1": 0.5643153526970954,
    "classification_report": {
      "fall": {
        "precision": 0.6650366748166259,
        "recall": 0.4900900900900901,
        "f1-score": 0.5643153526970954,
        "support": 555.0
      },
      "sit": {
        "precision": 0.3177570093457944,
        "recall": 0.4880382775119617,
        "f1-score": 0.3849056603773585,
        "support": 209.0
      },
      "walk": {
        "precision": 0.8708333333333333,
        "recall": 0.6943521594684385,
        "f1-score": 0.7726432532347505,
        "support": 602.0
      },
      "hand": {
        "precision": 0.5239179954441914,
        "recall": 0.6845238095238095,
        "f1-score": 0.5935483870967742,
        "support": 336.0
      },
      "crouching": {
        "precision": 0.38144329896907214,
        "recall": 0.524822695035461,
        "f1-score": 0.4417910447761194,
        "support": 141.0
      },
      "accuracy": 0.5946825827455237,
      "macro avg": {
        "precision": 0.5517976623818035,
        "recall": 0.5763654063259522,
        "f1-score": 0.5514407396364196,
        "support": 1843.0
      },
      "weighted avg": {
        "precision": 0.6454520823478309,
        "recall": 0.5946825827455237,
        "f1-score": 0.6079741386820535,
        "support": 1843.0
      }
    },
    "confusion_matrix": [
      [
        272,
        96,
        46,
        108,
        33
      ],
      [
        39,
        102,
        2,
        53,
        13
      ],
      [
        58,
        46,
        418,
        29,
        51
      ],
      [
        23,
        58,
        2,
        230,
        23
      ],
      [
        17,
        19,
        12,
        19,
        74
      ]
    ]
  },
  "test": {
    "accuracy": 0.6206410707995773,
    "macro_precision": 0.599707838746003,
    "macro_recall": 0.6321724501174935,
    "macro_f1": 0.5883426677349957,
    "weighted_precision": 0.686173963680215,
    "weighted_recall": 0.6206410707995773,
    "weighted_f1": 0.6332363463466528,
    "fall_precision": 0.7800312012480499,
    "fall_recall": 0.5257623554153522,
    "fall_f1": 0.628140703517588,
    "classification_report": {
      "fall": {
        "precision": 0.7800312012480499,
        "recall": 0.5257623554153522,
        "f1-score": 0.628140703517588,
        "support": 951.0
      },
      "sit": {
        "precision": 0.33946251768033947,
        "recall": 0.8480565371024735,
        "f1-score": 0.48484848484848486,
        "support": 283.0
      },
      "walk": {
        "precision": 0.8060975609756098,
        "recall": 0.7200435729847494,
        "f1-score": 0.760644418872267,
        "support": 918.0
      },
      "hand": {
        "precision": 0.5466321243523317,
        "recall": 0.4988179669030733,
        "f1-score": 0.5216316440049443,
        "support": 423.0
      },
      "crouching": {
        "precision": 0.5263157894736842,
        "recall": 0.5681818181818182,
        "f1-score": 0.546448087431694,
        "support": 264.0
      },
      "accuracy": 0.6206410707995773,
      "macro avg": {
        "precision": 0.599707838746003,
        "recall": 0.6321724501174935,
        "f1-score": 0.5883426677349957,
        "support": 2839.0
      },
      "weighted avg": {
        "precision": 0.686173963680215,
        "recall": 0.6206410707995773,
        "f1-score": 0.6332363463466528,
        "support": 2839.0
      }
    },
    "confusion_matrix": [
      [
        500,
        175,
        133,
        106,
        37
      ],
      [
        16,
        240,
        2,
        17,
        8
      ],
      [
        37,
        128,
        661,
        37,
        55
      ],
      [
        66,
        106,
        5,
        211,
        35
      ],
      [
        22,
        58,
        19,
        15,
        150
      ]
    ]
  },
  "esp32_export": {
    "header_size_bytes": 9404,
    "parameter_bytes": 2260,
    "parameter_kb": 2.207,
    "feature_count": 80,
    "class_count": 5
  }
}