{
    "accuracy": 0.917910447761194,
    "precision": 0.8809523809523809,
    "recall": 0.9664179104477612,
    "f1": 0.9217081850533808,
    "false_alarm_rate": 0.13059701492537312,
    "miss_rate": 0.033582089552238806
}