{
  "config": {
    "gate_feature": "gyro_mag_mean",
    "gate_threshold": 3.0909158145027127,
    "gate_op": "<=",
    "decision_threshold": 0.5149999999999999,
    "min_gate_recall_requested": 0.95,
    "gate_source_for_search": "WEDA",
    "drop_source": false,
    "rf_trees": 8,
    "rf_max_depth": 6,
    "rf_min_samples_leaf": 10,
    "random_state": 42,
    "n_stage2_train_rows": 7030,
    "n_stage2_train_fall": 1978,
    "n_stage2_train_non_fall": 5052
  },
  "validation": {
    "n_rows": 2280,
    "fall_ratio": 0.2425438596491228,
    "accuracy": 0.8232456140350877,
    "precision": 0.676056338028169,
    "recall": 0.5207956600361664,
    "f1": 0.5883554647599591,
    "pr_auc": 0.6213005841991615,
    "roc_auc": 0.7174117908214498,
    "tn": 1589,
    "fp": 138,
    "fn": 265,
    "tp": 288,
    "fpr": 0.07990735379270411,
    "fnr": 0.47920433996383366,
    "gate_pass_rate": 0.7271929824561404,
    "gate_recall_on_fall": 0.7486437613019892,
    "gate_fpr_on_non_fall": 0.7203242617255357
  },
  "test": {
    "n_rows": 1475,
    "fall_ratio": 0.28067796610169493,
    "accuracy": 0.7959322033898305,
    "precision": 0.6179540709812108,
    "recall": 0.714975845410628,
    "f1": 0.6629339305711086,
    "pr_auc": 0.7601290359193291,
    "roc_auc": 0.8558442268027155,
    "tn": 878,
    "fp": 183,
    "fn": 118,
    "tp": 296,
    "fpr": 0.17247879359095195,
    "fnr": 0.28502415458937197,
    "gate_pass_rate": 0.9559322033898305,
    "gate_recall_on_fall": 0.9710144927536232,
    "gate_fpr_on_non_fall": 0.9500471253534402
  },
  "validation_per_source": {
    "UP": {
      "n_rows": 807,
      "fall_ratio": 0.16728624535315986,
      "accuracy": 0.8339529120198265,
      "precision": 0.5555555555555556,
      "recall": 0.037037037037037035,
      "f1": 0.06944444444444445,
      "pr_auc": 0.18433234997244366,
      "roc_auc": 0.3419146825396825,
      "tn": 668,
      "fp": 4,
      "fn": 130,
      "tp": 5,
      "fpr": 0.005952380952380952,
      "fnr": 0.9629629629629629,
      "gate_pass_rate": 0.3952912019826518,
      "gate_recall_on_fall": 0.11851851851851852,
      "gate_fpr_on_non_fall": 0.45089285714285715
    },
    "WEDA": {
      "n_rows": 1473,
      "fall_ratio": 0.2837746096401901,
      "accuracy": 0.8173794976238968,
      "precision": 0.6786570743405276,
      "recall": 0.6770334928229665,
      "f1": 0.6778443113772455,
      "pr_auc": 0.7414791885497938,
      "roc_auc": 0.8427129866890406,
      "tn": 921,
      "fp": 134,
      "fn": 135,
      "tp": 283,
      "fpr": 0.12701421800947868,
      "fnr": 0.3229665071770335,
      "gate_pass_rate": 0.9090291921249152,
      "gate_recall_on_fall": 0.9521531100478469,
      "gate_fpr_on_non_fall": 0.8919431279620853
    }
  },
  "test_per_source": {
    "WEDA": {
      "n_rows": 1475,
      "fall_ratio": 0.28067796610169493,
      "accuracy": 0.7959322033898305,
      "precision": 0.6179540709812108,
      "recall": 0.714975845410628,
      "f1": 0.6629339305711086,
      "pr_auc": 0.7601290359193291,
      "roc_auc": 0.8558442268027155,
      "tn": 878,
      "fp": 183,
      "fn": 118,
      "tp": 296,
      "fpr": 0.17247879359095195,
      "fnr": 0.28502415458937197,
      "gate_pass_rate": 0.9559322033898305,
      "gate_recall_on_fall": 0.9710144927536232,
      "gate_fpr_on_non_fall": 0.9500471253534402
    }
  }
}