{
  "config": {
    "gate_feature": "acc_mag_std",
    "gate_threshold": 0.027832869085217017,
    "gate_op": ">=",
    "decision_threshold": 0.4499999999999999,
    "min_gate_recall_requested": 0.9,
    "gate_source_for_search": "ALL",
    "drop_source": false,
    "rf_trees": 60,
    "rf_max_depth": 12,
    "rf_min_samples_leaf": 2,
    "random_state": 42,
    "n_stage2_train_rows": 7677,
    "n_stage2_train_fall": 2238,
    "n_stage2_train_non_fall": 5439
  },
  "validation": {
    "n_rows": 2280,
    "fall_ratio": 0.2425438596491228,
    "accuracy": 0.8333333333333334,
    "precision": 0.6692759295499021,
    "recall": 0.6184448462929476,
    "f1": 0.6428571428571429,
    "pr_auc": 0.7189301308360141,
    "roc_auc": 0.8339776405163811,
    "tn": 1558,
    "fp": 169,
    "fn": 211,
    "tp": 342,
    "fpr": 0.09785755645628257,
    "fnr": 0.38155515370705245,
    "gate_pass_rate": 0.7526315789473684,
    "gate_recall_on_fall": 0.9041591320072333,
    "gate_fpr_on_non_fall": 0.704111175448755
  },
  "test": {
    "n_rows": 1475,
    "fall_ratio": 0.28067796610169493,
    "accuracy": 0.8386440677966102,
    "precision": 0.6825726141078838,
    "recall": 0.7946859903381642,
    "f1": 0.734375,
    "pr_auc": 0.8348717786747536,
    "roc_auc": 0.9132939028443681,
    "tn": 908,
    "fp": 153,
    "fn": 85,
    "tp": 329,
    "fpr": 0.14420358152686144,
    "fnr": 0.20531400966183574,
    "gate_pass_rate": 1.0,
    "gate_recall_on_fall": 1.0,
    "gate_fpr_on_non_fall": 1.0
  },
  "validation_per_source": {
    "UP": {
      "n_rows": 807,
      "fall_ratio": 0.16728624535315986,
      "accuracy": 0.7955390334572491,
      "precision": 0.3897058823529412,
      "recall": 0.3925925925925926,
      "f1": 0.39114391143911437,
      "pr_auc": 0.3335593415770003,
      "roc_auc": 0.6947696208112875,
      "tn": 589,
      "fp": 83,
      "fn": 82,
      "tp": 53,
      "fpr": 0.12351190476190477,
      "fnr": 0.6074074074074074,
      "gate_pass_rate": 0.30111524163568776,
      "gate_recall_on_fall": 0.6074074074074074,
      "gate_fpr_on_non_fall": 0.23958333333333334
    },
    "WEDA": {
      "n_rows": 1473,
      "fall_ratio": 0.2837746096401901,
      "accuracy": 0.8540393754243042,
      "precision": 0.7706666666666667,
      "recall": 0.6913875598086124,
      "f1": 0.7288776796973518,
      "pr_auc": 0.8285772399556905,
      "roc_auc": 0.902206399238078,
      "tn": 969,
      "fp": 86,
      "fn": 129,
      "tp": 289,
      "fpr": 0.08151658767772511,
      "fnr": 0.30861244019138756,
      "gate_pass_rate": 1.0,
      "gate_recall_on_fall": 1.0,
      "gate_fpr_on_non_fall": 1.0
    }
  },
  "test_per_source": {
    "WEDA": {
      "n_rows": 1475,
      "fall_ratio": 0.28067796610169493,
      "accuracy": 0.8386440677966102,
      "precision": 0.6825726141078838,
      "recall": 0.7946859903381642,
      "f1": 0.734375,
      "pr_auc": 0.8348717786747536,
      "roc_auc": 0.9132939028443681,
      "tn": 908,
      "fp": 153,
      "fn": 85,
      "tp": 329,
      "fpr": 0.14420358152686144,
      "fnr": 0.20531400966183574,
      "gate_pass_rate": 1.0,
      "gate_recall_on_fall": 1.0,
      "gate_fpr_on_non_fall": 1.0
    }
  }
}