{
  "config": {
    "gate_feature": "acc_mag_std",
    "gate_threshold": 0.008592049936601925,
    "gate_op": ">=",
    "decision_threshold": 0.49999999999999994,
    "min_gate_recall_requested": 0.93,
    "gate_source_for_search": "ALL",
    "drop_source": false,
    "rf_trees": 8,
    "rf_max_depth": 6,
    "rf_min_samples_leaf": 5,
    "random_state": 42,
    "n_stage2_train_rows": 8093,
    "n_stage2_train_fall": 2308,
    "n_stage2_train_non_fall": 5785
  },
  "validation": {
    "n_rows": 2280,
    "fall_ratio": 0.2425438596491228,
    "accuracy": 0.8078947368421052,
    "precision": 0.6120857699805068,
    "recall": 0.5678119349005425,
    "f1": 0.5891181988742964,
    "pr_auc": 0.6802496301848978,
    "roc_auc": 0.817362473050613,
    "tn": 1528,
    "fp": 199,
    "fn": 239,
    "tp": 314,
    "fpr": 0.11522872032426172,
    "fnr": 0.4321880650994575,
    "gate_pass_rate": 0.8057017543859649,
    "gate_recall_on_fall": 0.9312839059674503,
    "gate_fpr_on_non_fall": 0.7654892877822814
  },
  "test": {
    "n_rows": 1475,
    "fall_ratio": 0.28067796610169493,
    "accuracy": 0.8013559322033899,
    "precision": 0.6148007590132827,
    "recall": 0.782608695652174,
    "f1": 0.6886291179596175,
    "pr_auc": 0.7415303264774213,
    "roc_auc": 0.8576802943171833,
    "tn": 858,
    "fp": 203,
    "fn": 90,
    "tp": 324,
    "fpr": 0.19132893496701225,
    "fnr": 0.21739130434782608,
    "gate_pass_rate": 1.0,
    "gate_recall_on_fall": 1.0,
    "gate_fpr_on_non_fall": 1.0
  },
  "validation_per_source": {
    "UP": {
      "n_rows": 807,
      "fall_ratio": 0.16728624535315986,
      "accuracy": 0.7670384138785625,
      "precision": 0.27350427350427353,
      "recall": 0.23703703703703705,
      "f1": 0.25396825396825395,
      "pr_auc": 0.2846874205621438,
      "roc_auc": 0.659942680776014,
      "tn": 587,
      "fp": 85,
      "fn": 103,
      "tp": 32,
      "fpr": 0.12648809523809523,
      "fnr": 0.762962962962963,
      "gate_pass_rate": 0.4510532837670384,
      "gate_recall_on_fall": 0.7185185185185186,
      "gate_fpr_on_non_fall": 0.39732142857142855
    },
    "WEDA": {
      "n_rows": 1473,
      "fall_ratio": 0.2837746096401901,
      "accuracy": 0.8302783435166328,
      "precision": 0.7121212121212122,
      "recall": 0.6746411483253588,
      "f1": 0.6928746928746928,
      "pr_auc": 0.7851048332170332,
      "roc_auc": 0.8796423955191728,
      "tn": 941,
      "fp": 114,
      "fn": 136,
      "tp": 282,
      "fpr": 0.1080568720379147,
      "fnr": 0.3253588516746411,
      "gate_pass_rate": 1.0,
      "gate_recall_on_fall": 1.0,
      "gate_fpr_on_non_fall": 1.0
    }
  },
  "test_per_source": {
    "WEDA": {
      "n_rows": 1475,
      "fall_ratio": 0.28067796610169493,
      "accuracy": 0.8013559322033899,
      "precision": 0.6148007590132827,
      "recall": 0.782608695652174,
      "f1": 0.6886291179596175,
      "pr_auc": 0.7415303264774213,
      "roc_auc": 0.8576802943171833,
      "tn": 858,
      "fp": 203,
      "fn": 90,
      "tp": 324,
      "fpr": 0.19132893496701225,
      "fnr": 0.21739130434782608,
      "gate_pass_rate": 1.0,
      "gate_recall_on_fall": 1.0,
      "gate_fpr_on_non_fall": 1.0
    }
  }
}