{
    "accuracy": 0.8880597014925373,
    "precision": 0.8489932885906041,
    "recall": 0.9440298507462687,
    "f1": 0.8939929328621908,
    "false_alarm_rate": 0.16791044776119404,
    "miss_rate": 0.055970149253731345
}