{
  "config": {
    "gate_feature": "gyro_mag_mean",
    "gate_threshold": 3.0909158145027127,
    "gate_op": "<=",
    "decision_threshold": 0.48999999999999994,
    "min_gate_recall_requested": 0.95,
    "gate_source_for_search": "WEDA",
    "drop_source": false,
    "rf_trees": 8,
    "rf_max_depth": 6,
    "rf_min_samples_leaf": 6,
    "random_state": 42,
    "n_stage2_train_rows": 7030,
    "n_stage2_train_fall": 1978,
    "n_stage2_train_non_fall": 5052
  },
  "validation": {
    "n_rows": 2280,
    "fall_ratio": 0.2425438596491228,
    "accuracy": 0.8214912280701754,
    "precision": 0.6636771300448431,
    "recall": 0.5352622061482821,
    "f1": 0.5925925925925926,
    "pr_auc": 0.6308184661717611,
    "roc_auc": 0.7235304403731397,
    "tn": 1577,
    "fp": 150,
    "fn": 257,
    "tp": 296,
    "fpr": 0.08685581933989578,
    "fnr": 0.46473779385171793,
    "gate_pass_rate": 0.7271929824561404,
    "gate_recall_on_fall": 0.7486437613019892,
    "gate_fpr_on_non_fall": 0.7203242617255357
  },
  "test": {
    "n_rows": 1475,
    "fall_ratio": 0.28067796610169493,
    "accuracy": 0.7911864406779661,
    "precision": 0.6019230769230769,
    "recall": 0.7560386473429952,
    "f1": 0.6702355460385439,
    "pr_auc": 0.7673828318798077,
    "roc_auc": 0.8670154398138662,
    "tn": 854,
    "fp": 207,
    "fn": 101,
    "tp": 313,
    "fpr": 0.1950989632422243,
    "fnr": 0.24396135265700483,
    "gate_pass_rate": 0.9559322033898305,
    "gate_recall_on_fall": 0.9710144927536232,
    "gate_fpr_on_non_fall": 0.9500471253534402
  },
  "validation_per_source": {
    "UP": {
      "n_rows": 807,
      "fall_ratio": 0.16728624535315986,
      "accuracy": 0.828996282527881,
      "precision": 0.2857142857142857,
      "recall": 0.014814814814814815,
      "f1": 0.028169014084507043,
      "pr_auc": 0.17004033687081685,
      "roc_auc": 0.33980930335097,
      "tn": 667,
      "fp": 5,
      "fn": 133,
      "tp": 2,
      "fpr": 0.00744047619047619,
      "fnr": 0.9851851851851852,
      "gate_pass_rate": 0.3952912019826518,
      "gate_recall_on_fall": 0.11851851851851852,
      "gate_fpr_on_non_fall": 0.45089285714285715
    },
    "WEDA": {
      "n_rows": 1473,
      "fall_ratio": 0.2837746096401901,
      "accuracy": 0.8173794976238968,
      "precision": 0.6697038724373576,
      "recall": 0.7033492822966507,
      "f1": 0.6861143523920653,
      "pr_auc": 0.7546431790825083,
      "roc_auc": 0.854539785482664,
      "tn": 910,
      "fp": 145,
      "fn": 124,
      "tp": 294,
      "fpr": 0.13744075829383887,
      "fnr": 0.2966507177033493,
      "gate_pass_rate": 0.9090291921249152,
      "gate_recall_on_fall": 0.9521531100478469,
      "gate_fpr_on_non_fall": 0.8919431279620853
    }
  },
  "test_per_source": {
    "WEDA": {
      "n_rows": 1475,
      "fall_ratio": 0.28067796610169493,
      "accuracy": 0.7911864406779661,
      "precision": 0.6019230769230769,
      "recall": 0.7560386473429952,
      "f1": 0.6702355460385439,
      "pr_auc": 0.7673828318798077,
      "roc_auc": 0.8670154398138662,
      "tn": 854,
      "fp": 207,
      "fn": 101,
      "tp": 313,
      "fpr": 0.1950989632422243,
      "fnr": 0.24396135265700483,
      "gate_pass_rate": 0.9559322033898305,
      "gate_recall_on_fall": 0.9710144927536232,
      "gate_fpr_on_non_fall": 0.9500471253534402
    }
  }
}