{
  "config": {
    "gate_feature": "acc_mag_std",
    "gate_threshold": 0.027832869085217017,
    "gate_op": ">=",
    "decision_threshold": 0.4749999999999999,
    "min_gate_recall_requested": 0.9,
    "gate_source_for_search": "ALL",
    "drop_source": false,
    "rf_trees": 30,
    "rf_max_depth": 12,
    "rf_min_samples_leaf": 4,
    "random_state": 42,
    "n_stage2_train_rows": 7677,
    "n_stage2_train_fall": 2238,
    "n_stage2_train_non_fall": 5439
  },
  "validation": {
    "n_rows": 2280,
    "fall_ratio": 0.2425438596491228,
    "accuracy": 0.8407894736842105,
    "precision": 0.6862745098039216,
    "recall": 0.6329113924050633,
    "f1": 0.658513640639699,
    "pr_auc": 0.7270099616654688,
    "roc_auc": 0.8359147504112432,
    "tn": 1567,
    "fp": 160,
    "fn": 203,
    "tp": 350,
    "fpr": 0.09264620729588882,
    "fnr": 0.3670886075949367,
    "gate_pass_rate": 0.7526315789473684,
    "gate_recall_on_fall": 0.9041591320072333,
    "gate_fpr_on_non_fall": 0.704111175448755
  },
  "test": {
    "n_rows": 1475,
    "fall_ratio": 0.28067796610169493,
    "accuracy": 0.8366101694915254,
    "precision": 0.6828752642706131,
    "recall": 0.7801932367149759,
    "f1": 0.7282976324689966,
    "pr_auc": 0.7971466568563664,
    "roc_auc": 0.8999758681764992,
    "tn": 911,
    "fp": 150,
    "fn": 91,
    "tp": 323,
    "fpr": 0.1413760603204524,
    "fnr": 0.21980676328502416,
    "gate_pass_rate": 1.0,
    "gate_recall_on_fall": 1.0,
    "gate_fpr_on_non_fall": 1.0
  },
  "validation_per_source": {
    "UP": {
      "n_rows": 807,
      "fall_ratio": 0.16728624535315986,
      "accuracy": 0.8104089219330854,
      "precision": 0.43478260869565216,
      "recall": 0.4444444444444444,
      "f1": 0.43956043956043955,
      "pr_auc": 0.36514302129996934,
      "roc_auc": 0.7047453703703703,
      "tn": 594,
      "fp": 78,
      "fn": 75,
      "tp": 60,
      "fpr": 0.11607142857142858,
      "fnr": 0.5555555555555556,
      "gate_pass_rate": 0.30111524163568776,
      "gate_recall_on_fall": 0.6074074074074074,
      "gate_fpr_on_non_fall": 0.23958333333333334
    },
    "WEDA": {
      "n_rows": 1473,
      "fall_ratio": 0.2837746096401901,
      "accuracy": 0.8574338085539714,
      "precision": 0.7795698924731183,
      "recall": 0.69377990430622,
      "f1": 0.7341772151898734,
      "pr_auc": 0.8308904874988677,
      "roc_auc": 0.9000544230027892,
      "tn": 973,
      "fp": 82,
      "fn": 128,
      "tp": 290,
      "fpr": 0.07772511848341232,
      "fnr": 0.3062200956937799,
      "gate_pass_rate": 1.0,
      "gate_recall_on_fall": 1.0,
      "gate_fpr_on_non_fall": 1.0
    }
  },
  "test_per_source": {
    "WEDA": {
      "n_rows": 1475,
      "fall_ratio": 0.28067796610169493,
      "accuracy": 0.8366101694915254,
      "precision": 0.6828752642706131,
      "recall": 0.7801932367149759,
      "f1": 0.7282976324689966,
      "pr_auc": 0.7971466568563664,
      "roc_auc": 0.8999758681764992,
      "tn": 911,
      "fp": 150,
      "fn": 91,
      "tp": 323,
      "fpr": 0.1413760603204524,
      "fnr": 0.21980676328502416,
      "gate_pass_rate": 1.0,
      "gate_recall_on_fall": 1.0,
      "gate_fpr_on_non_fall": 1.0
    }
  }
}