{
  "config": {
    "gate_feature": "acc_mag_std",
    "gate_threshold": 0.027832869085217017,
    "gate_op": ">=",
    "decision_threshold": 0.44499999999999995,
    "min_gate_recall_requested": 0.9,
    "gate_source_for_search": "ALL",
    "drop_source": true,
    "rf_trees": 30,
    "rf_max_depth": 10,
    "rf_min_samples_leaf": 4,
    "random_state": 42,
    "n_stage2_train_rows": 7677,
    "n_stage2_train_fall": 2238,
    "n_stage2_train_non_fall": 5439
  },
  "validation": {
    "n_rows": 2280,
    "fall_ratio": 0.2425438596491228,
    "accuracy": 0.8179824561403509,
    "precision": 0.6127450980392157,
    "recall": 0.6781193490054249,
    "f1": 0.6437768240343348,
    "pr_auc": 0.7118211997958742,
    "roc_auc": 0.8309567961668259,
    "tn": 1490,
    "fp": 237,
    "fn": 178,
    "tp": 375,
    "fpr": 0.1372321945570353,
    "fnr": 0.321880650994575,
    "gate_pass_rate": 0.7526315789473684,
    "gate_recall_on_fall": 0.9041591320072333,
    "gate_fpr_on_non_fall": 0.704111175448755
  },
  "test": {
    "n_rows": 1475,
    "fall_ratio": 0.28067796610169493,
    "accuracy": 0.8189830508474576,
    "precision": 0.6444007858546169,
    "recall": 0.7922705314009661,
    "f1": 0.7107258938244854,
    "pr_auc": 0.8079620314753724,
    "roc_auc": 0.8985256821793314,
    "tn": 880,
    "fp": 181,
    "fn": 86,
    "tp": 328,
    "fpr": 0.1705937794533459,
    "fnr": 0.20772946859903382,
    "gate_pass_rate": 1.0,
    "gate_recall_on_fall": 1.0,
    "gate_fpr_on_non_fall": 1.0
  },
  "validation_per_source": {
    "UP": {
      "n_rows": 807,
      "fall_ratio": 0.16728624535315986,
      "accuracy": 0.7719950433705081,
      "precision": 0.3567251461988304,
      "recall": 0.45185185185185184,
      "f1": 0.39869281045751637,
      "pr_auc": 0.3402628831155636,
      "roc_auc": 0.6976135361552027,
      "tn": 562,
      "fp": 110,
      "fn": 74,
      "tp": 61,
      "fpr": 0.1636904761904762,
      "fnr": 0.5481481481481482,
      "gate_pass_rate": 0.30111524163568776,
      "gate_recall_on_fall": 0.6074074074074074,
      "gate_fpr_on_non_fall": 0.23958333333333334
    },
    "WEDA": {
      "n_rows": 1473,
      "fall_ratio": 0.2837746096401901,
      "accuracy": 0.8431771894093686,
      "precision": 0.7120181405895691,
      "recall": 0.7511961722488039,
      "f1": 0.7310826542491269,
      "pr_auc": 0.8181700374667357,
      "roc_auc": 0.8961903898047575,
      "tn": 928,
      "fp": 127,
      "fn": 104,
      "tp": 314,
      "fpr": 0.12037914691943127,
      "fnr": 0.24880382775119617,
      "gate_pass_rate": 1.0,
      "gate_recall_on_fall": 1.0,
      "gate_fpr_on_non_fall": 1.0
    }
  },
  "test_per_source": {
    "WEDA": {
      "n_rows": 1475,
      "fall_ratio": 0.28067796610169493,
      "accuracy": 0.8189830508474576,
      "precision": 0.6444007858546169,
      "recall": 0.7922705314009661,
      "f1": 0.7107258938244854,
      "pr_auc": 0.8079620314753724,
      "roc_auc": 0.8985256821793314,
      "tn": 880,
      "fp": 181,
      "fn": 86,
      "tp": 328,
      "fpr": 0.1705937794533459,
      "fnr": 0.20772946859903382,
      "gate_pass_rate": 1.0,
      "gate_recall_on_fall": 1.0,
      "gate_fpr_on_non_fall": 1.0
    }
  }
}