{
  "config": {
    "gate_feature": "acc_mag_std",
    "gate_threshold": 0.008592049936601925,
    "gate_op": ">=",
    "decision_threshold": 0.5549999999999999,
    "min_gate_recall_requested": 0.93,
    "gate_source_for_search": "ALL",
    "drop_source": false,
    "rf_trees": 10,
    "rf_max_depth": 8,
    "rf_min_samples_leaf": 5,
    "random_state": 42,
    "n_stage2_train_rows": 8093,
    "n_stage2_train_fall": 2308,
    "n_stage2_train_non_fall": 5785
  },
  "validation": {
    "n_rows": 2280,
    "fall_ratio": 0.2425438596491228,
    "accuracy": 0.8153508771929825,
    "precision": 0.6404255319148936,
    "recall": 0.5443037974683544,
    "f1": 0.5884652981427175,
    "pr_auc": 0.6670009712825486,
    "roc_auc": 0.8171300198632296,
    "tn": 1558,
    "fp": 169,
    "fn": 252,
    "tp": 301,
    "fpr": 0.09785755645628257,
    "fnr": 0.45569620253164556,
    "gate_pass_rate": 0.8057017543859649,
    "gate_recall_on_fall": 0.9312839059674503,
    "gate_fpr_on_non_fall": 0.7654892877822814
  },
  "test": {
    "n_rows": 1475,
    "fall_ratio": 0.28067796610169493,
    "accuracy": 0.8298305084745763,
    "precision": 0.6856492027334852,
    "recall": 0.7270531400966184,
    "f1": 0.7057444314185228,
    "pr_auc": 0.7931434738136077,
    "roc_auc": 0.8904722552327355,
    "tn": 923,
    "fp": 138,
    "fn": 113,
    "tp": 301,
    "fpr": 0.13006597549481622,
    "fnr": 0.27294685990338163,
    "gate_pass_rate": 1.0,
    "gate_recall_on_fall": 1.0,
    "gate_fpr_on_non_fall": 1.0
  },
  "validation_per_source": {
    "UP": {
      "n_rows": 807,
      "fall_ratio": 0.16728624535315986,
      "accuracy": 0.7856257744733581,
      "precision": 0.3467741935483871,
      "recall": 0.31851851851851853,
      "f1": 0.33204633204633205,
      "pr_auc": 0.2967283881196524,
      "roc_auc": 0.6723600088183421,
      "tn": 591,
      "fp": 81,
      "fn": 92,
      "tp": 43,
      "fpr": 0.12053571428571429,
      "fnr": 0.6814814814814815,
      "gate_pass_rate": 0.4510532837670384,
      "gate_recall_on_fall": 0.7185185185185186,
      "gate_fpr_on_non_fall": 0.39732142857142855
    },
    "WEDA": {
      "n_rows": 1473,
      "fall_ratio": 0.2837746096401901,
      "accuracy": 0.8316361167684997,
      "precision": 0.7456647398843931,
      "recall": 0.6172248803827751,
      "f1": 0.675392670157068,
      "pr_auc": 0.7813218205367051,
      "roc_auc": 0.8810335835279711,
      "tn": 967,
      "fp": 88,
      "fn": 160,
      "tp": 258,
      "fpr": 0.08341232227488152,
      "fnr": 0.3827751196172249,
      "gate_pass_rate": 1.0,
      "gate_recall_on_fall": 1.0,
      "gate_fpr_on_non_fall": 1.0
    }
  },
  "test_per_source": {
    "WEDA": {
      "n_rows": 1475,
      "fall_ratio": 0.28067796610169493,
      "accuracy": 0.8298305084745763,
      "precision": 0.6856492027334852,
      "recall": 0.7270531400966184,
      "f1": 0.7057444314185228,
      "pr_auc": 0.7931434738136077,
      "roc_auc": 0.8904722552327355,
      "tn": 923,
      "fp": 138,
      "fn": 113,
      "tp": 301,
      "fpr": 0.13006597549481622,
      "fnr": 0.27294685990338163,
      "gate_pass_rate": 1.0,
      "gate_recall_on_fall": 1.0,
      "gate_fpr_on_non_fall": 1.0
    }
  }
}