{
  "config": {
    "gate_feature": "acc_mag_std",
    "gate_threshold": 0.027832869085217017,
    "gate_op": ">=",
    "decision_threshold": 0.4649999999999999,
    "min_gate_recall_requested": 0.9,
    "gate_source_for_search": "ALL",
    "drop_source": false,
    "rf_trees": 60,
    "rf_max_depth": 8,
    "rf_min_samples_leaf": 6,
    "random_state": 42,
    "n_stage2_train_rows": 7677,
    "n_stage2_train_fall": 2238,
    "n_stage2_train_non_fall": 5439
  },
  "validation": {
    "n_rows": 2280,
    "fall_ratio": 0.2425438596491228,
    "accuracy": 0.8285087719298245,
    "precision": 0.6416083916083916,
    "recall": 0.6636528028933092,
    "f1": 0.6524444444444445,
    "pr_auc": 0.7214376597033216,
    "roc_auc": 0.8346331166213453,
    "tn": 1522,
    "fp": 205,
    "fn": 186,
    "tp": 367,
    "fpr": 0.11870295309785756,
    "fnr": 0.33634719710669075,
    "gate_pass_rate": 0.7526315789473684,
    "gate_recall_on_fall": 0.9041591320072333,
    "gate_fpr_on_non_fall": 0.704111175448755
  },
  "test": {
    "n_rows": 1475,
    "fall_ratio": 0.28067796610169493,
    "accuracy": 0.8169491525423729,
    "precision": 0.6379310344827587,
    "recall": 0.8043478260869565,
    "f1": 0.7115384615384616,
    "pr_auc": 0.8044504552602246,
    "roc_auc": 0.894662313832088,
    "tn": 872,
    "fp": 189,
    "fn": 81,
    "tp": 333,
    "fpr": 0.17813383600377003,
    "fnr": 0.1956521739130435,
    "gate_pass_rate": 1.0,
    "gate_recall_on_fall": 1.0,
    "gate_fpr_on_non_fall": 1.0
  },
  "validation_per_source": {
    "UP": {
      "n_rows": 807,
      "fall_ratio": 0.16728624535315986,
      "accuracy": 0.8128872366790583,
      "precision": 0.4452054794520548,
      "recall": 0.48148148148148145,
      "f1": 0.4626334519572954,
      "pr_auc": 0.3711003215184082,
      "roc_auc": 0.7062665343915344,
      "tn": 591,
      "fp": 81,
      "fn": 70,
      "tp": 65,
      "fpr": 0.12053571428571429,
      "fnr": 0.5185185185185185,
      "gate_pass_rate": 0.30111524163568776,
      "gate_recall_on_fall": 0.6074074074074074,
      "gate_fpr_on_non_fall": 0.23958333333333334
    },
    "WEDA": {
      "n_rows": 1473,
      "fall_ratio": 0.2837746096401901,
      "accuracy": 0.8370672097759674,
      "precision": 0.7089201877934272,
      "recall": 0.722488038277512,
      "f1": 0.7156398104265402,
      "pr_auc": 0.8162934217665505,
      "roc_auc": 0.8962947005601034,
      "tn": 931,
      "fp": 124,
      "fn": 116,
      "tp": 302,
      "fpr": 0.11753554502369669,
      "fnr": 0.27751196172248804,
      "gate_pass_rate": 1.0,
      "gate_recall_on_fall": 1.0,
      "gate_fpr_on_non_fall": 1.0
    }
  },
  "test_per_source": {
    "WEDA": {
      "n_rows": 1475,
      "fall_ratio": 0.28067796610169493,
      "accuracy": 0.8169491525423729,
      "precision": 0.6379310344827587,
      "recall": 0.8043478260869565,
      "f1": 0.7115384615384616,
      "pr_auc": 0.8044504552602246,
      "roc_auc": 0.894662313832088,
      "tn": 872,
      "fp": 189,
      "fn": 81,
      "tp": 333,
      "fpr": 0.17813383600377003,
      "fnr": 0.1956521739130435,
      "gate_pass_rate": 1.0,
      "gate_recall_on_fall": 1.0,
      "gate_fpr_on_non_fall": 1.0
    }
  }
}