{
  "config": {
    "gate_feature": "acc_mag_std",
    "gate_threshold": 0.027832869085217017,
    "gate_op": ">=",
    "decision_threshold": 0.48499999999999993,
    "min_gate_recall_requested": 0.9,
    "gate_source_for_search": "ALL",
    "drop_source": false,
    "rf_trees": 12,
    "rf_max_depth": 8,
    "rf_min_samples_leaf": 5,
    "random_state": 42,
    "n_stage2_train_rows": 7677,
    "n_stage2_train_fall": 2238,
    "n_stage2_train_non_fall": 5439
  },
  "validation": {
    "n_rows": 2280,
    "fall_ratio": 0.2425438596491228,
    "accuracy": 0.8197368421052632,
    "precision": 0.6203389830508474,
    "recall": 0.6618444846292948,
    "f1": 0.6404199475065617,
    "pr_auc": 0.6973499999919031,
    "roc_auc": 0.8279663173237308,
    "tn": 1503,
    "fp": 224,
    "fn": 187,
    "tp": 366,
    "fpr": 0.12970469021424436,
    "fnr": 0.33815551537070526,
    "gate_pass_rate": 0.7526315789473684,
    "gate_recall_on_fall": 0.9041591320072333,
    "gate_fpr_on_non_fall": 0.704111175448755
  },
  "test": {
    "n_rows": 1475,
    "fall_ratio": 0.28067796610169493,
    "accuracy": 0.8061016949152542,
    "precision": 0.6226053639846744,
    "recall": 0.785024154589372,
    "f1": 0.6944444444444444,
    "pr_auc": 0.7844115426320047,
    "roc_auc": 0.8751189516771617,
    "tn": 864,
    "fp": 197,
    "fn": 89,
    "tp": 325,
    "fpr": 0.18567389255419417,
    "fnr": 0.21497584541062803,
    "gate_pass_rate": 1.0,
    "gate_recall_on_fall": 1.0,
    "gate_fpr_on_non_fall": 1.0
  },
  "validation_per_source": {
    "UP": {
      "n_rows": 807,
      "fall_ratio": 0.16728624535315986,
      "accuracy": 0.7769516728624535,
      "precision": 0.3584905660377358,
      "recall": 0.4222222222222222,
      "f1": 0.3877551020408163,
      "pr_auc": 0.3467562958701423,
      "roc_auc": 0.6927414021164021,
      "tn": 570,
      "fp": 102,
      "fn": 78,
      "tp": 57,
      "fpr": 0.15178571428571427,
      "fnr": 0.5777777777777777,
      "gate_pass_rate": 0.30111524163568776,
      "gate_recall_on_fall": 0.6074074074074074,
      "gate_fpr_on_non_fall": 0.23958333333333334
    },
    "WEDA": {
      "n_rows": 1473,
      "fall_ratio": 0.2837746096401901,
      "accuracy": 0.8431771894093686,
      "precision": 0.7169373549883991,
      "recall": 0.7392344497607656,
      "f1": 0.7279151943462897,
      "pr_auc": 0.7942507204275256,
      "roc_auc": 0.8906097643937504,
      "tn": 933,
      "fp": 122,
      "fn": 109,
      "tp": 309,
      "fpr": 0.11563981042654028,
      "fnr": 0.2607655502392344,
      "gate_pass_rate": 1.0,
      "gate_recall_on_fall": 1.0,
      "gate_fpr_on_non_fall": 1.0
    }
  },
  "test_per_source": {
    "WEDA": {
      "n_rows": 1475,
      "fall_ratio": 0.28067796610169493,
      "accuracy": 0.8061016949152542,
      "precision": 0.6226053639846744,
      "recall": 0.785024154589372,
      "f1": 0.6944444444444444,
      "pr_auc": 0.7844115426320047,
      "roc_auc": 0.8751189516771617,
      "tn": 864,
      "fp": 197,
      "fn": 89,
      "tp": 325,
      "fpr": 0.18567389255419417,
      "fnr": 0.21497584541062803,
      "gate_pass_rate": 1.0,
      "gate_recall_on_fall": 1.0,
      "gate_fpr_on_non_fall": 1.0
    }
  }
}