{
  "model": "LogisticRegression",
  "params": {
    "model_type": "logistic",
    "logistic_c": 1.0,
    "class_weight": "balanced",
    "seed": 42,
    "top_k": 0,
    "quantize_int8": true
  },
  "selected_threshold": 0.42499999999999993,
  "best_validation_f1": 0.5990491283676703,
  "feature_count": 80,
  "train": {
    "threshold": 0.42499999999999993,
    "accuracy": 0.7556756756756757,
    "precision": 0.5242123687281214,
    "recall": 0.7407254740313273,
    "f1": 0.6139391868807653,
    "confusion_matrix": {
      "tn": 5193,
      "fp": 1631,
      "fn": 629,
      "tp": 1797
    },
    "predicted_positive": 3428,
    "predicted_negative": 5822,
    "true_positive_count": 2426,
    "true_negative_count": 6824,
    "roc_auc": 0.8440819536111817,
    "pr_auc": 0.7268717605833928
  },
  "validation": {
    "threshold": 0.42499999999999993,
    "accuracy": 0.7780701754385965,
    "precision": 0.5331452750352609,
    "recall": 0.6835443037974683,
    "f1": 0.5990491283676703,
    "confusion_matrix": {
      "tn": 1396,
      "fp": 331,
      "fn": 175,
      "tp": 378
    },
    "predicted_positive": 709,
    "predicted_negative": 1571,
    "true_positive_count": 553,
    "true_negative_count": 1727,
    "roc_auc": 0.8146698902967546,
    "pr_auc": 0.6402141207208675
  },
  "test": {
    "threshold": 0.42499999999999993,
    "accuracy": 0.6833898305084746,
    "precision": 0.46272855133614627,
    "recall": 0.7946859903381642,
    "f1": 0.5848888888888889,
    "confusion_matrix": {
      "tn": 679,
      "fp": 382,
      "fn": 85,
      "tp": 329
    },
    "predicted_positive": 711,
    "predicted_negative": 764,
    "true_positive_count": 414,
    "true_negative_count": 1061,
    "roc_auc": 0.8244978987100858,
    "pr_auc": 0.7033193664862537
  },
  "esp32_export": {
    "selected_feature_count": 80,
    "quantize_int8": true,
    "parameter_bytes": 892,
    "parameter_kb": 0.8711,
    "selected_features": [
      "acc_mag_abs_mean",
      "acc_mag_energy",
      "acc_mag_iqr",
      "acc_mag_max",
      "acc_mag_mean",
      "acc_mag_median",
      "acc_mag_min",
      "acc_mag_p25",
      "acc_mag_p75",
      "acc_mag_std",
      "acc_x_abs_mean",
      "acc_x_energy",
      "acc_x_iqr",
      "acc_x_max",
      "acc_x_mean",
      "acc_x_median",
      "acc_x_min",
      "acc_x_p25",
      "acc_x_p75",
      "acc_x_std",
      "acc_y_abs_mean",
      "acc_y_energy",
      "acc_y_iqr",
      "acc_y_max",
      "acc_y_mean",
      "acc_y_median",
      "acc_y_min",
      "acc_y_p25",
      "acc_y_p75",
      "acc_y_std",
      "acc_z_abs_mean",
      "acc_z_energy",
      "acc_z_iqr",
      "acc_z_max",
      "acc_z_mean",
      "acc_z_median",
      "acc_z_min",
      "acc_z_p25",
      "acc_z_p75",
      "acc_z_std",
      "gyro_mag_abs_mean",
      "gyro_mag_energy",
      "gyro_mag_iqr",
      "gyro_mag_max",
      "gyro_mag_mean",
      "gyro_mag_median",
      "gyro_mag_min",
      "gyro_mag_p25",
      "gyro_mag_p75",
      "gyro_mag_std",
      "gyro_x_abs_mean",
      "gyro_x_energy",
      "gyro_x_iqr",
      "gyro_x_max",
      "gyro_x_mean",
      "gyro_x_median",
      "gyro_x_min",
      "gyro_x_p25",
      "gyro_x_p75",
      "gyro_x_std",
      "gyro_y_abs_mean",
      "gyro_y_energy",
      "gyro_y_iqr",
      "gyro_y_max",
      "gyro_y_mean",
      "gyro_y_median",
      "gyro_y_min",
      "gyro_y_p25",
      "gyro_y_p75",
      "gyro_y_std",
      "gyro_z_abs_mean",
      "gyro_z_energy",
      "gyro_z_iqr",
      "gyro_z_max",
      "gyro_z_mean",
      "gyro_z_median",
      "gyro_z_min",
      "gyro_z_p25",
      "gyro_z_p75",
      "gyro_z_std"
    ],
    "header_size_bytes": 4191
  },
  "files": {
    "joblib": "/home/dsoft1/CAPSTONE/Code/train_model_wrist_Fall_detection_Comprehensive/artifacts/logistic_fall_model.joblib",
    "npz": "/home/dsoft1/CAPSTONE/Code/train_model_wrist_Fall_detection_Comprehensive/artifacts/model_weights.npz",
    "header": "/home/dsoft1/CAPSTONE/Code/train_model_wrist_Fall_detection_Comprehensive/wrist_band_fall.h"
  }
}