{
  "config": {
    "gate_feature": "gyro_mag_mean",
    "gate_threshold": 2.350621882788164,
    "gate_op": "<=",
    "decision_threshold": 0.4749999999999999,
    "min_gate_recall_requested": 0.85,
    "gate_source_for_search": "WEDA",
    "drop_source": false,
    "rf_trees": 8,
    "rf_max_depth": 7,
    "rf_min_samples_leaf": 4,
    "random_state": 42,
    "n_stage2_train_rows": 6290,
    "n_stage2_train_fall": 1736,
    "n_stage2_train_non_fall": 4554
  },
  "validation": {
    "n_rows": 2280,
    "fall_ratio": 0.2425438596491228,
    "accuracy": 0.8153508771929825,
    "precision": 0.6658291457286433,
    "recall": 0.47920433996383366,
    "f1": 0.5573080967402734,
    "pr_auc": 0.5932156287327601,
    "roc_auc": 0.6754042538933291,
    "tn": 1594,
    "fp": 133,
    "fn": 288,
    "tp": 265,
    "fpr": 0.07701215981470759,
    "fnr": 0.5207956600361664,
    "gate_pass_rate": 0.6644736842105263,
    "gate_recall_on_fall": 0.6708860759493671,
    "gate_fpr_on_non_fall": 0.6624203821656051
  },
  "test": {
    "n_rows": 1475,
    "fall_ratio": 0.28067796610169493,
    "accuracy": 0.8013559322033899,
    "precision": 0.6222222222222222,
    "recall": 0.7439613526570048,
    "f1": 0.6776677667766776,
    "pr_auc": 0.6968268485907285,
    "roc_auc": 0.8136317483733786,
    "tn": 874,
    "fp": 187,
    "fn": 106,
    "tp": 308,
    "fpr": 0.176248821866164,
    "fnr": 0.2560386473429952,
    "gate_pass_rate": 0.8698305084745763,
    "gate_recall_on_fall": 0.9033816425120773,
    "gate_fpr_on_non_fall": 0.8567389255419415
  },
  "validation_per_source": {
    "UP": {
      "n_rows": 807,
      "fall_ratio": 0.16728624535315986,
      "accuracy": 0.8364312267657993,
      "precision": 0.7142857142857143,
      "recall": 0.037037037037037035,
      "f1": 0.07042253521126761,
      "pr_auc": 0.17942921838288753,
      "roc_auc": 0.35302028218694886,
      "tn": 670,
      "fp": 2,
      "fn": 130,
      "tp": 5,
      "fpr": 0.002976190476190476,
      "fnr": 0.9629629629629629,
      "gate_pass_rate": 0.3630731102850062,
      "gate_recall_on_fall": 0.1111111111111111,
      "gate_fpr_on_non_fall": 0.41369047619047616
    },
    "WEDA": {
      "n_rows": 1473,
      "fall_ratio": 0.2837746096401901,
      "accuracy": 0.8038017651052274,
      "precision": 0.6649616368286445,
      "recall": 0.6220095693779905,
      "f1": 0.6427688504326329,
      "pr_auc": 0.713365780933096,
      "roc_auc": 0.7859520624050433,
      "tn": 924,
      "fp": 131,
      "fn": 158,
      "tp": 260,
      "fpr": 0.12417061611374408,
      "fnr": 0.37799043062200954,
      "gate_pass_rate": 0.8295994568906992,
      "gate_recall_on_fall": 0.8516746411483254,
      "gate_fpr_on_non_fall": 0.8208530805687204
    }
  },
  "test_per_source": {
    "WEDA": {
      "n_rows": 1475,
      "fall_ratio": 0.28067796610169493,
      "accuracy": 0.8013559322033899,
      "precision": 0.6222222222222222,
      "recall": 0.7439613526570048,
      "f1": 0.6776677667766776,
      "pr_auc": 0.6968268485907285,
      "roc_auc": 0.8136317483733786,
      "tn": 874,
      "fp": 187,
      "fn": 106,
      "tp": 308,
      "fpr": 0.176248821866164,
      "fnr": 0.2560386473429952,
      "gate_pass_rate": 0.8698305084745763,
      "gate_recall_on_fall": 0.9033816425120773,
      "gate_fpr_on_non_fall": 0.8567389255419415
    }
  }
}