{
  "config": {
    "gate_feature": "acc_mag_std",
    "gate_threshold": 0.027832869085217017,
    "gate_op": ">=",
    "decision_threshold": 0.4799999999999999,
    "min_gate_recall_requested": 0.9,
    "gate_source_for_search": "ALL",
    "drop_source": true,
    "rf_trees": 50,
    "rf_max_depth": 12,
    "rf_min_samples_leaf": 4,
    "random_state": 42,
    "n_stage2_train_rows": 7677,
    "n_stage2_train_fall": 2238,
    "n_stage2_train_non_fall": 5439
  },
  "validation": {
    "n_rows": 2280,
    "fall_ratio": 0.2425438596491228,
    "accuracy": 0.8271929824561404,
    "precision": 0.6502835538752363,
    "recall": 0.6220614828209765,
    "f1": 0.6358595194085028,
    "pr_auc": 0.7082351171061118,
    "roc_auc": 0.831396572467281,
    "tn": 1542,
    "fp": 185,
    "fn": 209,
    "tp": 344,
    "fpr": 0.10712217718587146,
    "fnr": 0.3779385171790235,
    "gate_pass_rate": 0.7526315789473684,
    "gate_recall_on_fall": 0.9041591320072333,
    "gate_fpr_on_non_fall": 0.704111175448755
  },
  "test": {
    "n_rows": 1475,
    "fall_ratio": 0.28067796610169493,
    "accuracy": 0.8366101694915254,
    "precision": 0.6844349680170576,
    "recall": 0.7753623188405797,
    "f1": 0.7270668176670442,
    "pr_auc": 0.8139171458543952,
    "roc_auc": 0.9061545256275413,
    "tn": 913,
    "fp": 148,
    "fn": 93,
    "tp": 321,
    "fpr": 0.13949104618284638,
    "fnr": 0.2246376811594203,
    "gate_pass_rate": 1.0,
    "gate_recall_on_fall": 1.0,
    "gate_fpr_on_non_fall": 1.0
  },
  "validation_per_source": {
    "UP": {
      "n_rows": 807,
      "fall_ratio": 0.16728624535315986,
      "accuracy": 0.7930607187112764,
      "precision": 0.3918918918918919,
      "recall": 0.42962962962962964,
      "f1": 0.4098939929328622,
      "pr_auc": 0.3299905896160249,
      "roc_auc": 0.6948578042328042,
      "tn": 582,
      "fp": 90,
      "fn": 77,
      "tp": 58,
      "fpr": 0.13392857142857142,
      "fnr": 0.5703703703703704,
      "gate_pass_rate": 0.30111524163568776,
      "gate_recall_on_fall": 0.6074074074074074,
      "gate_fpr_on_non_fall": 0.23958333333333334
    },
    "WEDA": {
      "n_rows": 1473,
      "fall_ratio": 0.2837746096401901,
      "accuracy": 0.8458927359131025,
      "precision": 0.7506561679790026,
      "recall": 0.6842105263157895,
      "f1": 0.7158948685857321,
      "pr_auc": 0.8178661474492749,
      "roc_auc": 0.8987460033107327,
      "tn": 960,
      "fp": 95,
      "fn": 132,
      "tp": 286,
      "fpr": 0.09004739336492891,
      "fnr": 0.3157894736842105,
      "gate_pass_rate": 1.0,
      "gate_recall_on_fall": 1.0,
      "gate_fpr_on_non_fall": 1.0
    }
  },
  "test_per_source": {
    "WEDA": {
      "n_rows": 1475,
      "fall_ratio": 0.28067796610169493,
      "accuracy": 0.8366101694915254,
      "precision": 0.6844349680170576,
      "recall": 0.7753623188405797,
      "f1": 0.7270668176670442,
      "pr_auc": 0.8139171458543952,
      "roc_auc": 0.9061545256275413,
      "tn": 913,
      "fp": 148,
      "fn": 93,
      "tp": 321,
      "fpr": 0.13949104618284638,
      "fnr": 0.2246376811594203,
      "gate_pass_rate": 1.0,
      "gate_recall_on_fall": 1.0,
      "gate_fpr_on_non_fall": 1.0
    }
  }
}