{
  "config": {
    "gate_feature": "acc_mag_std",
    "gate_threshold": 0.008592049936601925,
    "gate_op": ">=",
    "decision_threshold": 0.5349999999999999,
    "min_gate_recall_requested": 0.93,
    "gate_source_for_search": "ALL",
    "drop_source": false,
    "rf_trees": 12,
    "rf_max_depth": 8,
    "rf_min_samples_leaf": 5,
    "random_state": 42,
    "n_stage2_train_rows": 8093,
    "n_stage2_train_fall": 2308,
    "n_stage2_train_non_fall": 5785
  },
  "validation": {
    "n_rows": 2280,
    "fall_ratio": 0.2425438596491228,
    "accuracy": 0.8188596491228071,
    "precision": 0.6434426229508197,
    "recall": 0.5678119349005425,
    "f1": 0.6032660902977905,
    "pr_auc": 0.6715319566095788,
    "roc_auc": 0.8206895901808423,
    "tn": 1553,
    "fp": 174,
    "fn": 239,
    "tp": 314,
    "fpr": 0.1007527504342791,
    "fnr": 0.4321880650994575,
    "gate_pass_rate": 0.8057017543859649,
    "gate_recall_on_fall": 0.9312839059674503,
    "gate_fpr_on_non_fall": 0.7654892877822814
  },
  "test": {
    "n_rows": 1475,
    "fall_ratio": 0.28067796610169493,
    "accuracy": 0.8203389830508474,
    "precision": 0.6616052060737527,
    "recall": 0.7367149758454107,
    "f1": 0.6971428571428572,
    "pr_auc": 0.7972667623019858,
    "roc_auc": 0.8902730538594982,
    "tn": 905,
    "fp": 156,
    "fn": 109,
    "tp": 305,
    "fpr": 0.1470311027332705,
    "fnr": 0.2632850241545894,
    "gate_pass_rate": 1.0,
    "gate_recall_on_fall": 1.0,
    "gate_fpr_on_non_fall": 1.0
  },
  "validation_per_source": {
    "UP": {
      "n_rows": 807,
      "fall_ratio": 0.16728624535315986,
      "accuracy": 0.7893432465923172,
      "precision": 0.36220472440944884,
      "recall": 0.34074074074074073,
      "f1": 0.3511450381679389,
      "pr_auc": 0.31017233966681035,
      "roc_auc": 0.6794201940035273,
      "tn": 591,
      "fp": 81,
      "fn": 89,
      "tp": 46,
      "fpr": 0.12053571428571429,
      "fnr": 0.6592592592592592,
      "gate_pass_rate": 0.4510532837670384,
      "gate_recall_on_fall": 0.7185185185185186,
      "gate_fpr_on_non_fall": 0.39732142857142855
    },
    "WEDA": {
      "n_rows": 1473,
      "fall_ratio": 0.2837746096401901,
      "accuracy": 0.835030549898167,
      "precision": 0.7423822714681441,
      "recall": 0.6411483253588517,
      "f1": 0.6880616174582799,
      "pr_auc": 0.782911000787242,
      "roc_auc": 0.8837842127939409,
      "tn": 962,
      "fp": 93,
      "fn": 150,
      "tp": 268,
      "fpr": 0.0881516587677725,
      "fnr": 0.3588516746411483,
      "gate_pass_rate": 1.0,
      "gate_recall_on_fall": 1.0,
      "gate_fpr_on_non_fall": 1.0
    }
  },
  "test_per_source": {
    "WEDA": {
      "n_rows": 1475,
      "fall_ratio": 0.28067796610169493,
      "accuracy": 0.8203389830508474,
      "precision": 0.6616052060737527,
      "recall": 0.7367149758454107,
      "f1": 0.6971428571428572,
      "pr_auc": 0.7972667623019858,
      "roc_auc": 0.8902730538594982,
      "tn": 905,
      "fp": 156,
      "fn": 109,
      "tp": 305,
      "fpr": 0.1470311027332705,
      "fnr": 0.2632850241545894,
      "gate_pass_rate": 1.0,
      "gate_recall_on_fall": 1.0,
      "gate_fpr_on_non_fall": 1.0
    }
  }
}