{
  "config": {
    "gate_feature": "acc_mag_std",
    "gate_threshold": 0.0544426346780879,
    "gate_op": ">=",
    "decision_threshold": 0.42499999999999993,
    "min_gate_recall_requested": 0.85,
    "gate_source_for_search": "ALL",
    "drop_source": false,
    "rf_trees": 8,
    "rf_max_depth": 7,
    "rf_min_samples_leaf": 4,
    "random_state": 42,
    "n_stage2_train_rows": 7353,
    "n_stage2_train_fall": 2149,
    "n_stage2_train_non_fall": 5204
  },
  "validation": {
    "n_rows": 2280,
    "fall_ratio": 0.2425438596491228,
    "accuracy": 0.8179824561403509,
    "precision": 0.6131147540983607,
    "recall": 0.6763110307414105,
    "f1": 0.6431642304385211,
    "pr_auc": 0.6826844505938311,
    "roc_auc": 0.8074654121175124,
    "tn": 1491,
    "fp": 236,
    "fn": 179,
    "tp": 374,
    "fpr": 0.13665315576143602,
    "fnr": 0.32368896925858953,
    "gate_pass_rate": 0.7092105263157895,
    "gate_recall_on_fall": 0.8589511754068716,
    "gate_fpr_on_non_fall": 0.6612623045744065
  },
  "test": {
    "n_rows": 1475,
    "fall_ratio": 0.28067796610169493,
    "accuracy": 0.783728813559322,
    "precision": 0.585278276481149,
    "recall": 0.7874396135265701,
    "f1": 0.6714727085478888,
    "pr_auc": 0.7790718576803097,
    "roc_auc": 0.8631657309893593,
    "tn": 830,
    "fp": 231,
    "fn": 88,
    "tp": 326,
    "fpr": 0.2177191328934967,
    "fnr": 0.21256038647342995,
    "gate_pass_rate": 0.9871186440677966,
    "gate_recall_on_fall": 0.9855072463768116,
    "gate_fpr_on_non_fall": 0.9877474081055608
  },
  "validation_per_source": {
    "UP": {
      "n_rows": 807,
      "fall_ratio": 0.16728624535315986,
      "accuracy": 0.8364312267657993,
      "precision": 0.514018691588785,
      "recall": 0.4074074074074074,
      "f1": 0.45454545454545453,
      "pr_auc": 0.36892266913634236,
      "roc_auc": 0.6929839065255732,
      "tn": 620,
      "fp": 52,
      "fn": 80,
      "tp": 55,
      "fpr": 0.07738095238095238,
      "fnr": 0.5925925925925926,
      "gate_pass_rate": 0.19950433705080545,
      "gate_recall_on_fall": 0.5037037037037037,
      "gate_fpr_on_non_fall": 0.13839285714285715
    },
    "WEDA": {
      "n_rows": 1473,
      "fall_ratio": 0.2837746096401901,
      "accuracy": 0.8078750848608283,
      "precision": 0.6341948310139165,
      "recall": 0.7631578947368421,
      "f1": 0.6927252985884907,
      "pr_auc": 0.7643559190494347,
      "roc_auc": 0.8602632712759926,
      "tn": 871,
      "fp": 184,
      "fn": 99,
      "tp": 319,
      "fpr": 0.17440758293838862,
      "fnr": 0.23684210526315788,
      "gate_pass_rate": 0.988458927359131,
      "gate_recall_on_fall": 0.9736842105263158,
      "gate_fpr_on_non_fall": 0.9943127962085309
    }
  },
  "test_per_source": {
    "WEDA": {
      "n_rows": 1475,
      "fall_ratio": 0.28067796610169493,
      "accuracy": 0.783728813559322,
      "precision": 0.585278276481149,
      "recall": 0.7874396135265701,
      "f1": 0.6714727085478888,
      "pr_auc": 0.77907185768031,
      "roc_auc": 0.8631657309893593,
      "tn": 830,
      "fp": 231,
      "fn": 88,
      "tp": 326,
      "fpr": 0.2177191328934967,
      "fnr": 0.21256038647342995,
      "gate_pass_rate": 0.9871186440677966,
      "gate_recall_on_fall": 0.9855072463768116,
      "gate_fpr_on_non_fall": 0.9877474081055608
    }
  }
}