{
  "config": {
    "gate_feature": "acc_mag_std",
    "gate_threshold": 0.027832869085217017,
    "gate_op": ">=",
    "decision_threshold": 0.48999999999999994,
    "min_gate_recall_requested": 0.9,
    "gate_source_for_search": "ALL",
    "drop_source": false,
    "rf_trees": 50,
    "rf_max_depth": 10,
    "rf_min_samples_leaf": 6,
    "random_state": 42,
    "n_stage2_train_rows": 7677,
    "n_stage2_train_fall": 2238,
    "n_stage2_train_non_fall": 5439
  },
  "validation": {
    "n_rows": 2280,
    "fall_ratio": 0.2425438596491228,
    "accuracy": 0.8263157894736842,
    "precision": 0.6456400742115028,
    "recall": 0.6292947558770343,
    "f1": 0.6373626373626373,
    "pr_auc": 0.7134992788034507,
    "roc_auc": 0.8302814254196984,
    "tn": 1536,
    "fp": 191,
    "fn": 205,
    "tp": 348,
    "fpr": 0.11059640995946729,
    "fnr": 0.3707052441229656,
    "gate_pass_rate": 0.7526315789473684,
    "gate_recall_on_fall": 0.9041591320072333,
    "gate_fpr_on_non_fall": 0.704111175448755
  },
  "test": {
    "n_rows": 1475,
    "fall_ratio": 0.28067796610169493,
    "accuracy": 0.8332203389830508,
    "precision": 0.675,
    "recall": 0.782608695652174,
    "f1": 0.7248322147651006,
    "pr_auc": 0.806737991253452,
    "roc_auc": 0.9008978859611979,
    "tn": 905,
    "fp": 156,
    "fn": 90,
    "tp": 324,
    "fpr": 0.1470311027332705,
    "fnr": 0.21739130434782608,
    "gate_pass_rate": 1.0,
    "gate_recall_on_fall": 1.0,
    "gate_fpr_on_non_fall": 1.0
  },
  "validation_per_source": {
    "UP": {
      "n_rows": 807,
      "fall_ratio": 0.16728624535315986,
      "accuracy": 0.7831474597273854,
      "precision": 0.37012987012987014,
      "recall": 0.4222222222222222,
      "f1": 0.3944636678200692,
      "pr_auc": 0.33465606544188375,
      "roc_auc": 0.6947696208112875,
      "tn": 575,
      "fp": 97,
      "fn": 78,
      "tp": 57,
      "fpr": 0.14434523809523808,
      "fnr": 0.5777777777777777,
      "gate_pass_rate": 0.30111524163568776,
      "gate_recall_on_fall": 0.6074074074074074,
      "gate_fpr_on_non_fall": 0.23958333333333334
    },
    "WEDA": {
      "n_rows": 1473,
      "fall_ratio": 0.2837746096401901,
      "accuracy": 0.8499660556687033,
      "precision": 0.7558441558441559,
      "recall": 0.6961722488038278,
      "f1": 0.7247820672478207,
      "pr_auc": 0.8200955713856927,
      "roc_auc": 0.8940180049434228,
      "tn": 961,
      "fp": 94,
      "fn": 127,
      "tp": 291,
      "fpr": 0.08909952606635071,
      "fnr": 0.3038277511961722,
      "gate_pass_rate": 1.0,
      "gate_recall_on_fall": 1.0,
      "gate_fpr_on_non_fall": 1.0
    }
  },
  "test_per_source": {
    "WEDA": {
      "n_rows": 1475,
      "fall_ratio": 0.28067796610169493,
      "accuracy": 0.8332203389830508,
      "precision": 0.675,
      "recall": 0.782608695652174,
      "f1": 0.7248322147651006,
      "pr_auc": 0.806737991253452,
      "roc_auc": 0.9008978859611979,
      "tn": 905,
      "fp": 156,
      "fn": 90,
      "tp": 324,
      "fpr": 0.1470311027332705,
      "fnr": 0.21739130434782608,
      "gate_pass_rate": 1.0,
      "gate_recall_on_fall": 1.0,
      "gate_fpr_on_non_fall": 1.0
    }
  }
}