{
    "accuracy": 0.9011194029850746,
    "precision": 0.864406779661017,
    "recall": 0.9514925373134329,
    "f1": 0.9058614564831261,
    "false_alarm_rate": 0.14925373134328357,
    "miss_rate": 0.048507462686567165
}