{
  "config": {
    "gate_feature": "gyro_mag_mean",
    "gate_threshold": 2.350621882788164,
    "gate_op": "<=",
    "decision_threshold": 0.3549999999999999,
    "min_gate_recall_requested": 0.85,
    "gate_source_for_search": "WEDA",
    "drop_source": false,
    "rf_trees": 8,
    "rf_max_depth": 6,
    "rf_min_samples_leaf": 5,
    "random_state": 42,
    "n_stage2_train_rows": 6290,
    "n_stage2_train_fall": 1736,
    "n_stage2_train_non_fall": 4554
  },
  "validation": {
    "n_rows": 2280,
    "fall_ratio": 0.2425438596491228,
    "accuracy": 0.7798245614035088,
    "precision": 0.546448087431694,
    "recall": 0.5424954792043399,
    "f1": 0.5444646098003629,
    "pr_auc": 0.5698511607258359,
    "roc_auc": 0.6683877277282099,
    "tn": 1478,
    "fp": 249,
    "fn": 253,
    "tp": 300,
    "fpr": 0.14418066010422698,
    "fnr": 0.45750452079566006,
    "gate_pass_rate": 0.6644736842105263,
    "gate_recall_on_fall": 0.6708860759493671,
    "gate_fpr_on_non_fall": 0.6624203821656051
  },
  "test": {
    "n_rows": 1475,
    "fall_ratio": 0.28067796610169493,
    "accuracy": 0.703728813559322,
    "precision": 0.4833091436865022,
    "recall": 0.8043478260869565,
    "f1": 0.6038077969174978,
    "pr_auc": 0.6983828376733162,
    "roc_auc": 0.8002044375236195,
    "tn": 705,
    "fp": 356,
    "fn": 81,
    "tp": 333,
    "fpr": 0.3355325164938737,
    "fnr": 0.1956521739130435,
    "gate_pass_rate": 0.8698305084745763,
    "gate_recall_on_fall": 0.9033816425120773,
    "gate_fpr_on_non_fall": 0.8567389255419415
  },
  "validation_per_source": {
    "UP": {
      "n_rows": 807,
      "fall_ratio": 0.16728624535315986,
      "accuracy": 0.8302354399008675,
      "precision": 0.45,
      "recall": 0.06666666666666667,
      "f1": 0.11612903225806452,
      "pr_auc": 0.1902594657581236,
      "roc_auc": 0.3639274691358025,
      "tn": 661,
      "fp": 11,
      "fn": 126,
      "tp": 9,
      "fpr": 0.01636904761904762,
      "fnr": 0.9333333333333333,
      "gate_pass_rate": 0.3630731102850062,
      "gate_recall_on_fall": 0.1111111111111111,
      "gate_fpr_on_non_fall": 0.41369047619047616
    },
    "WEDA": {
      "n_rows": 1473,
      "fall_ratio": 0.2837746096401901,
      "accuracy": 0.7522063815342838,
      "precision": 0.5500945179584121,
      "recall": 0.6961722488038278,
      "f1": 0.614572333685322,
      "pr_auc": 0.6769895131983688,
      "roc_auc": 0.7643722079865756,
      "tn": 817,
      "fp": 238,
      "fn": 127,
      "tp": 291,
      "fpr": 0.22559241706161137,
      "fnr": 0.3038277511961722,
      "gate_pass_rate": 0.8295994568906992,
      "gate_recall_on_fall": 0.8516746411483254,
      "gate_fpr_on_non_fall": 0.8208530805687204
    }
  },
  "test_per_source": {
    "WEDA": {
      "n_rows": 1475,
      "fall_ratio": 0.28067796610169493,
      "accuracy": 0.703728813559322,
      "precision": 0.4833091436865022,
      "recall": 0.8043478260869565,
      "f1": 0.6038077969174978,
      "pr_auc": 0.6983828376733162,
      "roc_auc": 0.8002044375236195,
      "tn": 705,
      "fp": 356,
      "fn": 81,
      "tp": 333,
      "fpr": 0.3355325164938737,
      "fnr": 0.1956521739130435,
      "gate_pass_rate": 0.8698305084745763,
      "gate_recall_on_fall": 0.9033816425120773,
      "gate_fpr_on_non_fall": 0.8567389255419415
    }
  }
}