{
  "config": {
    "gate_feature": "acc_mag_std",
    "gate_threshold": 0.027832869085217017,
    "gate_op": ">=",
    "decision_threshold": 0.5199999999999999,
    "min_gate_recall_requested": 0.9,
    "gate_source_for_search": "ALL",
    "drop_source": false,
    "rf_trees": 50,
    "rf_max_depth": 12,
    "rf_min_samples_leaf": 6,
    "random_state": 42,
    "n_stage2_train_rows": 7677,
    "n_stage2_train_fall": 2238,
    "n_stage2_train_non_fall": 5439
  },
  "validation": {
    "n_rows": 2280,
    "fall_ratio": 0.2425438596491228,
    "accuracy": 0.8355263157894737,
    "precision": 0.6893617021276596,
    "recall": 0.5858951175406871,
    "f1": 0.6334310850439883,
    "pr_auc": 0.7107376539399672,
    "roc_auc": 0.8308929238946172,
    "tn": 1581,
    "fp": 146,
    "fn": 229,
    "tp": 324,
    "fpr": 0.08453966415749856,
    "fnr": 0.4141048824593128,
    "gate_pass_rate": 0.7526315789473684,
    "gate_recall_on_fall": 0.9041591320072333,
    "gate_fpr_on_non_fall": 0.704111175448755
  },
  "test": {
    "n_rows": 1475,
    "fall_ratio": 0.28067796610169493,
    "accuracy": 0.8413559322033898,
    "precision": 0.7027027027027027,
    "recall": 0.7536231884057971,
    "f1": 0.7272727272727273,
    "pr_auc": 0.8186090423265066,
    "roc_auc": 0.9050572106343938,
    "tn": 929,
    "fp": 132,
    "fn": 102,
    "tp": 312,
    "fpr": 0.12441093308199812,
    "fnr": 0.2463768115942029,
    "gate_pass_rate": 1.0,
    "gate_recall_on_fall": 1.0,
    "gate_fpr_on_non_fall": 1.0
  },
  "validation_per_source": {
    "UP": {
      "n_rows": 807,
      "fall_ratio": 0.16728624535315986,
      "accuracy": 0.8079306071871127,
      "precision": 0.4180327868852459,
      "recall": 0.37777777777777777,
      "f1": 0.3968871595330739,
      "pr_auc": 0.3344385315208844,
      "roc_auc": 0.6950231481481481,
      "tn": 601,
      "fp": 71,
      "fn": 84,
      "tp": 51,
      "fpr": 0.1056547619047619,
      "fnr": 0.6222222222222222,
      "gate_pass_rate": 0.30111524163568776,
      "gate_recall_on_fall": 0.6074074074074074,
      "gate_fpr_on_non_fall": 0.23958333333333334
    },
    "WEDA": {
      "n_rows": 1473,
      "fall_ratio": 0.2837746096401901,
      "accuracy": 0.8506449422946368,
      "precision": 0.7844827586206896,
      "recall": 0.65311004784689,
      "f1": 0.7127937336814621,
      "pr_auc": 0.8191749056040974,
      "roc_auc": 0.896648450078233,
      "tn": 980,
      "fp": 75,
      "fn": 145,
      "tp": 273,
      "fpr": 0.07109004739336493,
      "fnr": 0.34688995215311,
      "gate_pass_rate": 1.0,
      "gate_recall_on_fall": 1.0,
      "gate_fpr_on_non_fall": 1.0
    }
  },
  "test_per_source": {
    "WEDA": {
      "n_rows": 1475,
      "fall_ratio": 0.28067796610169493,
      "accuracy": 0.8413559322033898,
      "precision": 0.7027027027027027,
      "recall": 0.7536231884057971,
      "f1": 0.7272727272727273,
      "pr_auc": 0.8186090423265066,
      "roc_auc": 0.9050572106343938,
      "tn": 929,
      "fp": 132,
      "fn": 102,
      "tp": 312,
      "fpr": 0.12441093308199812,
      "fnr": 0.2463768115942029,
      "gate_pass_rate": 1.0,
      "gate_recall_on_fall": 1.0,
      "gate_fpr_on_non_fall": 1.0
    }
  }
}