{
  "config": {
    "gate_feature": "acc_mag_std",
    "gate_threshold": 0.027832869085217017,
    "gate_op": ">=",
    "decision_threshold": 0.5149999999999999,
    "min_gate_recall_requested": 0.9,
    "gate_source_for_search": "ALL",
    "drop_source": false,
    "rf_trees": 20,
    "rf_max_depth": 8,
    "rf_min_samples_leaf": 5,
    "random_state": 42,
    "n_stage2_train_rows": 7677,
    "n_stage2_train_fall": 2238,
    "n_stage2_train_non_fall": 5439
  },
  "validation": {
    "n_rows": 2280,
    "fall_ratio": 0.2425438596491228,
    "accuracy": 0.8350877192982457,
    "precision": 0.6759443339960238,
    "recall": 0.6148282097649186,
    "f1": 0.6439393939393939,
    "pr_auc": 0.7104058260308561,
    "roc_auc": 0.830887164919254,
    "tn": 1564,
    "fp": 163,
    "fn": 213,
    "tp": 340,
    "fpr": 0.09438332368268675,
    "fnr": 0.38517179023508136,
    "gate_pass_rate": 0.7526315789473684,
    "gate_recall_on_fall": 0.9041591320072333,
    "gate_fpr_on_non_fall": 0.704111175448755
  },
  "test": {
    "n_rows": 1475,
    "fall_ratio": 0.28067796610169493,
    "accuracy": 0.8284745762711865,
    "precision": 0.6746203904555315,
    "recall": 0.751207729468599,
    "f1": 0.7108571428571429,
    "pr_auc": 0.7837225401800872,
    "roc_auc": 0.8818439900376547,
    "tn": 911,
    "fp": 150,
    "fn": 103,
    "tp": 311,
    "fpr": 0.1413760603204524,
    "fnr": 0.24879227053140096,
    "gate_pass_rate": 1.0,
    "gate_recall_on_fall": 1.0,
    "gate_fpr_on_non_fall": 1.0
  },
  "validation_per_source": {
    "UP": {
      "n_rows": 807,
      "fall_ratio": 0.16728624535315986,
      "accuracy": 0.7992565055762082,
      "precision": 0.3969465648854962,
      "recall": 0.3851851851851852,
      "f1": 0.39097744360902253,
      "pr_auc": 0.35403307091017144,
      "roc_auc": 0.6981646825396824,
      "tn": 593,
      "fp": 79,
      "fn": 83,
      "tp": 52,
      "fpr": 0.11755952380952381,
      "fnr": 0.6148148148148148,
      "gate_pass_rate": 0.30111524163568776,
      "gate_recall_on_fall": 0.6074074074074074,
      "gate_fpr_on_non_fall": 0.23958333333333334
    },
    "WEDA": {
      "n_rows": 1473,
      "fall_ratio": 0.2837746096401901,
      "accuracy": 0.8547182620502376,
      "precision": 0.7741935483870968,
      "recall": 0.6889952153110048,
      "f1": 0.7291139240506329,
      "pr_auc": 0.8071414499840346,
      "roc_auc": 0.8923864486723054,
      "tn": 971,
      "fp": 84,
      "fn": 130,
      "tp": 288,
      "fpr": 0.07962085308056872,
      "fnr": 0.31100478468899523,
      "gate_pass_rate": 1.0,
      "gate_recall_on_fall": 1.0,
      "gate_fpr_on_non_fall": 1.0
    }
  },
  "test_per_source": {
    "WEDA": {
      "n_rows": 1475,
      "fall_ratio": 0.28067796610169493,
      "accuracy": 0.8284745762711865,
      "precision": 0.6746203904555315,
      "recall": 0.751207729468599,
      "f1": 0.7108571428571429,
      "pr_auc": 0.7837225401800872,
      "roc_auc": 0.8818439900376547,
      "tn": 911,
      "fp": 150,
      "fn": 103,
      "tp": 311,
      "fpr": 0.1413760603204524,
      "fnr": 0.24879227053140096,
      "gate_pass_rate": 1.0,
      "gate_recall_on_fall": 1.0,
      "gate_fpr_on_non_fall": 1.0
    }
  }
}