{
  "config": {
    "gate_feature": "acc_mag_std",
    "gate_threshold": 0.027832869085217017,
    "gate_op": ">=",
    "decision_threshold": 0.5099999999999999,
    "min_gate_recall_requested": 0.9,
    "gate_source_for_search": "ALL",
    "drop_source": false,
    "rf_trees": 12,
    "rf_max_depth": 9,
    "rf_min_samples_leaf": 5,
    "random_state": 42,
    "n_stage2_train_rows": 7677,
    "n_stage2_train_fall": 2238,
    "n_stage2_train_non_fall": 5439
  },
  "validation": {
    "n_rows": 2280,
    "fall_ratio": 0.2425438596491228,
    "accuracy": 0.8368421052631579,
    "precision": 0.6889352818371608,
    "recall": 0.596745027124774,
    "f1": 0.6395348837209303,
    "pr_auc": 0.7110818818131893,
    "roc_auc": 0.8301505396159914,
    "tn": 1578,
    "fp": 149,
    "fn": 223,
    "tp": 330,
    "fpr": 0.08627678054429647,
    "fnr": 0.40325497287522605,
    "gate_pass_rate": 0.7526315789473684,
    "gate_recall_on_fall": 0.9041591320072333,
    "gate_fpr_on_non_fall": 0.704111175448755
  },
  "test": {
    "n_rows": 1475,
    "fall_ratio": 0.28067796610169493,
    "accuracy": 0.8332203389830508,
    "precision": 0.6850220264317181,
    "recall": 0.751207729468599,
    "f1": 0.716589861751152,
    "pr_auc": 0.7962763936816903,
    "roc_auc": 0.8924927263041429,
    "tn": 918,
    "fp": 143,
    "fn": 103,
    "tp": 311,
    "fpr": 0.1347785108388313,
    "fnr": 0.24879227053140096,
    "gate_pass_rate": 1.0,
    "gate_recall_on_fall": 1.0,
    "gate_fpr_on_non_fall": 1.0
  },
  "validation_per_source": {
    "UP": {
      "n_rows": 807,
      "fall_ratio": 0.16728624535315986,
      "accuracy": 0.815365551425031,
      "precision": 0.4326923076923077,
      "recall": 0.3333333333333333,
      "f1": 0.37656903765690375,
      "pr_auc": 0.3529634772846406,
      "roc_auc": 0.698285934744268,
      "tn": 613,
      "fp": 59,
      "fn": 90,
      "tp": 45,
      "fpr": 0.08779761904761904,
      "fnr": 0.6666666666666666,
      "gate_pass_rate": 0.30111524163568776,
      "gate_recall_on_fall": 0.6074074074074074,
      "gate_fpr_on_non_fall": 0.23958333333333334
    },
    "WEDA": {
      "n_rows": 1473,
      "fall_ratio": 0.2837746096401901,
      "accuracy": 0.8486082824168364,
      "precision": 0.76,
      "recall": 0.6818181818181818,
      "f1": 0.7187894073139974,
      "pr_auc": 0.80887725098459,
      "roc_auc": 0.8915803079434907,
      "tn": 965,
      "fp": 90,
      "fn": 133,
      "tp": 285,
      "fpr": 0.08530805687203792,
      "fnr": 0.3181818181818182,
      "gate_pass_rate": 1.0,
      "gate_recall_on_fall": 1.0,
      "gate_fpr_on_non_fall": 1.0
    }
  },
  "test_per_source": {
    "WEDA": {
      "n_rows": 1475,
      "fall_ratio": 0.28067796610169493,
      "accuracy": 0.8332203389830508,
      "precision": 0.6850220264317181,
      "recall": 0.751207729468599,
      "f1": 0.716589861751152,
      "pr_auc": 0.7962763936816903,
      "roc_auc": 0.8924927263041429,
      "tn": 918,
      "fp": 143,
      "fn": 103,
      "tp": 311,
      "fpr": 0.1347785108388313,
      "fnr": 0.24879227053140096,
      "gate_pass_rate": 1.0,
      "gate_recall_on_fall": 1.0,
      "gate_fpr_on_non_fall": 1.0
    }
  }
}