{
    "accuracy": 0.9011194029850746,
    "precision": 0.9118773946360154,
    "recall": 0.8880597014925373,
    "f1": 0.8998109640831758,
    "false_alarm_rate": 0.08582089552238806,
    "miss_rate": 0.11194029850746269
}