{
  "config": {
    "gate_feature": "acc_mag_std",
    "gate_threshold": 0.027832869085217017,
    "gate_op": ">=",
    "decision_threshold": 0.4749999999999999,
    "min_gate_recall_requested": 0.9,
    "gate_source_for_search": "ALL",
    "drop_source": true,
    "rf_trees": 40,
    "rf_max_depth": 12,
    "rf_min_samples_leaf": 2,
    "random_state": 42,
    "n_stage2_train_rows": 7677,
    "n_stage2_train_fall": 2238,
    "n_stage2_train_non_fall": 5439
  },
  "validation": {
    "n_rows": 2280,
    "fall_ratio": 0.2425438596491228,
    "accuracy": 0.8394736842105263,
    "precision": 0.6896551724137931,
    "recall": 0.6148282097649186,
    "f1": 0.6500956022944551,
    "pr_auc": 0.7195005905960834,
    "roc_auc": 0.834384957137517,
    "tn": 1574,
    "fp": 153,
    "fn": 213,
    "tp": 340,
    "fpr": 0.08859293572669369,
    "fnr": 0.38517179023508136,
    "gate_pass_rate": 0.7526315789473684,
    "gate_recall_on_fall": 0.9041591320072333,
    "gate_fpr_on_non_fall": 0.704111175448755
  },
  "test": {
    "n_rows": 1475,
    "fall_ratio": 0.28067796610169493,
    "accuracy": 0.8447457627118644,
    "precision": 0.7069351230425056,
    "recall": 0.7632850241545893,
    "f1": 0.7340301974448316,
    "pr_auc": 0.8111887196473044,
    "roc_auc": 0.9051255082480751,
    "tn": 930,
    "fp": 131,
    "fn": 98,
    "tp": 316,
    "fpr": 0.1234684260131951,
    "fnr": 0.23671497584541062,
    "gate_pass_rate": 1.0,
    "gate_recall_on_fall": 1.0,
    "gate_fpr_on_non_fall": 1.0
  },
  "validation_per_source": {
    "UP": {
      "n_rows": 807,
      "fall_ratio": 0.16728624535315986,
      "accuracy": 0.8042131350681536,
      "precision": 0.4122137404580153,
      "recall": 0.4,
      "f1": 0.40601503759398494,
      "pr_auc": 0.3564950710725892,
      "roc_auc": 0.6986276455026454,
      "tn": 595,
      "fp": 77,
      "fn": 81,
      "tp": 54,
      "fpr": 0.11458333333333333,
      "fnr": 0.6,
      "gate_pass_rate": 0.30111524163568776,
      "gate_recall_on_fall": 0.6074074074074074,
      "gate_fpr_on_non_fall": 0.23958333333333334
    },
    "WEDA": {
      "n_rows": 1473,
      "fall_ratio": 0.2837746096401901,
      "accuracy": 0.8587915818058385,
      "precision": 0.7900552486187845,
      "recall": 0.6842105263157895,
      "f1": 0.7333333333333333,
      "pr_auc": 0.8245290760442291,
      "roc_auc": 0.9002494387627837,
      "tn": 979,
      "fp": 76,
      "fn": 132,
      "tp": 286,
      "fpr": 0.07203791469194312,
      "fnr": 0.3157894736842105,
      "gate_pass_rate": 1.0,
      "gate_recall_on_fall": 1.0,
      "gate_fpr_on_non_fall": 1.0
    }
  },
  "test_per_source": {
    "WEDA": {
      "n_rows": 1475,
      "fall_ratio": 0.28067796610169493,
      "accuracy": 0.8447457627118644,
      "precision": 0.7069351230425056,
      "recall": 0.7632850241545893,
      "f1": 0.7340301974448316,
      "pr_auc": 0.8111887196473044,
      "roc_auc": 0.9051255082480751,
      "tn": 930,
      "fp": 131,
      "fn": 98,
      "tp": 316,
      "fpr": 0.1234684260131951,
      "fnr": 0.23671497584541062,
      "gate_pass_rate": 1.0,
      "gate_recall_on_fall": 1.0,
      "gate_fpr_on_non_fall": 1.0
    }
  }
}