{
  "config": {
    "gate_feature": "acc_mag_std",
    "gate_threshold": 0.027832869085217017,
    "gate_op": ">=",
    "decision_threshold": 0.4699999999999999,
    "min_gate_recall_requested": 0.9,
    "gate_source_for_search": "ALL",
    "drop_source": false,
    "rf_trees": 60,
    "rf_max_depth": 10,
    "rf_min_samples_leaf": 6,
    "random_state": 42,
    "n_stage2_train_rows": 7677,
    "n_stage2_train_fall": 2238,
    "n_stage2_train_non_fall": 5439
  },
  "validation": {
    "n_rows": 2280,
    "fall_ratio": 0.2425438596491228,
    "accuracy": 0.8236842105263158,
    "precision": 0.6322241681260946,
    "recall": 0.6528028933092225,
    "f1": 0.6423487544483986,
    "pr_auc": 0.7167443499930485,
    "roc_auc": 0.8317211692604743,
    "tn": 1517,
    "fp": 210,
    "fn": 192,
    "tp": 361,
    "fpr": 0.12159814707585408,
    "fnr": 0.3471971066907776,
    "gate_pass_rate": 0.7526315789473684,
    "gate_recall_on_fall": 0.9041591320072333,
    "gate_fpr_on_non_fall": 0.704111175448755
  },
  "test": {
    "n_rows": 1475,
    "fall_ratio": 0.28067796610169493,
    "accuracy": 0.8332203389830508,
    "precision": 0.668,
    "recall": 0.8067632850241546,
    "f1": 0.7308533916849015,
    "pr_auc": 0.809782169398083,
    "roc_auc": 0.9020202434126952,
    "tn": 895,
    "fp": 166,
    "fn": 80,
    "tp": 334,
    "fpr": 0.15645617342130066,
    "fnr": 0.1932367149758454,
    "gate_pass_rate": 1.0,
    "gate_recall_on_fall": 1.0,
    "gate_fpr_on_non_fall": 1.0
  },
  "validation_per_source": {
    "UP": {
      "n_rows": 807,
      "fall_ratio": 0.16728624535315986,
      "accuracy": 0.7769516728624535,
      "precision": 0.3619631901840491,
      "recall": 0.43703703703703706,
      "f1": 0.3959731543624161,
      "pr_auc": 0.3360761301167102,
      "roc_auc": 0.6955081569664903,
      "tn": 568,
      "fp": 104,
      "fn": 76,
      "tp": 59,
      "fpr": 0.15476190476190477,
      "fnr": 0.562962962962963,
      "gate_pass_rate": 0.30111524163568776,
      "gate_recall_on_fall": 0.6074074074074074,
      "gate_fpr_on_non_fall": 0.23958333333333334
    },
    "WEDA": {
      "n_rows": 1473,
      "fall_ratio": 0.2837746096401901,
      "accuracy": 0.8492871690427699,
      "precision": 0.7401960784313726,
      "recall": 0.722488038277512,
      "f1": 0.7312348668280871,
      "pr_auc": 0.8230957863796696,
      "roc_auc": 0.8961314315517359,
      "tn": 949,
      "fp": 106,
      "fn": 116,
      "tp": 302,
      "fpr": 0.1004739336492891,
      "fnr": 0.27751196172248804,
      "gate_pass_rate": 1.0,
      "gate_recall_on_fall": 1.0,
      "gate_fpr_on_non_fall": 1.0
    }
  },
  "test_per_source": {
    "WEDA": {
      "n_rows": 1475,
      "fall_ratio": 0.28067796610169493,
      "accuracy": 0.8332203389830508,
      "precision": 0.668,
      "recall": 0.8067632850241546,
      "f1": 0.7308533916849015,
      "pr_auc": 0.809782169398083,
      "roc_auc": 0.9020202434126952,
      "tn": 895,
      "fp": 166,
      "fn": 80,
      "tp": 334,
      "fpr": 0.15645617342130066,
      "fnr": 0.1932367149758454,
      "gate_pass_rate": 1.0,
      "gate_recall_on_fall": 1.0,
      "gate_fpr_on_non_fall": 1.0
    }
  }
}