{
  "config": {
    "gate_feature": "acc_mag_std",
    "gate_threshold": 0.027832869085217017,
    "gate_op": ">=",
    "decision_threshold": 0.37499999999999994,
    "min_gate_recall_requested": 0.9,
    "gate_source_for_search": "ALL",
    "drop_source": false,
    "rf_trees": 50,
    "rf_max_depth": 12,
    "rf_min_samples_leaf": 2,
    "random_state": 42,
    "n_stage2_train_rows": 7677,
    "n_stage2_train_fall": 2238,
    "n_stage2_train_non_fall": 5439
  },
  "validation": {
    "n_rows": 2280,
    "fall_ratio": 0.2425438596491228,
    "accuracy": 0.8074561403508772,
    "precision": 0.586890243902439,
    "recall": 0.6962025316455697,
    "f1": 0.6368899917287014,
    "pr_auc": 0.7139575849903894,
    "roc_auc": 0.8309473723889591,
    "tn": 1456,
    "fp": 271,
    "fn": 168,
    "tp": 385,
    "fpr": 0.1569195136074117,
    "fnr": 0.3037974683544304,
    "gate_pass_rate": 0.7526315789473684,
    "gate_recall_on_fall": 0.9041591320072333,
    "gate_fpr_on_non_fall": 0.704111175448755
  },
  "test": {
    "n_rows": 1475,
    "fall_ratio": 0.28067796610169493,
    "accuracy": 0.8216949152542373,
    "precision": 0.631762652705061,
    "recall": 0.8743961352657005,
    "f1": 0.7335359675785208,
    "pr_auc": 0.8350622429710097,
    "roc_auc": 0.9145323662391236,
    "tn": 850,
    "fp": 211,
    "fn": 52,
    "tp": 362,
    "fpr": 0.1988689915174364,
    "fnr": 0.12560386473429952,
    "gate_pass_rate": 1.0,
    "gate_recall_on_fall": 1.0,
    "gate_fpr_on_non_fall": 1.0
  },
  "validation_per_source": {
    "UP": {
      "n_rows": 807,
      "fall_ratio": 0.16728624535315986,
      "accuracy": 0.7571251548946716,
      "precision": 0.3435897435897436,
      "recall": 0.4962962962962963,
      "f1": 0.40606060606060607,
      "pr_auc": 0.3248268347955071,
      "roc_auc": 0.6918375220458554,
      "tn": 544,
      "fp": 128,
      "fn": 68,
      "tp": 67,
      "fpr": 0.19047619047619047,
      "fnr": 0.5037037037037037,
      "gate_pass_rate": 0.30111524163568776,
      "gate_recall_on_fall": 0.6074074074074074,
      "gate_fpr_on_non_fall": 0.23958333333333334
    },
    "WEDA": {
      "n_rows": 1473,
      "fall_ratio": 0.2837746096401901,
      "accuracy": 0.835030549898167,
      "precision": 0.6898047722342733,
      "recall": 0.7607655502392344,
      "f1": 0.7235494880546075,
      "pr_auc": 0.8242894574151389,
      "roc_auc": 0.8987732148121271,
      "tn": 912,
      "fp": 143,
      "fn": 100,
      "tp": 318,
      "fpr": 0.13554502369668248,
      "fnr": 0.23923444976076555,
      "gate_pass_rate": 1.0,
      "gate_recall_on_fall": 1.0,
      "gate_fpr_on_non_fall": 1.0
    }
  },
  "test_per_source": {
    "WEDA": {
      "n_rows": 1475,
      "fall_ratio": 0.28067796610169493,
      "accuracy": 0.8216949152542373,
      "precision": 0.631762652705061,
      "recall": 0.8743961352657005,
      "f1": 0.7335359675785208,
      "pr_auc": 0.8350622429710097,
      "roc_auc": 0.9145323662391236,
      "tn": 850,
      "fp": 211,
      "fn": 52,
      "tp": 362,
      "fpr": 0.1988689915174364,
      "fnr": 0.12560386473429952,
      "gate_pass_rate": 1.0,
      "gate_recall_on_fall": 1.0,
      "gate_fpr_on_non_fall": 1.0
    }
  }
}