{
  "config": {
    "gate_feature": "gyro_mag_mean",
    "gate_threshold": 2.616948366191887,
    "gate_op": "<=",
    "decision_threshold": 0.42999999999999994,
    "min_gate_recall_requested": 0.9,
    "gate_source_for_search": "WEDA",
    "drop_source": false,
    "rf_trees": 8,
    "rf_max_depth": 6,
    "rf_min_samples_leaf": 8,
    "random_state": 42,
    "n_stage2_train_rows": 6614,
    "n_stage2_train_fall": 1845,
    "n_stage2_train_non_fall": 4769
  },
  "validation": {
    "n_rows": 2280,
    "fall_ratio": 0.2425438596491228,
    "accuracy": 0.8021929824561403,
    "precision": 0.6045081967213115,
    "recall": 0.5334538878842676,
    "f1": 0.5667627281460135,
    "pr_auc": 0.5891674567513113,
    "roc_auc": 0.6885169172519008,
    "tn": 1534,
    "fp": 193,
    "fn": 258,
    "tp": 295,
    "fpr": 0.1117544875506659,
    "fnr": 0.4665461121157324,
    "gate_pass_rate": 0.6951754385964912,
    "gate_recall_on_fall": 0.7088607594936709,
    "gate_fpr_on_non_fall": 0.690793283149971
  },
  "test": {
    "n_rows": 1475,
    "fall_ratio": 0.28067796610169493,
    "accuracy": 0.7545762711864407,
    "precision": 0.5448275862068965,
    "recall": 0.7632850241545893,
    "f1": 0.635814889336016,
    "pr_auc": 0.7429177667639207,
    "roc_auc": 0.8232822011865571,
    "tn": 797,
    "fp": 264,
    "fn": 98,
    "tp": 316,
    "fpr": 0.24882186616399624,
    "fnr": 0.23671497584541062,
    "gate_pass_rate": 0.9057627118644068,
    "gate_recall_on_fall": 0.9299516908212561,
    "gate_fpr_on_non_fall": 0.8963242224316682
  },
  "validation_per_source": {
    "UP": {
      "n_rows": 807,
      "fall_ratio": 0.16728624535315986,
      "accuracy": 0.8339529120198265,
      "precision": 0.6,
      "recall": 0.022222222222222223,
      "f1": 0.04285714285714286,
      "pr_auc": 0.17450031482448078,
      "roc_auc": 0.33625992063492066,
      "tn": 670,
      "fp": 2,
      "fn": 132,
      "tp": 3,
      "fpr": 0.002976190476190476,
      "fnr": 0.9777777777777777,
      "gate_pass_rate": 0.37298636926889717,
      "gate_recall_on_fall": 0.1111111111111111,
      "gate_fpr_on_non_fall": 0.4255952380952381
    },
    "WEDA": {
      "n_rows": 1473,
      "fall_ratio": 0.2837746096401901,
      "accuracy": 0.7847929395790902,
      "precision": 0.6045548654244306,
      "recall": 0.6985645933014354,
      "f1": 0.6481687014428413,
      "pr_auc": 0.7086280116371921,
      "roc_auc": 0.809205424159278,
      "tn": 864,
      "fp": 191,
      "fn": 126,
      "tp": 292,
      "fpr": 0.18104265402843603,
      "fnr": 0.3014354066985646,
      "gate_pass_rate": 0.8716904276985743,
      "gate_recall_on_fall": 0.9019138755980861,
      "gate_fpr_on_non_fall": 0.8597156398104265
    }
  },
  "test_per_source": {
    "WEDA": {
      "n_rows": 1475,
      "fall_ratio": 0.28067796610169493,
      "accuracy": 0.7545762711864407,
      "precision": 0.5448275862068965,
      "recall": 0.7632850241545893,
      "f1": 0.635814889336016,
      "pr_auc": 0.7429177667639207,
      "roc_auc": 0.8232822011865571,
      "tn": 797,
      "fp": 264,
      "fn": 98,
      "tp": 316,
      "fpr": 0.24882186616399624,
      "fnr": 0.23671497584541062,
      "gate_pass_rate": 0.9057627118644068,
      "gate_recall_on_fall": 0.9299516908212561,
      "gate_fpr_on_non_fall": 0.8963242224316682
    }
  }
}