{
  "config": {
    "gate_feature": "gyro_mag_mean",
    "gate_threshold": 2.838541112469445,
    "gate_op": "<=",
    "decision_threshold": 0.39499999999999996,
    "min_gate_recall_requested": 0.93,
    "gate_source_for_search": "WEDA",
    "drop_source": false,
    "rf_trees": 8,
    "rf_max_depth": 6,
    "rf_min_samples_leaf": 10,
    "random_state": 42,
    "n_stage2_train_rows": 6845,
    "n_stage2_train_fall": 1919,
    "n_stage2_train_non_fall": 4926
  },
  "validation": {
    "n_rows": 2280,
    "fall_ratio": 0.2425438596491228,
    "accuracy": 0.7894736842105263,
    "precision": 0.5615514333895447,
    "recall": 0.6021699819168174,
    "f1": 0.581151832460733,
    "pr_auc": 0.6127928515746603,
    "roc_auc": 0.7040368323122494,
    "tn": 1467,
    "fp": 260,
    "fn": 220,
    "tp": 333,
    "fpr": 0.15055008685581933,
    "fnr": 0.39783001808318263,
    "gate_pass_rate": 0.7131578947368421,
    "gate_recall_on_fall": 0.7359855334538878,
    "gate_fpr_on_non_fall": 0.705848291835553
  },
  "test": {
    "n_rows": 1475,
    "fall_ratio": 0.28067796610169493,
    "accuracy": 0.7410169491525423,
    "precision": 0.5253968253968254,
    "recall": 0.7995169082125604,
    "f1": 0.6340996168582376,
    "pr_auc": 0.7414123309334465,
    "roc_auc": 0.8335700983940955,
    "tn": 762,
    "fp": 299,
    "fn": 83,
    "tp": 331,
    "fpr": 0.28180961357210177,
    "fnr": 0.20048309178743962,
    "gate_pass_rate": 0.9349152542372882,
    "gate_recall_on_fall": 0.9516908212560387,
    "gate_fpr_on_non_fall": 0.9283694627709708
  },
  "validation_per_source": {
    "UP": {
      "n_rows": 807,
      "fall_ratio": 0.16728624535315986,
      "accuracy": 0.8240396530359355,
      "precision": 0.23076923076923078,
      "recall": 0.022222222222222223,
      "f1": 0.04054054054054054,
      "pr_auc": 0.16843035632257553,
      "roc_auc": 0.33685515873015875,
      "tn": 662,
      "fp": 10,
      "fn": 132,
      "tp": 3,
      "fpr": 0.01488095238095238,
      "fnr": 0.9777777777777777,
      "gate_pass_rate": 0.38413878562577447,
      "gate_recall_on_fall": 0.1111111111111111,
      "gate_fpr_on_non_fall": 0.43898809523809523
    },
    "WEDA": {
      "n_rows": 1473,
      "fall_ratio": 0.2837746096401901,
      "accuracy": 0.7705363204344874,
      "precision": 0.5689655172413793,
      "recall": 0.7894736842105263,
      "f1": 0.6613226452905812,
      "pr_auc": 0.7334269025089402,
      "roc_auc": 0.8235368148937618,
      "tn": 805,
      "fp": 250,
      "fn": 88,
      "tp": 330,
      "fpr": 0.23696682464454977,
      "fnr": 0.21052631578947367,
      "gate_pass_rate": 0.8934147997284454,
      "gate_recall_on_fall": 0.937799043062201,
      "gate_fpr_on_non_fall": 0.875829383886256
    }
  },
  "test_per_source": {
    "WEDA": {
      "n_rows": 1475,
      "fall_ratio": 0.28067796610169493,
      "accuracy": 0.7410169491525423,
      "precision": 0.5253968253968254,
      "recall": 0.7995169082125604,
      "f1": 0.6340996168582376,
      "pr_auc": 0.7414123309334465,
      "roc_auc": 0.8335700983940955,
      "tn": 762,
      "fp": 299,
      "fn": 83,
      "tp": 331,
      "fpr": 0.28180961357210177,
      "fnr": 0.20048309178743962,
      "gate_pass_rate": 0.9349152542372882,
      "gate_recall_on_fall": 0.9516908212560387,
      "gate_fpr_on_non_fall": 0.9283694627709708
    }
  }
}