{
  "config": {
    "gate_feature": "acc_mag_std",
    "gate_threshold": 0.004506217613876566,
    "gate_op": ">=",
    "decision_threshold": 0.4649999999999999,
    "min_gate_recall_requested": 0.95,
    "gate_source_for_search": "ALL",
    "drop_source": false,
    "rf_trees": 8,
    "rf_max_depth": 6,
    "rf_min_samples_leaf": 4,
    "random_state": 42,
    "n_stage2_train_rows": 8278,
    "n_stage2_train_fall": 2336,
    "n_stage2_train_non_fall": 5942
  },
  "validation": {
    "n_rows": 2280,
    "fall_ratio": 0.2425438596491228,
    "accuracy": 0.8175438596491228,
    "precision": 0.6139767054908486,
    "recall": 0.6672694394213382,
    "f1": 0.6395147313691508,
    "pr_auc": 0.6963669531207631,
    "roc_auc": 0.8399559804864973,
    "tn": 1495,
    "fp": 232,
    "fn": 184,
    "tp": 369,
    "fpr": 0.1343370005790388,
    "fnr": 0.33273056057866185,
    "gate_pass_rate": 0.8324561403508772,
    "gate_recall_on_fall": 0.9511754068716094,
    "gate_fpr_on_non_fall": 0.7944412275622467
  },
  "test": {
    "n_rows": 1475,
    "fall_ratio": 0.28067796610169493,
    "accuracy": 0.7884745762711864,
    "precision": 0.5944444444444444,
    "recall": 0.7753623188405797,
    "f1": 0.6729559748427673,
    "pr_auc": 0.7685387015324286,
    "roc_auc": 0.8682550415021832,
    "tn": 842,
    "fp": 219,
    "fn": 93,
    "tp": 321,
    "fpr": 0.2064090480678605,
    "fnr": 0.2246376811594203,
    "gate_pass_rate": 1.0,
    "gate_recall_on_fall": 1.0,
    "gate_fpr_on_non_fall": 1.0
  },
  "validation_per_source": {
    "UP": {
      "n_rows": 807,
      "fall_ratio": 0.16728624535315986,
      "accuracy": 0.7930607187112764,
      "precision": 0.3787878787878788,
      "recall": 0.37037037037037035,
      "f1": 0.37453183520599254,
      "pr_auc": 0.34556729082286214,
      "roc_auc": 0.7042768959435627,
      "tn": 590,
      "fp": 82,
      "fn": 85,
      "tp": 50,
      "fpr": 0.12202380952380952,
      "fnr": 0.6296296296296297,
      "gate_pass_rate": 0.5266418835192069,
      "gate_recall_on_fall": 0.8,
      "gate_fpr_on_non_fall": 0.47172619047619047
    },
    "WEDA": {
      "n_rows": 1473,
      "fall_ratio": 0.2837746096401901,
      "accuracy": 0.8309572301425662,
      "precision": 0.6801705756929638,
      "recall": 0.7631578947368421,
      "f1": 0.7192784667418264,
      "pr_auc": 0.7905026677030824,
      "roc_auc": 0.8889317218077506,
      "tn": 905,
      "fp": 150,
      "fn": 99,
      "tp": 319,
      "fpr": 0.14218009478672985,
      "fnr": 0.23684210526315788,
      "gate_pass_rate": 1.0,
      "gate_recall_on_fall": 1.0,
      "gate_fpr_on_non_fall": 1.0
    }
  },
  "test_per_source": {
    "WEDA": {
      "n_rows": 1475,
      "fall_ratio": 0.28067796610169493,
      "accuracy": 0.7884745762711864,
      "precision": 0.5944444444444444,
      "recall": 0.7753623188405797,
      "f1": 0.6729559748427673,
      "pr_auc": 0.7685387015324286,
      "roc_auc": 0.8682550415021832,
      "tn": 842,
      "fp": 219,
      "fn": 93,
      "tp": 321,
      "fpr": 0.2064090480678605,
      "fnr": 0.2246376811594203,
      "gate_pass_rate": 1.0,
      "gate_recall_on_fall": 1.0,
      "gate_fpr_on_non_fall": 1.0
    }
  }
}