{
  "config": {
    "gate_feature": "acc_mag_std",
    "gate_threshold": 0.027832869085217017,
    "gate_op": ">=",
    "decision_threshold": 0.48499999999999993,
    "min_gate_recall_requested": 0.9,
    "gate_source_for_search": "ALL",
    "drop_source": false,
    "rf_trees": 50,
    "rf_max_depth": 12,
    "rf_min_samples_leaf": 4,
    "random_state": 42,
    "n_stage2_train_rows": 7677,
    "n_stage2_train_fall": 2238,
    "n_stage2_train_non_fall": 5439
  },
  "validation": {
    "n_rows": 2280,
    "fall_ratio": 0.2425438596491228,
    "accuracy": 0.8442982456140351,
    "precision": 0.7028688524590164,
    "recall": 0.620253164556962,
    "f1": 0.6589817483189241,
    "pr_auc": 0.7280173383913704,
    "roc_auc": 0.8360330711777942,
    "tn": 1582,
    "fp": 145,
    "fn": 210,
    "tp": 343,
    "fpr": 0.08396062536189924,
    "fnr": 0.379746835443038,
    "gate_pass_rate": 0.7526315789473684,
    "gate_recall_on_fall": 0.9041591320072333,
    "gate_fpr_on_non_fall": 0.704111175448755
  },
  "test": {
    "n_rows": 1475,
    "fall_ratio": 0.28067796610169493,
    "accuracy": 0.8461016949152542,
    "precision": 0.7064017660044151,
    "recall": 0.7729468599033816,
    "f1": 0.7381776239907728,
    "pr_auc": 0.8080098205193751,
    "roc_auc": 0.907233627923707,
    "tn": 928,
    "fp": 133,
    "fn": 94,
    "tp": 320,
    "fpr": 0.12535344015080113,
    "fnr": 0.22705314009661837,
    "gate_pass_rate": 1.0,
    "gate_recall_on_fall": 1.0,
    "gate_fpr_on_non_fall": 1.0
  },
  "validation_per_source": {
    "UP": {
      "n_rows": 807,
      "fall_ratio": 0.16728624535315986,
      "accuracy": 0.8252788104089219,
      "precision": 0.47413793103448276,
      "recall": 0.4074074074074074,
      "f1": 0.43824701195219123,
      "pr_auc": 0.3506243631475867,
      "roc_auc": 0.7026730599647266,
      "tn": 611,
      "fp": 61,
      "fn": 80,
      "tp": 55,
      "fpr": 0.09077380952380952,
      "fnr": 0.5925925925925926,
      "gate_pass_rate": 0.30111524163568776,
      "gate_recall_on_fall": 0.6074074074074074,
      "gate_fpr_on_non_fall": 0.23958333333333334
    },
    "WEDA": {
      "n_rows": 1473,
      "fall_ratio": 0.2837746096401901,
      "accuracy": 0.8547182620502376,
      "precision": 0.7741935483870968,
      "recall": 0.6889952153110048,
      "f1": 0.7291139240506329,
      "pr_auc": 0.8321932214674264,
      "roc_auc": 0.9013288283181025,
      "tn": 971,
      "fp": 84,
      "fn": 130,
      "tp": 288,
      "fpr": 0.07962085308056872,
      "fnr": 0.31100478468899523,
      "gate_pass_rate": 1.0,
      "gate_recall_on_fall": 1.0,
      "gate_fpr_on_non_fall": 1.0
    }
  },
  "test_per_source": {
    "WEDA": {
      "n_rows": 1475,
      "fall_ratio": 0.28067796610169493,
      "accuracy": 0.8461016949152542,
      "precision": 0.7064017660044151,
      "recall": 0.7729468599033816,
      "f1": 0.7381776239907728,
      "pr_auc": 0.8080098205193751,
      "roc_auc": 0.907233627923707,
      "tn": 928,
      "fp": 133,
      "fn": 94,
      "tp": 320,
      "fpr": 0.12535344015080113,
      "fnr": 0.22705314009661837,
      "gate_pass_rate": 1.0,
      "gate_recall_on_fall": 1.0,
      "gate_fpr_on_non_fall": 1.0
    }
  }
}