{
    "accuracy": 0.9104477611940298,
    "precision": 0.8819444444444444,
    "recall": 0.9477611940298507,
    "f1": 0.9136690647482014,
    "false_alarm_rate": 0.12686567164179105,
    "miss_rate": 0.05223880597014925
}