{
  "config": {
    "gate_feature": "acc_mag_std",
    "gate_threshold": 0.027832869085217017,
    "gate_op": ">=",
    "decision_threshold": 0.43999999999999995,
    "min_gate_recall_requested": 0.9,
    "gate_source_for_search": "ALL",
    "drop_source": false,
    "rf_trees": 20,
    "rf_max_depth": 12,
    "rf_min_samples_leaf": 2,
    "random_state": 42,
    "n_stage2_train_rows": 7677,
    "n_stage2_train_fall": 2238,
    "n_stage2_train_non_fall": 5439
  },
  "validation": {
    "n_rows": 2280,
    "fall_ratio": 0.2425438596491228,
    "accuracy": 0.8157894736842105,
    "precision": 0.6172839506172839,
    "recall": 0.6329113924050633,
    "f1": 0.625,
    "pr_auc": 0.7052039325839204,
    "roc_auc": 0.8248988776280561,
    "tn": 1510,
    "fp": 217,
    "fn": 203,
    "tp": 350,
    "fpr": 0.12565141864504922,
    "fnr": 0.3670886075949367,
    "gate_pass_rate": 0.7526315789473684,
    "gate_recall_on_fall": 0.9041591320072333,
    "gate_fpr_on_non_fall": 0.704111175448755
  },
  "test": {
    "n_rows": 1475,
    "fall_ratio": 0.28067796610169493,
    "accuracy": 0.8352542372881356,
    "precision": 0.6720321931589537,
    "recall": 0.8067632850241546,
    "f1": 0.7332601536772777,
    "pr_auc": 0.8219768722213197,
    "roc_auc": 0.9080304334166566,
    "tn": 898,
    "fp": 163,
    "fn": 80,
    "tp": 334,
    "fpr": 0.1536286522148916,
    "fnr": 0.1932367149758454,
    "gate_pass_rate": 1.0,
    "gate_recall_on_fall": 1.0,
    "gate_fpr_on_non_fall": 1.0
  },
  "validation_per_source": {
    "UP": {
      "n_rows": 807,
      "fall_ratio": 0.16728624535315986,
      "accuracy": 0.7719950433705081,
      "precision": 0.34591194968553457,
      "recall": 0.4074074074074074,
      "f1": 0.3741496598639456,
      "pr_auc": 0.3308167630200649,
      "roc_auc": 0.6917162698412698,
      "tn": 568,
      "fp": 104,
      "fn": 80,
      "tp": 55,
      "fpr": 0.15476190476190477,
      "fnr": 0.5925925925925926,
      "gate_pass_rate": 0.30111524163568776,
      "gate_recall_on_fall": 0.6074074074074074,
      "gate_fpr_on_non_fall": 0.23958333333333334
    },
    "WEDA": {
      "n_rows": 1473,
      "fall_ratio": 0.2837746096401901,
      "accuracy": 0.8397827562797013,
      "precision": 0.7230392156862745,
      "recall": 0.7057416267942583,
      "f1": 0.7142857142857143,
      "pr_auc": 0.8109775311035521,
      "roc_auc": 0.8889475951835644,
      "tn": 942,
      "fp": 113,
      "fn": 123,
      "tp": 295,
      "fpr": 0.10710900473933649,
      "fnr": 0.2942583732057416,
      "gate_pass_rate": 1.0,
      "gate_recall_on_fall": 1.0,
      "gate_fpr_on_non_fall": 1.0
    }
  },
  "test_per_source": {
    "WEDA": {
      "n_rows": 1475,
      "fall_ratio": 0.28067796610169493,
      "accuracy": 0.8352542372881356,
      "precision": 0.6720321931589537,
      "recall": 0.8067632850241546,
      "f1": 0.7332601536772777,
      "pr_auc": 0.8219768722213197,
      "roc_auc": 0.9080304334166566,
      "tn": 898,
      "fp": 163,
      "fn": 80,
      "tp": 334,
      "fpr": 0.1536286522148916,
      "fnr": 0.1932367149758454,
      "gate_pass_rate": 1.0,
      "gate_recall_on_fall": 1.0,
      "gate_fpr_on_non_fall": 1.0
    }
  }
}