{
  "config": {
    "gate_feature": "acc_mag_std",
    "gate_threshold": 0.0544426346780879,
    "gate_op": ">=",
    "decision_threshold": 0.4099999999999999,
    "min_gate_recall_requested": 0.85,
    "gate_source_for_search": "ALL",
    "drop_source": false,
    "rf_trees": 8,
    "rf_max_depth": 6,
    "rf_min_samples_leaf": 8,
    "random_state": 42,
    "n_stage2_train_rows": 7353,
    "n_stage2_train_fall": 2149,
    "n_stage2_train_non_fall": 5204
  },
  "validation": {
    "n_rows": 2280,
    "fall_ratio": 0.2425438596491228,
    "accuracy": 0.8109649122807018,
    "precision": 0.593558282208589,
    "recall": 0.6998191681735986,
    "f1": 0.6423236514522822,
    "pr_auc": 0.693701299442065,
    "roc_auc": 0.8080983758642388,
    "tn": 1462,
    "fp": 265,
    "fn": 166,
    "tp": 387,
    "fpr": 0.15344528083381587,
    "fnr": 0.30018083182640143,
    "gate_pass_rate": 0.7092105263157895,
    "gate_recall_on_fall": 0.8589511754068716,
    "gate_fpr_on_non_fall": 0.6612623045744065
  },
  "test": {
    "n_rows": 1475,
    "fall_ratio": 0.28067796610169493,
    "accuracy": 0.76,
    "precision": 0.5496688741721855,
    "recall": 0.8019323671497585,
    "f1": 0.6522593320235757,
    "pr_auc": 0.7716746850458253,
    "roc_auc": 0.8650188729072472,
    "tn": 789,
    "fp": 272,
    "fn": 82,
    "tp": 332,
    "fpr": 0.2563619227144204,
    "fnr": 0.19806763285024154,
    "gate_pass_rate": 0.9871186440677966,
    "gate_recall_on_fall": 0.9855072463768116,
    "gate_fpr_on_non_fall": 0.9877474081055608
  },
  "validation_per_source": {
    "UP": {
      "n_rows": 807,
      "fall_ratio": 0.16728624535315986,
      "accuracy": 0.8277571251548946,
      "precision": 0.4855072463768116,
      "recall": 0.4962962962962963,
      "f1": 0.4908424908424908,
      "pr_auc": 0.36840036985296265,
      "roc_auc": 0.6955357142857143,
      "tn": 601,
      "fp": 71,
      "fn": 68,
      "tp": 67,
      "fpr": 0.1056547619047619,
      "fnr": 0.5037037037037037,
      "gate_pass_rate": 0.19950433705080545,
      "gate_recall_on_fall": 0.5037037037037037,
      "gate_fpr_on_non_fall": 0.13839285714285715
    },
    "WEDA": {
      "n_rows": 1473,
      "fall_ratio": 0.2837746096401901,
      "accuracy": 0.801765105227427,
      "precision": 0.622568093385214,
      "recall": 0.7655502392344498,
      "f1": 0.6866952789699571,
      "pr_auc": 0.7726192989088042,
      "roc_auc": 0.8579004059048958,
      "tn": 861,
      "fp": 194,
      "fn": 98,
      "tp": 320,
      "fpr": 0.18388625592417063,
      "fnr": 0.23444976076555024,
      "gate_pass_rate": 0.988458927359131,
      "gate_recall_on_fall": 0.9736842105263158,
      "gate_fpr_on_non_fall": 0.9943127962085309
    }
  },
  "test_per_source": {
    "WEDA": {
      "n_rows": 1475,
      "fall_ratio": 0.28067796610169493,
      "accuracy": 0.76,
      "precision": 0.5496688741721855,
      "recall": 0.8019323671497585,
      "f1": 0.6522593320235757,
      "pr_auc": 0.7716746850458253,
      "roc_auc": 0.8650188729072472,
      "tn": 789,
      "fp": 272,
      "fn": 82,
      "tp": 332,
      "fpr": 0.2563619227144204,
      "fnr": 0.19806763285024154,
      "gate_pass_rate": 0.9871186440677966,
      "gate_recall_on_fall": 0.9855072463768116,
      "gate_fpr_on_non_fall": 0.9877474081055608
    }
  }
}