{
  "config": {
    "gate_feature": "acc_mag_std",
    "gate_threshold": 0.027832869085217017,
    "gate_op": ">=",
    "decision_threshold": 0.5499999999999999,
    "min_gate_recall_requested": 0.9,
    "gate_source_for_search": "ALL",
    "drop_source": false,
    "rf_trees": 40,
    "rf_max_depth": 12,
    "rf_min_samples_leaf": 6,
    "random_state": 42,
    "n_stage2_train_rows": 7677,
    "n_stage2_train_fall": 2238,
    "n_stage2_train_non_fall": 5439
  },
  "validation": {
    "n_rows": 2280,
    "fall_ratio": 0.2425438596491228,
    "accuracy": 0.8416666666666667,
    "precision": 0.7253521126760564,
    "recall": 0.5587703435804702,
    "f1": 0.6312563840653729,
    "pr_auc": 0.7116228866097545,
    "roc_auc": 0.8314970927645281,
    "tn": 1610,
    "fp": 117,
    "fn": 244,
    "tp": 309,
    "fpr": 0.0677475390851187,
    "fnr": 0.4412296564195298,
    "gate_pass_rate": 0.7526315789473684,
    "gate_recall_on_fall": 0.9041591320072333,
    "gate_fpr_on_non_fall": 0.704111175448755
  },
  "test": {
    "n_rows": 1475,
    "fall_ratio": 0.28067796610169493,
    "accuracy": 0.8352542372881356,
    "precision": 0.7050359712230215,
    "recall": 0.7101449275362319,
    "f1": 0.7075812274368231,
    "pr_auc": 0.8150489582003799,
    "roc_auc": 0.9028967294549396,
    "tn": 938,
    "fp": 123,
    "fn": 120,
    "tp": 294,
    "fpr": 0.11592836946277098,
    "fnr": 0.2898550724637681,
    "gate_pass_rate": 1.0,
    "gate_recall_on_fall": 1.0,
    "gate_fpr_on_non_fall": 1.0
  },
  "validation_per_source": {
    "UP": {
      "n_rows": 807,
      "fall_ratio": 0.16728624535315986,
      "accuracy": 0.8178438661710037,
      "precision": 0.44339622641509435,
      "recall": 0.34814814814814815,
      "f1": 0.3900414937759336,
      "pr_auc": 0.3329600676086507,
      "roc_auc": 0.6933256172839506,
      "tn": 613,
      "fp": 59,
      "fn": 88,
      "tp": 47,
      "fpr": 0.08779761904761904,
      "fnr": 0.6518518518518519,
      "gate_pass_rate": 0.30111524163568776,
      "gate_recall_on_fall": 0.6074074074074074,
      "gate_fpr_on_non_fall": 0.23958333333333334
    },
    "WEDA": {
      "n_rows": 1473,
      "fall_ratio": 0.2837746096401901,
      "accuracy": 0.8547182620502376,
      "precision": 0.81875,
      "recall": 0.6267942583732058,
      "f1": 0.7100271002710027,
      "pr_auc": 0.8219940973215124,
      "roc_auc": 0.8982040409079571,
      "tn": 997,
      "fp": 58,
      "fn": 156,
      "tp": 262,
      "fpr": 0.054976303317535544,
      "fnr": 0.37320574162679426,
      "gate_pass_rate": 1.0,
      "gate_recall_on_fall": 1.0,
      "gate_fpr_on_non_fall": 1.0
    }
  },
  "test_per_source": {
    "WEDA": {
      "n_rows": 1475,
      "fall_ratio": 0.28067796610169493,
      "accuracy": 0.8352542372881356,
      "precision": 0.7050359712230215,
      "recall": 0.7101449275362319,
      "f1": 0.7075812274368231,
      "pr_auc": 0.8150489582003799,
      "roc_auc": 0.9028967294549396,
      "tn": 938,
      "fp": 123,
      "fn": 120,
      "tp": 294,
      "fpr": 0.11592836946277098,
      "fnr": 0.2898550724637681,
      "gate_pass_rate": 1.0,
      "gate_recall_on_fall": 1.0,
      "gate_fpr_on_non_fall": 1.0
    }
  }
}