{
  "config": {
    "gate_feature": "acc_mag_std",
    "gate_threshold": 0.027832869085217017,
    "gate_op": ">=",
    "decision_threshold": 0.49499999999999994,
    "min_gate_recall_requested": 0.9,
    "gate_source_for_search": "ALL",
    "drop_source": true,
    "rf_trees": 12,
    "rf_max_depth": 8,
    "rf_min_samples_leaf": 5,
    "random_state": 42,
    "n_stage2_train_rows": 7677,
    "n_stage2_train_fall": 2238,
    "n_stage2_train_non_fall": 5439
  },
  "validation": {
    "n_rows": 2280,
    "fall_ratio": 0.2425438596491228,
    "accuracy": 0.8263157894736842,
    "precision": 0.659877800407332,
    "recall": 0.5858951175406871,
    "f1": 0.6206896551724138,
    "pr_auc": 0.6814053489316277,
    "roc_auc": 0.8209717799736342,
    "tn": 1560,
    "fp": 167,
    "fn": 229,
    "tp": 324,
    "fpr": 0.09669947886508395,
    "fnr": 0.4141048824593128,
    "gate_pass_rate": 0.7526315789473684,
    "gate_recall_on_fall": 0.9041591320072333,
    "gate_fpr_on_non_fall": 0.704111175448755
  },
  "test": {
    "n_rows": 1475,
    "fall_ratio": 0.28067796610169493,
    "accuracy": 0.8250847457627118,
    "precision": 0.6585365853658537,
    "recall": 0.782608695652174,
    "f1": 0.7152317880794702,
    "pr_auc": 0.8065405739739968,
    "roc_auc": 0.8911768589472151,
    "tn": 893,
    "fp": 168,
    "fn": 90,
    "tp": 324,
    "fpr": 0.1583411875589067,
    "fnr": 0.21739130434782608,
    "gate_pass_rate": 1.0,
    "gate_recall_on_fall": 1.0,
    "gate_fpr_on_non_fall": 1.0
  },
  "validation_per_source": {
    "UP": {
      "n_rows": 807,
      "fall_ratio": 0.16728624535315986,
      "accuracy": 0.8116480793060719,
      "precision": 0.42342342342342343,
      "recall": 0.34814814814814815,
      "f1": 0.3821138211382114,
      "pr_auc": 0.32722748900045795,
      "roc_auc": 0.6931272045855379,
      "tn": 608,
      "fp": 64,
      "fn": 88,
      "tp": 47,
      "fpr": 0.09523809523809523,
      "fnr": 0.6518518518518519,
      "gate_pass_rate": 0.30111524163568776,
      "gate_recall_on_fall": 0.6074074074074074,
      "gate_fpr_on_non_fall": 0.23958333333333334
    },
    "WEDA": {
      "n_rows": 1473,
      "fall_ratio": 0.2837746096401901,
      "accuracy": 0.8343516632722335,
      "precision": 0.7289473684210527,
      "recall": 0.6626794258373205,
      "f1": 0.6942355889724311,
      "pr_auc": 0.7796331430314916,
      "roc_auc": 0.880958751899136,
      "tn": 952,
      "fp": 103,
      "fn": 141,
      "tp": 277,
      "fpr": 0.0976303317535545,
      "fnr": 0.3373205741626794,
      "gate_pass_rate": 1.0,
      "gate_recall_on_fall": 1.0,
      "gate_fpr_on_non_fall": 1.0
    }
  },
  "test_per_source": {
    "WEDA": {
      "n_rows": 1475,
      "fall_ratio": 0.28067796610169493,
      "accuracy": 0.8250847457627118,
      "precision": 0.6585365853658537,
      "recall": 0.782608695652174,
      "f1": 0.7152317880794702,
      "pr_auc": 0.8065405739739968,
      "roc_auc": 0.8911768589472151,
      "tn": 893,
      "fp": 168,
      "fn": 90,
      "tp": 324,
      "fpr": 0.1583411875589067,
      "fnr": 0.21739130434782608,
      "gate_pass_rate": 1.0,
      "gate_recall_on_fall": 1.0,
      "gate_fpr_on_non_fall": 1.0
    }
  }
}