{
  "config": {
    "gate_feature": "acc_mag_std",
    "gate_threshold": 0.027832869085217017,
    "gate_op": ">=",
    "decision_threshold": 0.4799999999999999,
    "min_gate_recall_requested": 0.9,
    "gate_source_for_search": "ALL",
    "drop_source": true,
    "rf_trees": 40,
    "rf_max_depth": 10,
    "rf_min_samples_leaf": 2,
    "random_state": 42,
    "n_stage2_train_rows": 7677,
    "n_stage2_train_fall": 2238,
    "n_stage2_train_non_fall": 5439
  },
  "validation": {
    "n_rows": 2280,
    "fall_ratio": 0.2425438596491228,
    "accuracy": 0.8364035087719298,
    "precision": 0.6750972762645915,
    "recall": 0.6274864376130199,
    "f1": 0.6504217432052484,
    "pr_auc": 0.7220120105921195,
    "roc_auc": 0.8325242845520198,
    "tn": 1560,
    "fp": 167,
    "fn": 206,
    "tp": 347,
    "fpr": 0.09669947886508395,
    "fnr": 0.37251356238698013,
    "gate_pass_rate": 0.7526315789473684,
    "gate_recall_on_fall": 0.9041591320072333,
    "gate_fpr_on_non_fall": 0.704111175448755
  },
  "test": {
    "n_rows": 1475,
    "fall_ratio": 0.28067796610169493,
    "accuracy": 0.8366101694915254,
    "precision": 0.6813417190775681,
    "recall": 0.785024154589372,
    "f1": 0.7295173961840629,
    "pr_auc": 0.8161584186079952,
    "roc_auc": 0.9025711774963918,
    "tn": 909,
    "fp": 152,
    "fn": 89,
    "tp": 325,
    "fpr": 0.14326107445805844,
    "fnr": 0.21497584541062803,
    "gate_pass_rate": 1.0,
    "gate_recall_on_fall": 1.0,
    "gate_fpr_on_non_fall": 1.0
  },
  "validation_per_source": {
    "UP": {
      "n_rows": 807,
      "fall_ratio": 0.16728624535315986,
      "accuracy": 0.8004956629491945,
      "precision": 0.40298507462686567,
      "recall": 0.4,
      "f1": 0.40148698884758366,
      "pr_auc": 0.3616159613948057,
      "roc_auc": 0.7016920194003526,
      "tn": 592,
      "fp": 80,
      "fn": 81,
      "tp": 54,
      "fpr": 0.11904761904761904,
      "fnr": 0.6,
      "gate_pass_rate": 0.30111524163568776,
      "gate_recall_on_fall": 0.6074074074074074,
      "gate_fpr_on_non_fall": 0.23958333333333334
    },
    "WEDA": {
      "n_rows": 1473,
      "fall_ratio": 0.2837746096401901,
      "accuracy": 0.8560760353021045,
      "precision": 0.7710526315789473,
      "recall": 0.7009569377990431,
      "f1": 0.7343358395989975,
      "pr_auc": 0.8209077056610595,
      "roc_auc": 0.8955531871471007,
      "tn": 968,
      "fp": 87,
      "fn": 125,
      "tp": 293,
      "fpr": 0.08246445497630332,
      "fnr": 0.29904306220095694,
      "gate_pass_rate": 1.0,
      "gate_recall_on_fall": 1.0,
      "gate_fpr_on_non_fall": 1.0
    }
  },
  "test_per_source": {
    "WEDA": {
      "n_rows": 1475,
      "fall_ratio": 0.28067796610169493,
      "accuracy": 0.8366101694915254,
      "precision": 0.6813417190775681,
      "recall": 0.785024154589372,
      "f1": 0.7295173961840629,
      "pr_auc": 0.8161584186079952,
      "roc_auc": 0.9025711774963918,
      "tn": 909,
      "fp": 152,
      "fn": 89,
      "tp": 325,
      "fpr": 0.14326107445805844,
      "fnr": 0.21497584541062803,
      "gate_pass_rate": 1.0,
      "gate_recall_on_fall": 1.0,
      "gate_fpr_on_non_fall": 1.0
    }
  }
}