{
  "config": {
    "gate_feature": "acc_mag_std",
    "gate_threshold": 0.027832869085217017,
    "gate_op": ">=",
    "decision_threshold": 0.5249999999999999,
    "min_gate_recall_requested": 0.9,
    "gate_source_for_search": "ALL",
    "drop_source": false,
    "rf_trees": 8,
    "rf_max_depth": 6,
    "rf_min_samples_leaf": 4,
    "random_state": 42,
    "n_stage2_train_rows": 7677,
    "n_stage2_train_fall": 2238,
    "n_stage2_train_non_fall": 5439
  },
  "validation": {
    "n_rows": 2280,
    "fall_ratio": 0.2425438596491228,
    "accuracy": 0.8324561403508772,
    "precision": 0.6699801192842942,
    "recall": 0.6094032549728752,
    "f1": 0.6382575757575758,
    "pr_auc": 0.6937804464998283,
    "roc_auc": 0.8230989360554789,
    "tn": 1561,
    "fp": 166,
    "fn": 216,
    "tp": 337,
    "fpr": 0.09612044006948466,
    "fnr": 0.39059674502712477,
    "gate_pass_rate": 0.7526315789473684,
    "gate_recall_on_fall": 0.9041591320072333,
    "gate_fpr_on_non_fall": 0.704111175448755
  },
  "test": {
    "n_rows": 1475,
    "fall_ratio": 0.28067796610169493,
    "accuracy": 0.8196610169491525,
    "precision": 0.6644444444444444,
    "recall": 0.7222222222222222,
    "f1": 0.6921296296296297,
    "pr_auc": 0.7755172127583483,
    "roc_auc": 0.8567355106612574,
    "tn": 910,
    "fp": 151,
    "fn": 115,
    "tp": 299,
    "fpr": 0.1423185673892554,
    "fnr": 0.2777777777777778,
    "gate_pass_rate": 1.0,
    "gate_recall_on_fall": 1.0,
    "gate_fpr_on_non_fall": 1.0
  },
  "validation_per_source": {
    "UP": {
      "n_rows": 807,
      "fall_ratio": 0.16728624535315986,
      "accuracy": 0.8327137546468402,
      "precision": 0.5,
      "recall": 0.32592592592592595,
      "f1": 0.39461883408071746,
      "pr_auc": 0.3524077524471475,
      "roc_auc": 0.7028218694885361,
      "tn": 628,
      "fp": 44,
      "fn": 91,
      "tp": 44,
      "fpr": 0.06547619047619048,
      "fnr": 0.674074074074074,
      "gate_pass_rate": 0.30111524163568776,
      "gate_recall_on_fall": 0.6074074074074074,
      "gate_fpr_on_non_fall": 0.23958333333333334
    },
    "WEDA": {
      "n_rows": 1473,
      "fall_ratio": 0.2837746096401901,
      "accuracy": 0.8323150033944331,
      "precision": 0.7060240963855422,
      "recall": 0.7009569377990431,
      "f1": 0.7034813925570228,
      "pr_auc": 0.7785873199529137,
      "roc_auc": 0.8722941563300755,
      "tn": 933,
      "fp": 122,
      "fn": 125,
      "tp": 293,
      "fpr": 0.11563981042654028,
      "fnr": 0.29904306220095694,
      "gate_pass_rate": 1.0,
      "gate_recall_on_fall": 1.0,
      "gate_fpr_on_non_fall": 1.0
    }
  },
  "test_per_source": {
    "WEDA": {
      "n_rows": 1475,
      "fall_ratio": 0.28067796610169493,
      "accuracy": 0.8196610169491525,
      "precision": 0.6644444444444444,
      "recall": 0.7222222222222222,
      "f1": 0.6921296296296297,
      "pr_auc": 0.7755172127583483,
      "roc_auc": 0.8567355106612574,
      "tn": 910,
      "fp": 151,
      "fn": 115,
      "tp": 299,
      "fpr": 0.1423185673892554,
      "fnr": 0.2777777777777778,
      "gate_pass_rate": 1.0,
      "gate_recall_on_fall": 1.0,
      "gate_fpr_on_non_fall": 1.0
    }
  }
}