{
    "accuracy": 0.8861940298507462,
    "precision": 0.8438538205980066,
    "recall": 0.9477611940298507,
    "f1": 0.8927943760984183,
    "false_alarm_rate": 0.17537313432835822,
    "miss_rate": 0.05223880597014925
}