{
  "config": {
    "gate_feature": "acc_mag_std",
    "gate_threshold": 0.008592049936601925,
    "gate_op": ">=",
    "decision_threshold": 0.4599999999999999,
    "min_gate_recall_requested": 0.93,
    "gate_source_for_search": "ALL",
    "drop_source": false,
    "rf_trees": 8,
    "rf_max_depth": 6,
    "rf_min_samples_leaf": 4,
    "random_state": 42,
    "n_stage2_train_rows": 8093,
    "n_stage2_train_fall": 2308,
    "n_stage2_train_non_fall": 5785
  },
  "validation": {
    "n_rows": 2280,
    "fall_ratio": 0.2425438596491228,
    "accuracy": 0.8013157894736842,
    "precision": 0.5771604938271605,
    "recall": 0.6763110307414105,
    "f1": 0.6228143213988343,
    "pr_auc": 0.6862032258933306,
    "roc_auc": 0.8244596248708158,
    "tn": 1453,
    "fp": 274,
    "fn": 179,
    "tp": 374,
    "fpr": 0.15865662999420962,
    "fnr": 0.32368896925858953,
    "gate_pass_rate": 0.8057017543859649,
    "gate_recall_on_fall": 0.9312839059674503,
    "gate_fpr_on_non_fall": 0.7654892877822814
  },
  "test": {
    "n_rows": 1475,
    "fall_ratio": 0.28067796610169493,
    "accuracy": 0.7796610169491526,
    "precision": 0.575809199318569,
    "recall": 0.8164251207729468,
    "f1": 0.6753246753246753,
    "pr_auc": 0.7605279008722788,
    "roc_auc": 0.8726477163554571,
    "tn": 812,
    "fp": 249,
    "fn": 76,
    "tp": 338,
    "fpr": 0.23468426013195098,
    "fnr": 0.18357487922705315,
    "gate_pass_rate": 1.0,
    "gate_recall_on_fall": 1.0,
    "gate_fpr_on_non_fall": 1.0
  },
  "validation_per_source": {
    "UP": {
      "n_rows": 807,
      "fall_ratio": 0.16728624535315986,
      "accuracy": 0.7794299876084263,
      "precision": 0.35570469798657717,
      "recall": 0.3925925925925926,
      "f1": 0.3732394366197183,
      "pr_auc": 0.31874964814047135,
      "roc_auc": 0.6809468694885361,
      "tn": 576,
      "fp": 96,
      "fn": 82,
      "tp": 53,
      "fpr": 0.14285714285714285,
      "fnr": 0.6074074074074074,
      "gate_pass_rate": 0.4510532837670384,
      "gate_recall_on_fall": 0.7185185185185186,
      "gate_fpr_on_non_fall": 0.39732142857142855
    },
    "WEDA": {
      "n_rows": 1473,
      "fall_ratio": 0.2837746096401901,
      "accuracy": 0.813306177868296,
      "precision": 0.6432865731462926,
      "recall": 0.7679425837320574,
      "f1": 0.7001090512540894,
      "pr_auc": 0.783453392359381,
      "roc_auc": 0.8832966733939545,
      "tn": 877,
      "fp": 178,
      "fn": 97,
      "tp": 321,
      "fpr": 0.16872037914691942,
      "fnr": 0.23205741626794257,
      "gate_pass_rate": 1.0,
      "gate_recall_on_fall": 1.0,
      "gate_fpr_on_non_fall": 1.0
    }
  },
  "test_per_source": {
    "WEDA": {
      "n_rows": 1475,
      "fall_ratio": 0.28067796610169493,
      "accuracy": 0.7796610169491526,
      "precision": 0.575809199318569,
      "recall": 0.8164251207729468,
      "f1": 0.6753246753246753,
      "pr_auc": 0.7605279008722788,
      "roc_auc": 0.8726477163554571,
      "tn": 812,
      "fp": 249,
      "fn": 76,
      "tp": 338,
      "fpr": 0.23468426013195098,
      "fnr": 0.18357487922705315,
      "gate_pass_rate": 1.0,
      "gate_recall_on_fall": 1.0,
      "gate_fpr_on_non_fall": 1.0
    }
  }
}