{
  "config": {
    "gate_feature": "gyro_mag_mean",
    "gate_threshold": 3.0909158145027127,
    "gate_op": "<=",
    "decision_threshold": 0.4099999999999999,
    "min_gate_recall_requested": 0.95,
    "gate_source_for_search": "WEDA",
    "drop_source": false,
    "rf_trees": 8,
    "rf_max_depth": 6,
    "rf_min_samples_leaf": 4,
    "random_state": 42,
    "n_stage2_train_rows": 7030,
    "n_stage2_train_fall": 1978,
    "n_stage2_train_non_fall": 5052
  },
  "validation": {
    "n_rows": 2280,
    "fall_ratio": 0.2425438596491228,
    "accuracy": 0.7986842105263158,
    "precision": 0.5848375451263538,
    "recall": 0.5858951175406871,
    "f1": 0.5853658536585366,
    "pr_auc": 0.6297094684893328,
    "roc_auc": 0.7175196407237043,
    "tn": 1497,
    "fp": 230,
    "fn": 229,
    "tp": 324,
    "fpr": 0.13317892298784018,
    "fnr": 0.4141048824593128,
    "gate_pass_rate": 0.7271929824561404,
    "gate_recall_on_fall": 0.7486437613019892,
    "gate_fpr_on_non_fall": 0.7203242617255357
  },
  "test": {
    "n_rows": 1475,
    "fall_ratio": 0.28067796610169493,
    "accuracy": 0.7783050847457628,
    "precision": 0.5728643216080402,
    "recall": 0.8260869565217391,
    "f1": 0.6765578635014837,
    "pr_auc": 0.7610256826006158,
    "roc_auc": 0.8694013031184691,
    "tn": 806,
    "fp": 255,
    "fn": 72,
    "tp": 342,
    "fpr": 0.2403393025447691,
    "fnr": 0.17391304347826086,
    "gate_pass_rate": 0.9559322033898305,
    "gate_recall_on_fall": 0.9710144927536232,
    "gate_fpr_on_non_fall": 0.9500471253534402
  },
  "validation_per_source": {
    "UP": {
      "n_rows": 807,
      "fall_ratio": 0.16728624535315986,
      "accuracy": 0.828996282527881,
      "precision": 0.3333333333333333,
      "recall": 0.022222222222222223,
      "f1": 0.041666666666666664,
      "pr_auc": 0.165971999817286,
      "roc_auc": 0.328450176366843,
      "tn": 666,
      "fp": 6,
      "fn": 132,
      "tp": 3,
      "fpr": 0.008928571428571428,
      "fnr": 0.9777777777777777,
      "gate_pass_rate": 0.3952912019826518,
      "gate_recall_on_fall": 0.11851851851851852,
      "gate_fpr_on_non_fall": 0.45089285714285715
    },
    "WEDA": {
      "n_rows": 1473,
      "fall_ratio": 0.2837746096401901,
      "accuracy": 0.7820773930753564,
      "precision": 0.5889908256880734,
      "recall": 0.7679425837320574,
      "f1": 0.6666666666666666,
      "pr_auc": 0.7564030458361781,
      "roc_auc": 0.8496213066055919,
      "tn": 831,
      "fp": 224,
      "fn": 97,
      "tp": 321,
      "fpr": 0.2123222748815166,
      "fnr": 0.23205741626794257,
      "gate_pass_rate": 0.9090291921249152,
      "gate_recall_on_fall": 0.9521531100478469,
      "gate_fpr_on_non_fall": 0.8919431279620853
    }
  },
  "test_per_source": {
    "WEDA": {
      "n_rows": 1475,
      "fall_ratio": 0.28067796610169493,
      "accuracy": 0.7783050847457628,
      "precision": 0.5728643216080402,
      "recall": 0.8260869565217391,
      "f1": 0.6765578635014837,
      "pr_auc": 0.7610256826006158,
      "roc_auc": 0.8694013031184691,
      "tn": 806,
      "fp": 255,
      "fn": 72,
      "tp": 342,
      "fpr": 0.2403393025447691,
      "fnr": 0.17391304347826086,
      "gate_pass_rate": 0.9559322033898305,
      "gate_recall_on_fall": 0.9710144927536232,
      "gate_fpr_on_non_fall": 0.9500471253534402
    }
  }
}