{
  "config": {
    "gate_feature": "acc_mag_std",
    "gate_threshold": 0.027832869085217017,
    "gate_op": ">=",
    "decision_threshold": 0.5549999999999999,
    "min_gate_recall_requested": 0.9,
    "gate_source_for_search": "ALL",
    "drop_source": false,
    "rf_trees": 30,
    "rf_max_depth": 12,
    "rf_min_samples_leaf": 6,
    "random_state": 42,
    "n_stage2_train_rows": 7677,
    "n_stage2_train_fall": 2238,
    "n_stage2_train_non_fall": 5439
  },
  "validation": {
    "n_rows": 2280,
    "fall_ratio": 0.2425438596491228,
    "accuracy": 0.8381578947368421,
    "precision": 0.7119815668202765,
    "recall": 0.5587703435804702,
    "f1": 0.6261398176291794,
    "pr_auc": 0.7080229797774256,
    "roc_auc": 0.8298584025021177,
    "tn": 1602,
    "fp": 125,
    "fn": 244,
    "tp": 309,
    "fpr": 0.07237984944991314,
    "fnr": 0.4412296564195298,
    "gate_pass_rate": 0.7526315789473684,
    "gate_recall_on_fall": 0.9041591320072333,
    "gate_fpr_on_non_fall": 0.704111175448755
  },
  "test": {
    "n_rows": 1475,
    "fall_ratio": 0.28067796610169493,
    "accuracy": 0.84,
    "precision": 0.7181372549019608,
    "recall": 0.7077294685990339,
    "f1": 0.7128953771289538,
    "pr_auc": 0.8169076550853902,
    "roc_auc": 0.9033884722734454,
    "tn": 946,
    "fp": 115,
    "fn": 121,
    "tp": 293,
    "fpr": 0.10838831291234684,
    "fnr": 0.2922705314009662,
    "gate_pass_rate": 1.0,
    "gate_recall_on_fall": 1.0,
    "gate_fpr_on_non_fall": 1.0
  },
  "validation_per_source": {
    "UP": {
      "n_rows": 807,
      "fall_ratio": 0.16728624535315986,
      "accuracy": 0.8042131350681536,
      "precision": 0.40336134453781514,
      "recall": 0.35555555555555557,
      "f1": 0.3779527559055118,
      "pr_auc": 0.334489708581596,
      "roc_auc": 0.6914296737213403,
      "tn": 601,
      "fp": 71,
      "fn": 87,
      "tp": 48,
      "fpr": 0.1056547619047619,
      "fnr": 0.6444444444444445,
      "gate_pass_rate": 0.30111524163568776,
      "gate_recall_on_fall": 0.6074074074074074,
      "gate_fpr_on_non_fall": 0.23958333333333334
    },
    "WEDA": {
      "n_rows": 1473,
      "fall_ratio": 0.2837746096401901,
      "accuracy": 0.856754921928038,
      "precision": 0.8285714285714286,
      "recall": 0.6244019138755981,
      "f1": 0.7121418826739427,
      "pr_auc": 0.8201952998963621,
      "roc_auc": 0.8963899408149845,
      "tn": 1001,
      "fp": 54,
      "fn": 157,
      "tp": 261,
      "fpr": 0.05118483412322275,
      "fnr": 0.37559808612440193,
      "gate_pass_rate": 1.0,
      "gate_recall_on_fall": 1.0,
      "gate_fpr_on_non_fall": 1.0
    }
  },
  "test_per_source": {
    "WEDA": {
      "n_rows": 1475,
      "fall_ratio": 0.28067796610169493,
      "accuracy": 0.84,
      "precision": 0.7181372549019608,
      "recall": 0.7077294685990339,
      "f1": 0.7128953771289538,
      "pr_auc": 0.8169076550853902,
      "roc_auc": 0.9033884722734454,
      "tn": 946,
      "fp": 115,
      "fn": 121,
      "tp": 293,
      "fpr": 0.10838831291234684,
      "fnr": 0.2922705314009662,
      "gate_pass_rate": 1.0,
      "gate_recall_on_fall": 1.0,
      "gate_fpr_on_non_fall": 1.0
    }
  }
}