{
  "config": {
    "gate_feature": "acc_mag_std",
    "gate_threshold": 0.027832869085217017,
    "gate_op": ">=",
    "decision_threshold": 0.4649999999999999,
    "min_gate_recall_requested": 0.9,
    "gate_source_for_search": "ALL",
    "drop_source": false,
    "rf_trees": 14,
    "rf_max_depth": 8,
    "rf_min_samples_leaf": 5,
    "random_state": 42,
    "n_stage2_train_rows": 7677,
    "n_stage2_train_fall": 2238,
    "n_stage2_train_non_fall": 5439
  },
  "validation": {
    "n_rows": 2280,
    "fall_ratio": 0.2425438596491228,
    "accuracy": 0.8078947368421052,
    "precision": 0.5899843505477308,
    "recall": 0.6817359855334539,
    "f1": 0.6325503355704698,
    "pr_auc": 0.7028502059560695,
    "roc_auc": 0.8289207366043617,
    "tn": 1465,
    "fp": 262,
    "fn": 176,
    "tp": 377,
    "fpr": 0.15170816444701796,
    "fnr": 0.3182640144665461,
    "gate_pass_rate": 0.7526315789473684,
    "gate_recall_on_fall": 0.9041591320072333,
    "gate_fpr_on_non_fall": 0.704111175448755
  },
  "test": {
    "n_rows": 1475,
    "fall_ratio": 0.28067796610169493,
    "accuracy": 0.7959322033898305,
    "precision": 0.6010733452593918,
    "recall": 0.8115942028985508,
    "f1": 0.6906474820143885,
    "pr_auc": 0.7849092920921746,
    "roc_auc": 0.8771018590610442,
    "tn": 838,
    "fp": 223,
    "fn": 78,
    "tp": 336,
    "fpr": 0.21017907634307256,
    "fnr": 0.18840579710144928,
    "gate_pass_rate": 1.0,
    "gate_recall_on_fall": 1.0,
    "gate_fpr_on_non_fall": 1.0
  },
  "validation_per_source": {
    "UP": {
      "n_rows": 807,
      "fall_ratio": 0.16728624535315986,
      "accuracy": 0.758364312267658,
      "precision": 0.3404255319148936,
      "recall": 0.4740740740740741,
      "f1": 0.39628482972136225,
      "pr_auc": 0.355422587120416,
      "roc_auc": 0.6943287037037037,
      "tn": 548,
      "fp": 124,
      "fn": 71,
      "tp": 64,
      "fpr": 0.18452380952380953,
      "fnr": 0.5259259259259259,
      "gate_pass_rate": 0.30111524163568776,
      "gate_recall_on_fall": 0.6074074074074074,
      "gate_fpr_on_non_fall": 0.23958333333333334
    },
    "WEDA": {
      "n_rows": 1473,
      "fall_ratio": 0.2837746096401901,
      "accuracy": 0.835030549898167,
      "precision": 0.6940133037694013,
      "recall": 0.7488038277511961,
      "f1": 0.7203682393555811,
      "pr_auc": 0.800282321791571,
      "roc_auc": 0.8920213610285948,
      "tn": 917,
      "fp": 138,
      "fn": 105,
      "tp": 313,
      "fpr": 0.13080568720379146,
      "fnr": 0.2511961722488038,
      "gate_pass_rate": 1.0,
      "gate_recall_on_fall": 1.0,
      "gate_fpr_on_non_fall": 1.0
    }
  },
  "test_per_source": {
    "WEDA": {
      "n_rows": 1475,
      "fall_ratio": 0.28067796610169493,
      "accuracy": 0.7959322033898305,
      "precision": 0.6010733452593918,
      "recall": 0.8115942028985508,
      "f1": 0.6906474820143885,
      "pr_auc": 0.7849092920921746,
      "roc_auc": 0.8771018590610442,
      "tn": 838,
      "fp": 223,
      "fn": 78,
      "tp": 336,
      "fpr": 0.21017907634307256,
      "fnr": 0.18840579710144928,
      "gate_pass_rate": 1.0,
      "gate_recall_on_fall": 1.0,
      "gate_fpr_on_non_fall": 1.0
    }
  }
}