{
  "config": {
    "gate_feature": "gyro_mag_mean",
    "gate_threshold": 2.350621882788164,
    "gate_op": "<=",
    "decision_threshold": 0.4149999999999999,
    "min_gate_recall_requested": 0.85,
    "gate_source_for_search": "WEDA",
    "drop_source": false,
    "rf_trees": 8,
    "rf_max_depth": 6,
    "rf_min_samples_leaf": 8,
    "random_state": 42,
    "n_stage2_train_rows": 6290,
    "n_stage2_train_fall": 1736,
    "n_stage2_train_non_fall": 4554
  },
  "validation": {
    "n_rows": 2280,
    "fall_ratio": 0.2425438596491228,
    "accuracy": 0.7947368421052632,
    "precision": 0.5876288659793815,
    "recall": 0.515370705244123,
    "f1": 0.5491329479768786,
    "pr_auc": 0.5606662403687801,
    "roc_auc": 0.666929659874915,
    "tn": 1527,
    "fp": 200,
    "fn": 268,
    "tp": 285,
    "fpr": 0.11580775911986103,
    "fnr": 0.484629294755877,
    "gate_pass_rate": 0.6644736842105263,
    "gate_recall_on_fall": 0.6708860759493671,
    "gate_fpr_on_non_fall": 0.6624203821656051
  },
  "test": {
    "n_rows": 1475,
    "fall_ratio": 0.28067796610169493,
    "accuracy": 0.7633898305084745,
    "precision": 0.5567190226876091,
    "recall": 0.7705314009661836,
    "f1": 0.646403242147923,
    "pr_auc": 0.7178456923157616,
    "roc_auc": 0.8122362004671557,
    "tn": 807,
    "fp": 254,
    "fn": 95,
    "tp": 319,
    "fpr": 0.23939679547596607,
    "fnr": 0.22946859903381642,
    "gate_pass_rate": 0.8698305084745763,
    "gate_recall_on_fall": 0.9033816425120773,
    "gate_fpr_on_non_fall": 0.8567389255419415
  },
  "validation_per_source": {
    "UP": {
      "n_rows": 807,
      "fall_ratio": 0.16728624535315986,
      "accuracy": 0.8277571251548946,
      "precision": 0.375,
      "recall": 0.044444444444444446,
      "f1": 0.07947019867549669,
      "pr_auc": 0.1833372360878171,
      "roc_auc": 0.35293209876543213,
      "tn": 662,
      "fp": 10,
      "fn": 129,
      "tp": 6,
      "fpr": 0.01488095238095238,
      "fnr": 0.9555555555555556,
      "gate_pass_rate": 0.3630731102850062,
      "gate_recall_on_fall": 0.1111111111111111,
      "gate_fpr_on_non_fall": 0.41369047619047616
    },
    "WEDA": {
      "n_rows": 1473,
      "fall_ratio": 0.2837746096401901,
      "accuracy": 0.7766463000678887,
      "precision": 0.5948827292110874,
      "recall": 0.6674641148325359,
      "f1": 0.629086809470124,
      "pr_auc": 0.6732663912049128,
      "roc_auc": 0.7734427084514388,
      "tn": 865,
      "fp": 190,
      "fn": 139,
      "tp": 279,
      "fpr": 0.18009478672985782,
      "fnr": 0.33253588516746413,
      "gate_pass_rate": 0.8295994568906992,
      "gate_recall_on_fall": 0.8516746411483254,
      "gate_fpr_on_non_fall": 0.8208530805687204
    }
  },
  "test_per_source": {
    "WEDA": {
      "n_rows": 1475,
      "fall_ratio": 0.28067796610169493,
      "accuracy": 0.7633898305084745,
      "precision": 0.5567190226876091,
      "recall": 0.7705314009661836,
      "f1": 0.646403242147923,
      "pr_auc": 0.7178456923157616,
      "roc_auc": 0.8122362004671557,
      "tn": 807,
      "fp": 254,
      "fn": 95,
      "tp": 319,
      "fpr": 0.23939679547596607,
      "fnr": 0.22946859903381642,
      "gate_pass_rate": 0.8698305084745763,
      "gate_recall_on_fall": 0.9033816425120773,
      "gate_fpr_on_non_fall": 0.8567389255419415
    }
  }
}