{
  "config": {
    "gate_feature": "acc_mag_std",
    "gate_threshold": 0.027832869085217017,
    "gate_op": ">=",
    "decision_threshold": 0.4749999999999999,
    "min_gate_recall_requested": 0.9,
    "gate_source_for_search": "ALL",
    "drop_source": false,
    "rf_trees": 60,
    "rf_max_depth": 10,
    "rf_min_samples_leaf": 2,
    "random_state": 42,
    "n_stage2_train_rows": 7677,
    "n_stage2_train_fall": 2238,
    "n_stage2_train_non_fall": 5439
  },
  "validation": {
    "n_rows": 2280,
    "fall_ratio": 0.2425438596491228,
    "accuracy": 0.8276315789473684,
    "precision": 0.649812734082397,
    "recall": 0.6274864376130199,
    "f1": 0.6384544618215271,
    "pr_auc": 0.712209991819204,
    "roc_auc": 0.8323117260067998,
    "tn": 1540,
    "fp": 187,
    "fn": 206,
    "tp": 347,
    "fpr": 0.10828025477707007,
    "fnr": 0.37251356238698013,
    "gate_pass_rate": 0.7526315789473684,
    "gate_recall_on_fall": 0.9041591320072333,
    "gate_fpr_on_non_fall": 0.704111175448755
  },
  "test": {
    "n_rows": 1475,
    "fall_ratio": 0.28067796610169493,
    "accuracy": 0.8352542372881356,
    "precision": 0.6784968684759917,
    "recall": 0.785024154589372,
    "f1": 0.7278835386338186,
    "pr_auc": 0.818131172420241,
    "roc_auc": 0.9070150755599266,
    "tn": 907,
    "fp": 154,
    "fn": 89,
    "tp": 325,
    "fpr": 0.14514608859566447,
    "fnr": 0.21497584541062803,
    "gate_pass_rate": 1.0,
    "gate_recall_on_fall": 1.0,
    "gate_fpr_on_non_fall": 1.0
  },
  "validation_per_source": {
    "UP": {
      "n_rows": 807,
      "fall_ratio": 0.16728624535315986,
      "accuracy": 0.7757125154894672,
      "precision": 0.35064935064935066,
      "recall": 0.4,
      "f1": 0.3737024221453287,
      "pr_auc": 0.32570410204498595,
      "roc_auc": 0.6915619488536155,
      "tn": 572,
      "fp": 100,
      "fn": 81,
      "tp": 54,
      "fpr": 0.1488095238095238,
      "fnr": 0.6,
      "gate_pass_rate": 0.30111524163568776,
      "gate_recall_on_fall": 0.6074074074074074,
      "gate_fpr_on_non_fall": 0.23958333333333334
    },
    "WEDA": {
      "n_rows": 1473,
      "fall_ratio": 0.2837746096401901,
      "accuracy": 0.8560760353021045,
      "precision": 0.7710526315789473,
      "recall": 0.7009569377990431,
      "f1": 0.7343358395989975,
      "pr_auc": 0.8213858830914189,
      "roc_auc": 0.9009251910474162,
      "tn": 968,
      "fp": 87,
      "fn": 125,
      "tp": 293,
      "fpr": 0.08246445497630332,
      "fnr": 0.29904306220095694,
      "gate_pass_rate": 1.0,
      "gate_recall_on_fall": 1.0,
      "gate_fpr_on_non_fall": 1.0
    }
  },
  "test_per_source": {
    "WEDA": {
      "n_rows": 1475,
      "fall_ratio": 0.28067796610169493,
      "accuracy": 0.8352542372881356,
      "precision": 0.6784968684759917,
      "recall": 0.785024154589372,
      "f1": 0.7278835386338186,
      "pr_auc": 0.818131172420241,
      "roc_auc": 0.9070150755599266,
      "tn": 907,
      "fp": 154,
      "fn": 89,
      "tp": 325,
      "fpr": 0.14514608859566447,
      "fnr": 0.21497584541062803,
      "gate_pass_rate": 1.0,
      "gate_recall_on_fall": 1.0,
      "gate_fpr_on_non_fall": 1.0
    }
  }
}