{
    "accuracy": 0.8768656716417911,
    "precision": 0.9007936507936508,
    "recall": 0.8470149253731343,
    "f1": 0.8730769230769231,
    "false_alarm_rate": 0.09328358208955224,
    "miss_rate": 0.15298507462686567,
    "confusion_matrix": [
        [
            486,
            50
        ],
        [
            82,
            454
        ]
    ]
}