{
  "config": {
    "gate_feature": "acc_mag_std",
    "gate_threshold": 0.027832869085217017,
    "gate_op": ">=",
    "decision_threshold": 0.5149999999999999,
    "min_gate_recall_requested": 0.9,
    "gate_source_for_search": "ALL",
    "drop_source": true,
    "rf_trees": 40,
    "rf_max_depth": 12,
    "rf_min_samples_leaf": 4,
    "random_state": 42,
    "n_stage2_train_rows": 7677,
    "n_stage2_train_fall": 2238,
    "n_stage2_train_non_fall": 5439
  },
  "validation": {
    "n_rows": 2280,
    "fall_ratio": 0.2425438596491228,
    "accuracy": 0.8381578947368421,
    "precision": 0.6949152542372882,
    "recall": 0.593128390596745,
    "f1": 0.64,
    "pr_auc": 0.7070631162458814,
    "roc_auc": 0.8307965919430887,
    "tn": 1583,
    "fp": 144,
    "fn": 225,
    "tp": 328,
    "fpr": 0.08338158656629995,
    "fnr": 0.40687160940325495,
    "gate_pass_rate": 0.7526315789473684,
    "gate_recall_on_fall": 0.9041591320072333,
    "gate_fpr_on_non_fall": 0.704111175448755
  },
  "test": {
    "n_rows": 1475,
    "fall_ratio": 0.28067796610169493,
    "accuracy": 0.8440677966101695,
    "precision": 0.7149532710280374,
    "recall": 0.7391304347826086,
    "f1": 0.7268408551068883,
    "pr_auc": 0.8157279387487381,
    "roc_auc": 0.9039325765957738,
    "tn": 939,
    "fp": 122,
    "fn": 108,
    "tp": 306,
    "fpr": 0.11498586239396795,
    "fnr": 0.2608695652173913,
    "gate_pass_rate": 1.0,
    "gate_recall_on_fall": 1.0,
    "gate_fpr_on_non_fall": 1.0
  },
  "validation_per_source": {
    "UP": {
      "n_rows": 807,
      "fall_ratio": 0.16728624535315986,
      "accuracy": 0.8128872366790583,
      "precision": 0.4322033898305085,
      "recall": 0.37777777777777777,
      "f1": 0.4031620553359684,
      "pr_auc": 0.3287718072940823,
      "roc_auc": 0.6969080687830688,
      "tn": 605,
      "fp": 67,
      "fn": 84,
      "tp": 51,
      "fpr": 0.09970238095238096,
      "fnr": 0.6222222222222222,
      "gate_pass_rate": 0.30111524163568776,
      "gate_recall_on_fall": 0.6074074074074074,
      "gate_fpr_on_non_fall": 0.23958333333333334
    },
    "WEDA": {
      "n_rows": 1473,
      "fall_ratio": 0.2837746096401901,
      "accuracy": 0.8520027155465038,
      "precision": 0.7824858757062146,
      "recall": 0.6626794258373205,
      "f1": 0.7176165803108808,
      "pr_auc": 0.8144626787352154,
      "roc_auc": 0.8959182747908115,
      "tn": 978,
      "fp": 77,
      "fn": 141,
      "tp": 277,
      "fpr": 0.07298578199052133,
      "fnr": 0.3373205741626794,
      "gate_pass_rate": 1.0,
      "gate_recall_on_fall": 1.0,
      "gate_fpr_on_non_fall": 1.0
    }
  },
  "test_per_source": {
    "WEDA": {
      "n_rows": 1475,
      "fall_ratio": 0.28067796610169493,
      "accuracy": 0.8440677966101695,
      "precision": 0.7149532710280374,
      "recall": 0.7391304347826086,
      "f1": 0.7268408551068883,
      "pr_auc": 0.8157279387487381,
      "roc_auc": 0.9039325765957738,
      "tn": 939,
      "fp": 122,
      "fn": 108,
      "tp": 306,
      "fpr": 0.11498586239396795,
      "fnr": 0.2608695652173913,
      "gate_pass_rate": 1.0,
      "gate_recall_on_fall": 1.0,
      "gate_fpr_on_non_fall": 1.0
    }
  }
}