{
  "config": {
    "gate_feature": "acc_mag_std",
    "gate_threshold": 0.027832869085217017,
    "gate_op": ">=",
    "decision_threshold": 0.4699999999999999,
    "min_gate_recall_requested": 0.9,
    "gate_source_for_search": "ALL",
    "drop_source": false,
    "rf_trees": 40,
    "rf_max_depth": 8,
    "rf_min_samples_leaf": 4,
    "random_state": 42,
    "n_stage2_train_rows": 7677,
    "n_stage2_train_fall": 2238,
    "n_stage2_train_non_fall": 5439
  },
  "validation": {
    "n_rows": 2280,
    "fall_ratio": 0.2425438596491228,
    "accuracy": 0.8289473684210527,
    "precision": 0.6422338568935427,
    "recall": 0.6654611211573237,
    "f1": 0.6536412078152753,
    "pr_auc": 0.7099044870073798,
    "roc_auc": 0.835177601564766,
    "tn": 1522,
    "fp": 205,
    "fn": 185,
    "tp": 368,
    "fpr": 0.11870295309785756,
    "fnr": 0.3345388788426763,
    "gate_pass_rate": 0.7526315789473684,
    "gate_recall_on_fall": 0.9041591320072333,
    "gate_fpr_on_non_fall": 0.704111175448755
  },
  "test": {
    "n_rows": 1475,
    "fall_ratio": 0.28067796610169493,
    "accuracy": 0.8169491525423729,
    "precision": 0.6353383458646616,
    "recall": 0.8164251207729468,
    "f1": 0.7145877378435518,
    "pr_auc": 0.7984110334497029,
    "roc_auc": 0.8909309875379621,
    "tn": 867,
    "fp": 194,
    "fn": 76,
    "tp": 338,
    "fpr": 0.1828463713477851,
    "fnr": 0.18357487922705315,
    "gate_pass_rate": 1.0,
    "gate_recall_on_fall": 1.0,
    "gate_fpr_on_non_fall": 1.0
  },
  "validation_per_source": {
    "UP": {
      "n_rows": 807,
      "fall_ratio": 0.16728624535315986,
      "accuracy": 0.7980173482032218,
      "precision": 0.4090909090909091,
      "recall": 0.4666666666666667,
      "f1": 0.4359861591695502,
      "pr_auc": 0.3524360022703374,
      "roc_auc": 0.7027943121693121,
      "tn": 581,
      "fp": 91,
      "fn": 72,
      "tp": 63,
      "fpr": 0.13541666666666666,
      "fnr": 0.5333333333333333,
      "gate_pass_rate": 0.30111524163568776,
      "gate_recall_on_fall": 0.6074074074074074,
      "gate_fpr_on_non_fall": 0.23958333333333334
    },
    "WEDA": {
      "n_rows": 1473,
      "fall_ratio": 0.2837746096401901,
      "accuracy": 0.8458927359131025,
      "precision": 0.7279236276849642,
      "recall": 0.7296650717703349,
      "f1": 0.7287933094384708,
      "pr_auc": 0.8122929383476305,
      "roc_auc": 0.9004149753962675,
      "tn": 941,
      "fp": 114,
      "fn": 113,
      "tp": 305,
      "fpr": 0.1080568720379147,
      "fnr": 0.2703349282296651,
      "gate_pass_rate": 1.0,
      "gate_recall_on_fall": 1.0,
      "gate_fpr_on_non_fall": 1.0
    }
  },
  "test_per_source": {
    "WEDA": {
      "n_rows": 1475,
      "fall_ratio": 0.28067796610169493,
      "accuracy": 0.8169491525423729,
      "precision": 0.6353383458646616,
      "recall": 0.8164251207729468,
      "f1": 0.7145877378435518,
      "pr_auc": 0.7984110334497029,
      "roc_auc": 0.8909309875379621,
      "tn": 867,
      "fp": 194,
      "fn": 76,
      "tp": 338,
      "fpr": 0.1828463713477851,
      "fnr": 0.18357487922705315,
      "gate_pass_rate": 1.0,
      "gate_recall_on_fall": 1.0,
      "gate_fpr_on_non_fall": 1.0
    }
  }
}