{
  "config": {
    "gate_feature": "acc_mag_std",
    "gate_threshold": 0.027832869085217017,
    "gate_op": ">=",
    "decision_threshold": 0.4799999999999999,
    "min_gate_recall_requested": 0.9,
    "gate_source_for_search": "ALL",
    "drop_source": false,
    "rf_trees": 50,
    "rf_max_depth": 10,
    "rf_min_samples_leaf": 2,
    "random_state": 42,
    "n_stage2_train_rows": 7677,
    "n_stage2_train_fall": 2238,
    "n_stage2_train_non_fall": 5439
  },
  "validation": {
    "n_rows": 2280,
    "fall_ratio": 0.2425438596491228,
    "accuracy": 0.8267543859649122,
    "precision": 0.6462962962962963,
    "recall": 0.6311030741410488,
    "f1": 0.6386093321134492,
    "pr_auc": 0.70949377939228,
    "roc_auc": 0.8313662069608212,
    "tn": 1536,
    "fp": 191,
    "fn": 204,
    "tp": 349,
    "fpr": 0.11059640995946729,
    "fnr": 0.3688969258589512,
    "gate_pass_rate": 0.7526315789473684,
    "gate_recall_on_fall": 0.9041591320072333,
    "gate_fpr_on_non_fall": 0.704111175448755
  },
  "test": {
    "n_rows": 1475,
    "fall_ratio": 0.28067796610169493,
    "accuracy": 0.8338983050847457,
    "precision": 0.6764091858037579,
    "recall": 0.782608695652174,
    "f1": 0.7256438969764838,
    "pr_auc": 0.818591492212771,
    "roc_auc": 0.9079370933446252,
    "tn": 906,
    "fp": 155,
    "fn": 90,
    "tp": 324,
    "fpr": 0.1460885956644675,
    "fnr": 0.21739130434782608,
    "gate_pass_rate": 1.0,
    "gate_recall_on_fall": 1.0,
    "gate_fpr_on_non_fall": 1.0
  },
  "validation_per_source": {
    "UP": {
      "n_rows": 807,
      "fall_ratio": 0.16728624535315986,
      "accuracy": 0.7757125154894672,
      "precision": 0.3525641025641026,
      "recall": 0.4074074074074074,
      "f1": 0.37800687285223367,
      "pr_auc": 0.32349533639931694,
      "roc_auc": 0.6909336419753086,
      "tn": 571,
      "fp": 101,
      "fn": 80,
      "tp": 55,
      "fpr": 0.15029761904761904,
      "fnr": 0.5925925925925926,
      "gate_pass_rate": 0.30111524163568776,
      "gate_recall_on_fall": 0.6074074074074074,
      "gate_fpr_on_non_fall": 0.23958333333333334
    },
    "WEDA": {
      "n_rows": 1473,
      "fall_ratio": 0.2837746096401901,
      "accuracy": 0.8547182620502376,
      "precision": 0.765625,
      "recall": 0.7033492822966507,
      "f1": 0.7331670822942643,
      "pr_auc": 0.8195627963793156,
      "roc_auc": 0.9005737091544026,
      "tn": 965,
      "fp": 90,
      "fn": 124,
      "tp": 294,
      "fpr": 0.08530805687203792,
      "fnr": 0.2966507177033493,
      "gate_pass_rate": 1.0,
      "gate_recall_on_fall": 1.0,
      "gate_fpr_on_non_fall": 1.0
    }
  },
  "test_per_source": {
    "WEDA": {
      "n_rows": 1475,
      "fall_ratio": 0.28067796610169493,
      "accuracy": 0.8338983050847457,
      "precision": 0.6764091858037579,
      "recall": 0.782608695652174,
      "f1": 0.7256438969764838,
      "pr_auc": 0.818591492212771,
      "roc_auc": 0.9079370933446252,
      "tn": 906,
      "fp": 155,
      "fn": 90,
      "tp": 324,
      "fpr": 0.1460885956644675,
      "fnr": 0.21739130434782608,
      "gate_pass_rate": 1.0,
      "gate_recall_on_fall": 1.0,
      "gate_fpr_on_non_fall": 1.0
    }
  }
}