{
  "config": {
    "gate_feature": "gyro_mag_mean",
    "gate_threshold": 2.838541112469445,
    "gate_op": "<=",
    "decision_threshold": 0.38499999999999995,
    "min_gate_recall_requested": 0.93,
    "gate_source_for_search": "WEDA",
    "drop_source": false,
    "rf_trees": 8,
    "rf_max_depth": 6,
    "rf_min_samples_leaf": 8,
    "random_state": 42,
    "n_stage2_train_rows": 6845,
    "n_stage2_train_fall": 1919,
    "n_stage2_train_non_fall": 4926
  },
  "validation": {
    "n_rows": 2280,
    "fall_ratio": 0.2425438596491228,
    "accuracy": 0.7978070175438596,
    "precision": 0.5827338129496403,
    "recall": 0.5858951175406871,
    "f1": 0.5843101893597836,
    "pr_auc": 0.6183301198514531,
    "roc_auc": 0.7111392195646006,
    "tn": 1495,
    "fp": 232,
    "fn": 229,
    "tp": 324,
    "fpr": 0.1343370005790388,
    "fnr": 0.4141048824593128,
    "gate_pass_rate": 0.7131578947368421,
    "gate_recall_on_fall": 0.7359855334538878,
    "gate_fpr_on_non_fall": 0.705848291835553
  },
  "test": {
    "n_rows": 1475,
    "fall_ratio": 0.28067796610169493,
    "accuracy": 0.7613559322033898,
    "precision": 0.5496794871794872,
    "recall": 0.8285024154589372,
    "f1": 0.6608863198458574,
    "pr_auc": 0.7604030501935846,
    "roc_auc": 0.8465341237643824,
    "tn": 780,
    "fp": 281,
    "fn": 71,
    "tp": 343,
    "fpr": 0.2648444863336475,
    "fnr": 0.17149758454106281,
    "gate_pass_rate": 0.9349152542372882,
    "gate_recall_on_fall": 0.9516908212560387,
    "gate_fpr_on_non_fall": 0.9283694627709708
  },
  "validation_per_source": {
    "UP": {
      "n_rows": 807,
      "fall_ratio": 0.16728624535315986,
      "accuracy": 0.8240396530359355,
      "precision": 0.18181818181818182,
      "recall": 0.014814814814814815,
      "f1": 0.0273972602739726,
      "pr_auc": 0.15981111458542638,
      "roc_auc": 0.34172729276895947,
      "tn": 663,
      "fp": 9,
      "fn": 133,
      "tp": 2,
      "fpr": 0.013392857142857142,
      "fnr": 0.9851851851851852,
      "gate_pass_rate": 0.38413878562577447,
      "gate_recall_on_fall": 0.1111111111111111,
      "gate_fpr_on_non_fall": 0.43898809523809523
    },
    "WEDA": {
      "n_rows": 1473,
      "fall_ratio": 0.2837746096401901,
      "accuracy": 0.7834351663272233,
      "precision": 0.5908256880733945,
      "recall": 0.7703349282296651,
      "f1": 0.6687435098650052,
      "pr_auc": 0.7430184286997822,
      "roc_auc": 0.8383965622803238,
      "tn": 832,
      "fp": 223,
      "fn": 96,
      "tp": 322,
      "fpr": 0.21137440758293838,
      "fnr": 0.22966507177033493,
      "gate_pass_rate": 0.8934147997284454,
      "gate_recall_on_fall": 0.937799043062201,
      "gate_fpr_on_non_fall": 0.875829383886256
    }
  },
  "test_per_source": {
    "WEDA": {
      "n_rows": 1475,
      "fall_ratio": 0.28067796610169493,
      "accuracy": 0.7613559322033898,
      "precision": 0.5496794871794872,
      "recall": 0.8285024154589372,
      "f1": 0.6608863198458574,
      "pr_auc": 0.7604030501935846,
      "roc_auc": 0.8465341237643824,
      "tn": 780,
      "fp": 281,
      "fn": 71,
      "tp": 343,
      "fpr": 0.2648444863336475,
      "fnr": 0.17149758454106281,
      "gate_pass_rate": 0.9349152542372882,
      "gate_recall_on_fall": 0.9516908212560387,
      "gate_fpr_on_non_fall": 0.9283694627709708
    }
  }
}