{
  "config": {
    "gate_feature": "acc_mag_std",
    "gate_threshold": 0.004506217613876566,
    "gate_op": ">=",
    "decision_threshold": 0.4599999999999999,
    "min_gate_recall_requested": 0.95,
    "gate_source_for_search": "ALL",
    "drop_source": false,
    "rf_trees": 8,
    "rf_max_depth": 6,
    "rf_min_samples_leaf": 5,
    "random_state": 42,
    "n_stage2_train_rows": 8278,
    "n_stage2_train_fall": 2336,
    "n_stage2_train_non_fall": 5942
  },
  "validation": {
    "n_rows": 2280,
    "fall_ratio": 0.2425438596491228,
    "accuracy": 0.8057017543859649,
    "precision": 0.5828313253012049,
    "recall": 0.6998191681735986,
    "f1": 0.6359901396877568,
    "pr_auc": 0.699801116661146,
    "roc_auc": 0.8312861048489526,
    "tn": 1450,
    "fp": 277,
    "fn": 166,
    "tp": 387,
    "fpr": 0.16039374638100753,
    "fnr": 0.30018083182640143,
    "gate_pass_rate": 0.8324561403508772,
    "gate_recall_on_fall": 0.9511754068716094,
    "gate_fpr_on_non_fall": 0.7944412275622467
  },
  "test": {
    "n_rows": 1475,
    "fall_ratio": 0.28067796610169493,
    "accuracy": 0.7830508474576271,
    "precision": 0.5815972222222222,
    "recall": 0.8091787439613527,
    "f1": 0.6767676767676768,
    "pr_auc": 0.7856307993201187,
    "roc_auc": 0.8773648048737177,
    "tn": 820,
    "fp": 241,
    "fn": 79,
    "tp": 335,
    "fpr": 0.22714420358152687,
    "fnr": 0.19082125603864733,
    "gate_pass_rate": 1.0,
    "gate_recall_on_fall": 1.0,
    "gate_fpr_on_non_fall": 1.0
  },
  "validation_per_source": {
    "UP": {
      "n_rows": 807,
      "fall_ratio": 0.16728624535315986,
      "accuracy": 0.7769516728624535,
      "precision": 0.3509933774834437,
      "recall": 0.3925925925925926,
      "f1": 0.3706293706293706,
      "pr_auc": 0.3319077987580911,
      "roc_auc": 0.6999007936507937,
      "tn": 574,
      "fp": 98,
      "fn": 82,
      "tp": 53,
      "fpr": 0.14583333333333334,
      "fnr": 0.6074074074074074,
      "gate_pass_rate": 0.5266418835192069,
      "gate_recall_on_fall": 0.8,
      "gate_fpr_on_non_fall": 0.47172619047619047
    },
    "WEDA": {
      "n_rows": 1473,
      "fall_ratio": 0.2837746096401901,
      "accuracy": 0.8214528173794976,
      "precision": 0.6510721247563352,
      "recall": 0.7990430622009569,
      "f1": 0.7175080558539205,
      "pr_auc": 0.7921471447942543,
      "roc_auc": 0.8822399600897979,
      "tn": 876,
      "fp": 179,
      "fn": 84,
      "tp": 334,
      "fpr": 0.16966824644549763,
      "fnr": 0.20095693779904306,
      "gate_pass_rate": 1.0,
      "gate_recall_on_fall": 1.0,
      "gate_fpr_on_non_fall": 1.0
    }
  },
  "test_per_source": {
    "WEDA": {
      "n_rows": 1475,
      "fall_ratio": 0.28067796610169493,
      "accuracy": 0.7830508474576271,
      "precision": 0.5815972222222222,
      "recall": 0.8091787439613527,
      "f1": 0.6767676767676768,
      "pr_auc": 0.7856307993201187,
      "roc_auc": 0.8773648048737177,
      "tn": 820,
      "fp": 241,
      "fn": 79,
      "tp": 335,
      "fpr": 0.22714420358152687,
      "fnr": 0.19082125603864733,
      "gate_pass_rate": 1.0,
      "gate_recall_on_fall": 1.0,
      "gate_fpr_on_non_fall": 1.0
    }
  }
}