{
  "config": {
    "gate_feature": "gyro_mag_mean",
    "gate_threshold": 2.350621882788164,
    "gate_op": "<=",
    "decision_threshold": 0.3999999999999999,
    "min_gate_recall_requested": 0.85,
    "gate_source_for_search": "WEDA",
    "drop_source": false,
    "rf_trees": 8,
    "rf_max_depth": 6,
    "rf_min_samples_leaf": 6,
    "random_state": 42,
    "n_stage2_train_rows": 6290,
    "n_stage2_train_fall": 1736,
    "n_stage2_train_non_fall": 4554
  },
  "validation": {
    "n_rows": 2280,
    "fall_ratio": 0.2425438596491228,
    "accuracy": 0.7881578947368421,
    "precision": 0.5697211155378487,
    "recall": 0.5171790235081374,
    "f1": 0.5421800947867299,
    "pr_auc": 0.5740221859962469,
    "roc_auc": 0.6704944656246761,
    "tn": 1511,
    "fp": 216,
    "fn": 267,
    "tp": 286,
    "fpr": 0.1250723798494499,
    "fnr": 0.48282097649186256,
    "gate_pass_rate": 0.6644736842105263,
    "gate_recall_on_fall": 0.6708860759493671,
    "gate_fpr_on_non_fall": 0.6624203821656051
  },
  "test": {
    "n_rows": 1475,
    "fall_ratio": 0.28067796610169493,
    "accuracy": 0.7416949152542373,
    "precision": 0.526829268292683,
    "recall": 0.782608695652174,
    "f1": 0.6297376093294461,
    "pr_auc": 0.7061919730539167,
    "roc_auc": 0.8077456323676051,
    "tn": 770,
    "fp": 291,
    "fn": 90,
    "tp": 324,
    "fpr": 0.27426955702167766,
    "fnr": 0.21739130434782608,
    "gate_pass_rate": 0.8698305084745763,
    "gate_recall_on_fall": 0.9033816425120773,
    "gate_fpr_on_non_fall": 0.8567389255419415
  },
  "validation_per_source": {
    "UP": {
      "n_rows": 807,
      "fall_ratio": 0.16728624535315986,
      "accuracy": 0.8302354399008675,
      "precision": 0.42857142857142855,
      "recall": 0.044444444444444446,
      "f1": 0.08053691275167785,
      "pr_auc": 0.18008631079446732,
      "roc_auc": 0.36173390652557325,
      "tn": 664,
      "fp": 8,
      "fn": 129,
      "tp": 6,
      "fpr": 0.011904761904761904,
      "fnr": 0.9555555555555556,
      "gate_pass_rate": 0.3630731102850062,
      "gate_recall_on_fall": 0.1111111111111111,
      "gate_fpr_on_non_fall": 0.41369047619047616
    },
    "WEDA": {
      "n_rows": 1473,
      "fall_ratio": 0.2837746096401901,
      "accuracy": 0.7651052274270197,
      "precision": 0.5737704918032787,
      "recall": 0.6698564593301436,
      "f1": 0.6181015452538632,
      "pr_auc": 0.6827359223150264,
      "roc_auc": 0.7683654958162317,
      "tn": 847,
      "fp": 208,
      "fn": 138,
      "tp": 280,
      "fpr": 0.1971563981042654,
      "fnr": 0.33014354066985646,
      "gate_pass_rate": 0.8295994568906992,
      "gate_recall_on_fall": 0.8516746411483254,
      "gate_fpr_on_non_fall": 0.8208530805687204
    }
  },
  "test_per_source": {
    "WEDA": {
      "n_rows": 1475,
      "fall_ratio": 0.28067796610169493,
      "accuracy": 0.7416949152542373,
      "precision": 0.526829268292683,
      "recall": 0.782608695652174,
      "f1": 0.6297376093294461,
      "pr_auc": 0.7061919730539167,
      "roc_auc": 0.8077456323676051,
      "tn": 770,
      "fp": 291,
      "fn": 90,
      "tp": 324,
      "fpr": 0.27426955702167766,
      "fnr": 0.21739130434782608,
      "gate_pass_rate": 0.8698305084745763,
      "gate_recall_on_fall": 0.9033816425120773,
      "gate_fpr_on_non_fall": 0.8567389255419415
    }
  }
}