{
  "config": {
    "gate_feature": "acc_mag_std",
    "gate_threshold": 0.027832869085217017,
    "gate_op": ">=",
    "decision_threshold": 0.39499999999999996,
    "min_gate_recall_requested": 0.9,
    "gate_source_for_search": "ALL",
    "drop_source": false,
    "rf_trees": 40,
    "rf_max_depth": 12,
    "rf_min_samples_leaf": 2,
    "random_state": 42,
    "n_stage2_train_rows": 7677,
    "n_stage2_train_fall": 2238,
    "n_stage2_train_non_fall": 5439
  },
  "validation": {
    "n_rows": 2280,
    "fall_ratio": 0.2425438596491228,
    "accuracy": 0.8144736842105263,
    "precision": 0.6031746031746031,
    "recall": 0.6871609403254972,
    "f1": 0.6424344885883347,
    "pr_auc": 0.7109084722856328,
    "roc_auc": 0.8290243981608976,
    "tn": 1477,
    "fp": 250,
    "fn": 173,
    "tp": 380,
    "fpr": 0.1447596988998263,
    "fnr": 0.3128390596745027,
    "gate_pass_rate": 0.7526315789473684,
    "gate_recall_on_fall": 0.9041591320072333,
    "gate_fpr_on_non_fall": 0.704111175448755
  },
  "test": {
    "n_rows": 1475,
    "fall_ratio": 0.28067796610169493,
    "accuracy": 0.8298305084745763,
    "precision": 0.6500920810313076,
    "recall": 0.8526570048309179,
    "f1": 0.7377220480668757,
    "pr_auc": 0.8328539021794994,
    "roc_auc": 0.9126883306697263,
    "tn": 871,
    "fp": 190,
    "fn": 61,
    "tp": 353,
    "fpr": 0.17907634307257306,
    "fnr": 0.1473429951690821,
    "gate_pass_rate": 1.0,
    "gate_recall_on_fall": 1.0,
    "gate_fpr_on_non_fall": 1.0
  },
  "validation_per_source": {
    "UP": {
      "n_rows": 807,
      "fall_ratio": 0.16728624535315986,
      "accuracy": 0.7670384138785625,
      "precision": 0.3567567567567568,
      "recall": 0.4888888888888889,
      "f1": 0.4125,
      "pr_auc": 0.32511332517157815,
      "roc_auc": 0.693369708994709,
      "tn": 553,
      "fp": 119,
      "fn": 69,
      "tp": 66,
      "fpr": 0.17708333333333334,
      "fnr": 0.5111111111111111,
      "gate_pass_rate": 0.30111524163568776,
      "gate_recall_on_fall": 0.6074074074074074,
      "gate_fpr_on_non_fall": 0.23958333333333334
    },
    "WEDA": {
      "n_rows": 1473,
      "fall_ratio": 0.2837746096401901,
      "accuracy": 0.8404616429056347,
      "precision": 0.7056179775280899,
      "recall": 0.7511961722488039,
      "f1": 0.727694090382387,
      "pr_auc": 0.8188481357584105,
      "roc_auc": 0.8945214177192227,
      "tn": 924,
      "fp": 131,
      "fn": 104,
      "tp": 314,
      "fpr": 0.12417061611374408,
      "fnr": 0.24880382775119617,
      "gate_pass_rate": 1.0,
      "gate_recall_on_fall": 1.0,
      "gate_fpr_on_non_fall": 1.0
    }
  },
  "test_per_source": {
    "WEDA": {
      "n_rows": 1475,
      "fall_ratio": 0.28067796610169493,
      "accuracy": 0.8298305084745763,
      "precision": 0.6500920810313076,
      "recall": 0.8526570048309179,
      "f1": 0.7377220480668757,
      "pr_auc": 0.8328539021794994,
      "roc_auc": 0.9126883306697263,
      "tn": 871,
      "fp": 190,
      "fn": 61,
      "tp": 353,
      "fpr": 0.17907634307257306,
      "fnr": 0.1473429951690821,
      "gate_pass_rate": 1.0,
      "gate_recall_on_fall": 1.0,
      "gate_fpr_on_non_fall": 1.0
    }
  }
}