{
  "config": {
    "gate_feature": "acc_mag_std",
    "gate_threshold": 0.027832869085217017,
    "gate_op": ">=",
    "decision_threshold": 0.4799999999999999,
    "min_gate_recall_requested": 0.9,
    "gate_source_for_search": "ALL",
    "drop_source": false,
    "rf_trees": 30,
    "rf_max_depth": 10,
    "rf_min_samples_leaf": 5,
    "random_state": 42,
    "n_stage2_train_rows": 7677,
    "n_stage2_train_fall": 2238,
    "n_stage2_train_non_fall": 5439
  },
  "validation": {
    "n_rows": 2280,
    "fall_ratio": 0.2425438596491228,
    "accuracy": 0.8271929824561404,
    "precision": 0.6453382084095064,
    "recall": 0.6383363471971067,
    "f1": 0.6418181818181818,
    "pr_auc": 0.7036393220646127,
    "roc_auc": 0.8288678587396641,
    "tn": 1533,
    "fp": 194,
    "fn": 200,
    "tp": 353,
    "fpr": 0.1123335263462652,
    "fnr": 0.3616636528028933,
    "gate_pass_rate": 0.7526315789473684,
    "gate_recall_on_fall": 0.9041591320072333,
    "gate_fpr_on_non_fall": 0.704111175448755
  },
  "test": {
    "n_rows": 1475,
    "fall_ratio": 0.28067796610169493,
    "accuracy": 0.8338983050847457,
    "precision": 0.6728016359918201,
    "recall": 0.7946859903381642,
    "f1": 0.7286821705426356,
    "pr_auc": 0.8082426768866406,
    "roc_auc": 0.9000191233318307,
    "tn": 901,
    "fp": 160,
    "fn": 85,
    "tp": 329,
    "fpr": 0.15080113100848255,
    "fnr": 0.20531400966183574,
    "gate_pass_rate": 1.0,
    "gate_recall_on_fall": 1.0,
    "gate_fpr_on_non_fall": 1.0
  },
  "validation_per_source": {
    "UP": {
      "n_rows": 807,
      "fall_ratio": 0.16728624535315986,
      "accuracy": 0.7769516728624535,
      "precision": 0.36363636363636365,
      "recall": 0.4444444444444444,
      "f1": 0.4,
      "pr_auc": 0.32547193221101994,
      "roc_auc": 0.6915729717813051,
      "tn": 567,
      "fp": 105,
      "fn": 75,
      "tp": 60,
      "fpr": 0.15625,
      "fnr": 0.5555555555555556,
      "gate_pass_rate": 0.30111524163568776,
      "gate_recall_on_fall": 0.6074074074074074,
      "gate_fpr_on_non_fall": 0.23958333333333334
    },
    "WEDA": {
      "n_rows": 1473,
      "fall_ratio": 0.2837746096401901,
      "accuracy": 0.8547182620502376,
      "precision": 0.7670157068062827,
      "recall": 0.7009569377990431,
      "f1": 0.7325,
      "pr_auc": 0.8141326328617842,
      "roc_auc": 0.8954964965191954,
      "tn": 966,
      "fp": 89,
      "fn": 125,
      "tp": 293,
      "fpr": 0.08436018957345971,
      "fnr": 0.29904306220095694,
      "gate_pass_rate": 1.0,
      "gate_recall_on_fall": 1.0,
      "gate_fpr_on_non_fall": 1.0
    }
  },
  "test_per_source": {
    "WEDA": {
      "n_rows": 1475,
      "fall_ratio": 0.28067796610169493,
      "accuracy": 0.8338983050847457,
      "precision": 0.6728016359918201,
      "recall": 0.7946859903381642,
      "f1": 0.7286821705426356,
      "pr_auc": 0.8082426768866406,
      "roc_auc": 0.9000191233318307,
      "tn": 901,
      "fp": 160,
      "fn": 85,
      "tp": 329,
      "fpr": 0.15080113100848255,
      "fnr": 0.20531400966183574,
      "gate_pass_rate": 1.0,
      "gate_recall_on_fall": 1.0,
      "gate_fpr_on_non_fall": 1.0
    }
  }
}