{
  "config": {
    "gate_feature": "acc_mag_std",
    "gate_threshold": 0.027832869085217017,
    "gate_op": ">=",
    "decision_threshold": 0.48999999999999994,
    "min_gate_recall_requested": 0.9,
    "gate_source_for_search": "ALL",
    "drop_source": false,
    "rf_trees": 20,
    "rf_max_depth": 6,
    "rf_min_samples_leaf": 8,
    "random_state": 42,
    "n_stage2_train_rows": 7677,
    "n_stage2_train_fall": 2238,
    "n_stage2_train_non_fall": 5439
  },
  "validation": {
    "n_rows": 2280,
    "fall_ratio": 0.2425438596491228,
    "accuracy": 0.8214912280701754,
    "precision": 0.6276223776223776,
    "recall": 0.6491862567811935,
    "f1": 0.6382222222222222,
    "pr_auc": 0.7042653489990738,
    "roc_auc": 0.8263433333577652,
    "tn": 1514,
    "fp": 213,
    "fn": 194,
    "tp": 359,
    "fpr": 0.123335263462652,
    "fnr": 0.3508137432188065,
    "gate_pass_rate": 0.7526315789473684,
    "gate_recall_on_fall": 0.9041591320072333,
    "gate_fpr_on_non_fall": 0.704111175448755
  },
  "test": {
    "n_rows": 1475,
    "fall_ratio": 0.28067796610169493,
    "accuracy": 0.8135593220338984,
    "precision": 0.6392785571142284,
    "recall": 0.7705314009661836,
    "f1": 0.6987951807228916,
    "pr_auc": 0.7799540080276594,
    "roc_auc": 0.8743198695970896,
    "tn": 881,
    "fp": 180,
    "fn": 95,
    "tp": 319,
    "fpr": 0.1696512723845429,
    "fnr": 0.22946859903381642,
    "gate_pass_rate": 1.0,
    "gate_recall_on_fall": 1.0,
    "gate_fpr_on_non_fall": 1.0
  },
  "validation_per_source": {
    "UP": {
      "n_rows": 807,
      "fall_ratio": 0.16728624535315986,
      "accuracy": 0.8004956629491945,
      "precision": 0.40298507462686567,
      "recall": 0.4,
      "f1": 0.40148698884758366,
      "pr_auc": 0.3484329267751075,
      "roc_auc": 0.6991126543209877,
      "tn": 592,
      "fp": 80,
      "fn": 81,
      "tp": 54,
      "fpr": 0.11904761904761904,
      "fnr": 0.6,
      "gate_pass_rate": 0.30111524163568776,
      "gate_recall_on_fall": 0.6074074074074074,
      "gate_fpr_on_non_fall": 0.23958333333333334
    },
    "WEDA": {
      "n_rows": 1473,
      "fall_ratio": 0.2837746096401901,
      "accuracy": 0.8329938900203666,
      "precision": 0.6963470319634704,
      "recall": 0.7296650717703349,
      "f1": 0.7126168224299065,
      "pr_auc": 0.7914167478597306,
      "roc_auc": 0.8789836504229122,
      "tn": 922,
      "fp": 133,
      "fn": 113,
      "tp": 305,
      "fpr": 0.12606635071090047,
      "fnr": 0.2703349282296651,
      "gate_pass_rate": 1.0,
      "gate_recall_on_fall": 1.0,
      "gate_fpr_on_non_fall": 1.0
    }
  },
  "test_per_source": {
    "WEDA": {
      "n_rows": 1475,
      "fall_ratio": 0.28067796610169493,
      "accuracy": 0.8135593220338984,
      "precision": 0.6392785571142284,
      "recall": 0.7705314009661836,
      "f1": 0.6987951807228916,
      "pr_auc": 0.7799540080276594,
      "roc_auc": 0.8743198695970896,
      "tn": 881,
      "fp": 180,
      "fn": 95,
      "tp": 319,
      "fpr": 0.1696512723845429,
      "fnr": 0.22946859903381642,
      "gate_pass_rate": 1.0,
      "gate_recall_on_fall": 1.0,
      "gate_fpr_on_non_fall": 1.0
    }
  }
}