{
  "config": {
    "gate_feature": "gyro_mag_mean",
    "gate_threshold": 3.0909158145027127,
    "gate_op": "<=",
    "decision_threshold": 0.42999999999999994,
    "min_gate_recall_requested": 0.95,
    "gate_source_for_search": "WEDA",
    "drop_source": false,
    "rf_trees": 400,
    "random_state": 42,
    "n_stage2_train_rows": 7030,
    "n_stage2_train_fall": 1978,
    "n_stage2_train_non_fall": 5052
  },
  "validation": {
    "n_rows": 2280,
    "fall_ratio": 0.2425438596491228,
    "accuracy": 0.8223684210526315,
    "precision": 0.6868686868686869,
    "recall": 0.4918625678119349,
    "f1": 0.5732349841938883,
    "pr_auc": 0.6315954993445538,
    "roc_auc": 0.7065744462745188,
    "tn": 1603,
    "fp": 124,
    "fn": 281,
    "tp": 272,
    "fpr": 0.07180081065431385,
    "fnr": 0.5081374321880651,
    "gate_pass_rate": 0.7271929824561404,
    "gate_recall_on_fall": 0.7486437613019892,
    "gate_fpr_on_non_fall": 0.7203242617255357
  },
  "test": {
    "n_rows": 1475,
    "fall_ratio": 0.28067796610169493,
    "accuracy": 0.8454237288135593,
    "precision": 0.7162790697674418,
    "recall": 0.7439613526570048,
    "f1": 0.7298578199052133,
    "pr_auc": 0.8127674060953428,
    "roc_auc": 0.8883607206764195,
    "tn": 939,
    "fp": 122,
    "fn": 106,
    "tp": 308,
    "fpr": 0.11498586239396795,
    "fnr": 0.2560386473429952,
    "gate_pass_rate": 0.9559322033898305,
    "gate_recall_on_fall": 0.9710144927536232,
    "gate_fpr_on_non_fall": 0.9500471253534402
  },
  "validation_per_source": {
    "UP": {
      "n_rows": 807,
      "fall_ratio": 0.16728624535315986,
      "accuracy": 0.7657992565055762,
      "precision": 0.05,
      "recall": 0.022222222222222223,
      "f1": 0.03076923076923077,
      "pr_auc": 0.17125793338112416,
      "roc_auc": 0.33176256613756605,
      "tn": 615,
      "fp": 57,
      "fn": 132,
      "tp": 3,
      "fpr": 0.08482142857142858,
      "fnr": 0.9777777777777777,
      "gate_pass_rate": 0.3952912019826518,
      "gate_recall_on_fall": 0.11851851851851852,
      "gate_fpr_on_non_fall": 0.45089285714285715
    },
    "WEDA": {
      "n_rows": 1473,
      "fall_ratio": 0.2837746096401901,
      "accuracy": 0.8533604887983707,
      "precision": 0.8005952380952381,
      "recall": 0.6435406698564593,
      "f1": 0.713527851458886,
      "pr_auc": 0.7995169537151072,
      "roc_auc": 0.8628381595954557,
      "tn": 988,
      "fp": 67,
      "fn": 149,
      "tp": 269,
      "fpr": 0.06350710900473934,
      "fnr": 0.35645933014354064,
      "gate_pass_rate": 0.9090291921249152,
      "gate_recall_on_fall": 0.9521531100478469,
      "gate_fpr_on_non_fall": 0.8919431279620853
    }
  },
  "test_per_source": {
    "WEDA": {
      "n_rows": 1475,
      "fall_ratio": 0.28067796610169493,
      "accuracy": 0.8454237288135593,
      "precision": 0.7162790697674418,
      "recall": 0.7439613526570048,
      "f1": 0.7298578199052133,
      "pr_auc": 0.8127674060953428,
      "roc_auc": 0.8883607206764195,
      "tn": 939,
      "fp": 122,
      "fn": 106,
      "tp": 308,
      "fpr": 0.11498586239396795,
      "fnr": 0.2560386473429952,
      "gate_pass_rate": 0.9559322033898305,
      "gate_recall_on_fall": 0.9710144927536232,
      "gate_fpr_on_non_fall": 0.9500471253534402
    }
  }
}