{
  "config": {
    "gate_feature": "gyro_mag_mean",
    "gate_threshold": 2.616948366191887,
    "gate_op": "<=",
    "decision_threshold": 0.38999999999999996,
    "min_gate_recall_requested": 0.9,
    "gate_source_for_search": "WEDA",
    "drop_source": false,
    "rf_trees": 8,
    "rf_max_depth": 6,
    "rf_min_samples_leaf": 4,
    "random_state": 42,
    "n_stage2_train_rows": 6614,
    "n_stage2_train_fall": 1845,
    "n_stage2_train_non_fall": 4769
  },
  "validation": {
    "n_rows": 2280,
    "fall_ratio": 0.2425438596491228,
    "accuracy": 0.7907894736842105,
    "precision": 0.568100358422939,
    "recall": 0.5732368896925859,
    "f1": 0.5706570657065707,
    "pr_auc": 0.6076472670086394,
    "roc_auc": 0.6963328939060618,
    "tn": 1486,
    "fp": 241,
    "fn": 236,
    "tp": 317,
    "fpr": 0.13954834973943253,
    "fnr": 0.4267631103074141,
    "gate_pass_rate": 0.6951754385964912,
    "gate_recall_on_fall": 0.7088607594936709,
    "gate_fpr_on_non_fall": 0.690793283149971
  },
  "test": {
    "n_rows": 1475,
    "fall_ratio": 0.28067796610169493,
    "accuracy": 0.7471186440677966,
    "precision": 0.5345699831365935,
    "recall": 0.7657004830917874,
    "f1": 0.6295928500496525,
    "pr_auc": 0.7387020255425111,
    "roc_auc": 0.8262224134555405,
    "tn": 785,
    "fp": 276,
    "fn": 97,
    "tp": 317,
    "fpr": 0.26013195098963243,
    "fnr": 0.23429951690821257,
    "gate_pass_rate": 0.9057627118644068,
    "gate_recall_on_fall": 0.9299516908212561,
    "gate_fpr_on_non_fall": 0.8963242224316682
  },
  "validation_per_source": {
    "UP": {
      "n_rows": 807,
      "fall_ratio": 0.16728624535315986,
      "accuracy": 0.8277571251548946,
      "precision": 0.35714285714285715,
      "recall": 0.037037037037037035,
      "f1": 0.06711409395973154,
      "pr_auc": 0.18261254766321355,
      "roc_auc": 0.35386353615520283,
      "tn": 663,
      "fp": 9,
      "fn": 130,
      "tp": 5,
      "fpr": 0.013392857142857142,
      "fnr": 0.9629629629629629,
      "gate_pass_rate": 0.37298636926889717,
      "gate_recall_on_fall": 0.1111111111111111,
      "gate_fpr_on_non_fall": 0.4255952380952381
    },
    "WEDA": {
      "n_rows": 1473,
      "fall_ratio": 0.2837746096401901,
      "accuracy": 0.7705363204344874,
      "precision": 0.5735294117647058,
      "recall": 0.7464114832535885,
      "f1": 0.6486486486486487,
      "pr_auc": 0.7249239887274002,
      "roc_auc": 0.8095398988639199,
      "tn": 823,
      "fp": 232,
      "fn": 106,
      "tp": 312,
      "fpr": 0.21990521327014217,
      "fnr": 0.2535885167464115,
      "gate_pass_rate": 0.8716904276985743,
      "gate_recall_on_fall": 0.9019138755980861,
      "gate_fpr_on_non_fall": 0.8597156398104265
    }
  },
  "test_per_source": {
    "WEDA": {
      "n_rows": 1475,
      "fall_ratio": 0.28067796610169493,
      "accuracy": 0.7471186440677966,
      "precision": 0.5345699831365935,
      "recall": 0.7657004830917874,
      "f1": 0.6295928500496525,
      "pr_auc": 0.7387020255425111,
      "roc_auc": 0.8262224134555405,
      "tn": 785,
      "fp": 276,
      "fn": 97,
      "tp": 317,
      "fpr": 0.26013195098963243,
      "fnr": 0.23429951690821257,
      "gate_pass_rate": 0.9057627118644068,
      "gate_recall_on_fall": 0.9299516908212561,
      "gate_fpr_on_non_fall": 0.8963242224316682
    }
  }
}