{
  "config": {
    "gate_feature": "acc_mag_std",
    "gate_threshold": 0.008592049936601925,
    "gate_op": ">=",
    "decision_threshold": 0.49999999999999994,
    "min_gate_recall_requested": 0.93,
    "gate_source_for_search": "ALL",
    "drop_source": false,
    "rf_trees": 8,
    "rf_max_depth": 6,
    "rf_min_samples_leaf": 10,
    "random_state": 42,
    "n_stage2_train_rows": 8093,
    "n_stage2_train_fall": 2308,
    "n_stage2_train_non_fall": 5785
  },
  "validation": {
    "n_rows": 2280,
    "fall_ratio": 0.2425438596491228,
    "accuracy": 0.8096491228070175,
    "precision": 0.609981515711645,
    "recall": 0.596745027124774,
    "f1": 0.603290676416819,
    "pr_auc": 0.673087331658166,
    "roc_auc": 0.8128212592051985,
    "tn": 1516,
    "fp": 211,
    "fn": 223,
    "tp": 330,
    "fpr": 0.12217718587145339,
    "fnr": 0.40325497287522605,
    "gate_pass_rate": 0.8057017543859649,
    "gate_recall_on_fall": 0.9312839059674503,
    "gate_fpr_on_non_fall": 0.7654892877822814
  },
  "test": {
    "n_rows": 1475,
    "fall_ratio": 0.28067796610169493,
    "accuracy": 0.7979661016949152,
    "precision": 0.6146245059288538,
    "recall": 0.751207729468599,
    "f1": 0.6760869565217391,
    "pr_auc": 0.7606431839774008,
    "roc_auc": 0.8694479731544846,
    "tn": 866,
    "fp": 195,
    "fn": 103,
    "tp": 311,
    "fpr": 0.18378887841658811,
    "fnr": 0.24879227053140096,
    "gate_pass_rate": 1.0,
    "gate_recall_on_fall": 1.0,
    "gate_fpr_on_non_fall": 1.0
  },
  "validation_per_source": {
    "UP": {
      "n_rows": 807,
      "fall_ratio": 0.16728624535315986,
      "accuracy": 0.8004956629491945,
      "precision": 0.39344262295081966,
      "recall": 0.35555555555555557,
      "f1": 0.3735408560311284,
      "pr_auc": 0.35882976555279217,
      "roc_auc": 0.6813932980599646,
      "tn": 598,
      "fp": 74,
      "fn": 87,
      "tp": 48,
      "fpr": 0.11011904761904762,
      "fnr": 0.6444444444444445,
      "gate_pass_rate": 0.4510532837670384,
      "gate_recall_on_fall": 0.7185185185185186,
      "gate_fpr_on_non_fall": 0.39732142857142855
    },
    "WEDA": {
      "n_rows": 1473,
      "fall_ratio": 0.2837746096401901,
      "accuracy": 0.814663951120163,
      "precision": 0.6730310262529833,
      "recall": 0.6746411483253588,
      "f1": 0.6738351254480287,
      "pr_auc": 0.7622317112725054,
      "roc_auc": 0.8677555046599695,
      "tn": 918,
      "fp": 137,
      "fn": 136,
      "tp": 282,
      "fpr": 0.12985781990521328,
      "fnr": 0.3253588516746411,
      "gate_pass_rate": 1.0,
      "gate_recall_on_fall": 1.0,
      "gate_fpr_on_non_fall": 1.0
    }
  },
  "test_per_source": {
    "WEDA": {
      "n_rows": 1475,
      "fall_ratio": 0.28067796610169493,
      "accuracy": 0.7979661016949152,
      "precision": 0.6146245059288538,
      "recall": 0.751207729468599,
      "f1": 0.6760869565217391,
      "pr_auc": 0.7606431839774008,
      "roc_auc": 0.8694479731544846,
      "tn": 866,
      "fp": 195,
      "fn": 103,
      "tp": 311,
      "fpr": 0.18378887841658811,
      "fnr": 0.24879227053140096,
      "gate_pass_rate": 1.0,
      "gate_recall_on_fall": 1.0,
      "gate_fpr_on_non_fall": 1.0
    }
  }
}