{
  "config": {
    "gate_feature": "acc_mag_std",
    "gate_threshold": 0.027832869085217017,
    "gate_op": ">=",
    "decision_threshold": 0.4649999999999999,
    "min_gate_recall_requested": 0.9,
    "gate_source_for_search": "ALL",
    "drop_source": false,
    "rf_trees": 50,
    "rf_max_depth": 8,
    "rf_min_samples_leaf": 2,
    "random_state": 42,
    "n_stage2_train_rows": 7677,
    "n_stage2_train_fall": 2238,
    "n_stage2_train_non_fall": 5439
  },
  "validation": {
    "n_rows": 2280,
    "fall_ratio": 0.2425438596491228,
    "accuracy": 0.8289473684210527,
    "precision": 0.6412478336221837,
    "recall": 0.6690777576853526,
    "f1": 0.6548672566371682,
    "pr_auc": 0.7219355319296875,
    "roc_auc": 0.8362854190073412,
    "tn": 1520,
    "fp": 207,
    "fn": 183,
    "tp": 370,
    "fpr": 0.11986103068905617,
    "fnr": 0.3309222423146474,
    "gate_pass_rate": 0.7526315789473684,
    "gate_recall_on_fall": 0.9041591320072333,
    "gate_fpr_on_non_fall": 0.704111175448755
  },
  "test": {
    "n_rows": 1475,
    "fall_ratio": 0.28067796610169493,
    "accuracy": 0.8216949152542373,
    "precision": 0.6460348162475822,
    "recall": 0.8067632850241546,
    "f1": 0.7175080558539205,
    "pr_auc": 0.814205810342867,
    "roc_auc": 0.9000396126159353,
    "tn": 878,
    "fp": 183,
    "fn": 80,
    "tp": 334,
    "fpr": 0.17247879359095195,
    "fnr": 0.1932367149758454,
    "gate_pass_rate": 1.0,
    "gate_recall_on_fall": 1.0,
    "gate_fpr_on_non_fall": 1.0
  },
  "validation_per_source": {
    "UP": {
      "n_rows": 807,
      "fall_ratio": 0.16728624535315986,
      "accuracy": 0.8079306071871127,
      "precision": 0.4315068493150685,
      "recall": 0.4666666666666667,
      "f1": 0.4483985765124555,
      "pr_auc": 0.355802905613388,
      "roc_auc": 0.7041060405643739,
      "tn": 589,
      "fp": 83,
      "fn": 72,
      "tp": 63,
      "fpr": 0.12351190476190477,
      "fnr": 0.5333333333333333,
      "gate_pass_rate": 0.30111524163568776,
      "gate_recall_on_fall": 0.6074074074074074,
      "gate_fpr_on_non_fall": 0.23958333333333334
    },
    "WEDA": {
      "n_rows": 1473,
      "fall_ratio": 0.2837746096401901,
      "accuracy": 0.8404616429056347,
      "precision": 0.7122969837587007,
      "recall": 0.7344497607655502,
      "f1": 0.7232037691401649,
      "pr_auc": 0.8214996255384581,
      "roc_auc": 0.9008571622939296,
      "tn": 931,
      "fp": 124,
      "fn": 111,
      "tp": 307,
      "fpr": 0.11753554502369669,
      "fnr": 0.26555023923444976,
      "gate_pass_rate": 1.0,
      "gate_recall_on_fall": 1.0,
      "gate_fpr_on_non_fall": 1.0
    }
  },
  "test_per_source": {
    "WEDA": {
      "n_rows": 1475,
      "fall_ratio": 0.28067796610169493,
      "accuracy": 0.8216949152542373,
      "precision": 0.6460348162475822,
      "recall": 0.8067632850241546,
      "f1": 0.7175080558539205,
      "pr_auc": 0.814205810342867,
      "roc_auc": 0.9000396126159353,
      "tn": 878,
      "fp": 183,
      "fn": 80,
      "tp": 334,
      "fpr": 0.17247879359095195,
      "fnr": 0.1932367149758454,
      "gate_pass_rate": 1.0,
      "gate_recall_on_fall": 1.0,
      "gate_fpr_on_non_fall": 1.0
    }
  }
}