{
  "config": {
    "gate_feature": "acc_mag_std",
    "gate_threshold": 0.027832869085217017,
    "gate_op": ">=",
    "decision_threshold": 0.41999999999999993,
    "min_gate_recall_requested": 0.9,
    "gate_source_for_search": "ALL",
    "drop_source": true,
    "rf_trees": 50,
    "rf_max_depth": 12,
    "rf_min_samples_leaf": 2,
    "random_state": 42,
    "n_stage2_train_rows": 7677,
    "n_stage2_train_fall": 2238,
    "n_stage2_train_non_fall": 5439
  },
  "validation": {
    "n_rows": 2280,
    "fall_ratio": 0.2425438596491228,
    "accuracy": 0.8206140350877194,
    "precision": 0.62,
    "recall": 0.6726943942133815,
    "f1": 0.645273200346921,
    "pr_auc": 0.7165916807024483,
    "roc_auc": 0.8330823816190259,
    "tn": 1499,
    "fp": 228,
    "fn": 181,
    "tp": 372,
    "fpr": 0.13202084539664158,
    "fnr": 0.32730560578661844,
    "gate_pass_rate": 0.7526315789473684,
    "gate_recall_on_fall": 0.9041591320072333,
    "gate_fpr_on_non_fall": 0.704111175448755
  },
  "test": {
    "n_rows": 1475,
    "fall_ratio": 0.28067796610169493,
    "accuracy": 0.8413559322033898,
    "precision": 0.6785714285714286,
    "recall": 0.8260869565217391,
    "f1": 0.7450980392156863,
    "pr_auc": 0.8130359204900802,
    "roc_auc": 0.9060202069873011,
    "tn": 899,
    "fp": 162,
    "fn": 72,
    "tp": 342,
    "fpr": 0.1526861451460886,
    "fnr": 0.17391304347826086,
    "gate_pass_rate": 1.0,
    "gate_recall_on_fall": 1.0,
    "gate_fpr_on_non_fall": 1.0
  },
  "validation_per_source": {
    "UP": {
      "n_rows": 807,
      "fall_ratio": 0.16728624535315986,
      "accuracy": 0.7707558859975217,
      "precision": 0.3546511627906977,
      "recall": 0.45185185185185184,
      "f1": 0.3973941368078176,
      "pr_auc": 0.34853897195820144,
      "roc_auc": 0.6968309082892415,
      "tn": 561,
      "fp": 111,
      "fn": 74,
      "tp": 61,
      "fpr": 0.16517857142857142,
      "fnr": 0.5481481481481482,
      "gate_pass_rate": 0.30111524163568776,
      "gate_recall_on_fall": 0.6074074074074074,
      "gate_fpr_on_non_fall": 0.23958333333333334
    },
    "WEDA": {
      "n_rows": 1473,
      "fall_ratio": 0.2837746096401901,
      "accuracy": 0.8479293957909029,
      "precision": 0.7266355140186916,
      "recall": 0.7440191387559809,
      "f1": 0.735224586288416,
      "pr_auc": 0.8254269133995847,
      "roc_auc": 0.8997936461144244,
      "tn": 938,
      "fp": 117,
      "fn": 107,
      "tp": 311,
      "fpr": 0.11090047393364928,
      "fnr": 0.25598086124401914,
      "gate_pass_rate": 1.0,
      "gate_recall_on_fall": 1.0,
      "gate_fpr_on_non_fall": 1.0
    }
  },
  "test_per_source": {
    "WEDA": {
      "n_rows": 1475,
      "fall_ratio": 0.28067796610169493,
      "accuracy": 0.8413559322033898,
      "precision": 0.6785714285714286,
      "recall": 0.8260869565217391,
      "f1": 0.7450980392156863,
      "pr_auc": 0.8130359204900802,
      "roc_auc": 0.9060202069873011,
      "tn": 899,
      "fp": 162,
      "fn": 72,
      "tp": 342,
      "fpr": 0.1526861451460886,
      "fnr": 0.17391304347826086,
      "gate_pass_rate": 1.0,
      "gate_recall_on_fall": 1.0,
      "gate_fpr_on_non_fall": 1.0
    }
  }
}