{
  "config": {
    "gate_feature": "gyro_mag_mean",
    "gate_threshold": 2.6567862657743566,
    "gate_op": "<=",
    "decision_threshold": 0.4799999999999999,
    "min_gate_recall_requested": 0.9,
    "gate_source_for_search": "ALL",
    "drop_source": false,
    "preset": "esp32s3_quality",
    "rf_trees": 40,
    "rf_max_depth": 12,
    "rf_min_samples_leaf": 4,
    "random_state": 42,
    "n_stage2_train_rows": 4530,
    "n_stage2_train_fall": 1197,
    "n_stage2_train_non_fall": 3333
  },
  "validation": {
    "n_rows": 1843,
    "fall_ratio": 0.3011394465545307,
    "accuracy": 0.8361367335865437,
    "precision": 0.7545271629778671,
    "recall": 0.6756756756756757,
    "f1": 0.7129277566539924,
    "pr_auc": 0.7681006234729373,
    "roc_auc": 0.835614962788876,
    "tn": 1166,
    "fp": 122,
    "fn": 180,
    "tp": 375,
    "fpr": 0.09472049689440994,
    "fnr": 0.32432432432432434,
    "gate_pass_rate": 0.8714053174172545,
    "gate_recall_on_fall": 0.9027027027027027,
    "gate_fpr_on_non_fall": 0.8579192546583851
  },
  "test": {
    "n_rows": 2839,
    "fall_ratio": 0.3349771046143008,
    "accuracy": 0.7928848185980979,
    "precision": 0.6953713670613563,
    "recall": 0.6792849631966351,
    "f1": 0.6872340425531915,
    "pr_auc": 0.7756038227690626,
    "roc_auc": 0.8262528070363043,
    "tn": 1605,
    "fp": 283,
    "fn": 305,
    "tp": 646,
    "fpr": 0.14989406779661016,
    "fnr": 0.3207150368033649,
    "gate_pass_rate": 0.8911588587530821,
    "gate_recall_on_fall": 0.9274447949526814,
    "gate_fpr_on_non_fall": 0.8728813559322034
  },
  "validation_per_source": {
    "WEDA": {
      "n_rows": 1843,
      "fall_ratio": 0.3011394465545307,
      "accuracy": 0.8361367335865437,
      "precision": 0.7545271629778671,
      "recall": 0.6756756756756757,
      "f1": 0.7129277566539924,
      "pr_auc": 0.7681006234729373,
      "roc_auc": 0.835614962788876,
      "tn": 1166,
      "fp": 122,
      "fn": 180,
      "tp": 375,
      "fpr": 0.09472049689440994,
      "fnr": 0.32432432432432434,
      "gate_pass_rate": 0.8714053174172545,
      "gate_recall_on_fall": 0.9027027027027027,
      "gate_fpr_on_non_fall": 0.8579192546583851
    }
  },
  "test_per_source": {
    "WEDA": {
      "n_rows": 2839,
      "fall_ratio": 0.3349771046143008,
      "accuracy": 0.7928848185980979,
      "precision": 0.6953713670613563,
      "recall": 0.6792849631966351,
      "f1": 0.6872340425531915,
      "pr_auc": 0.7756038227690626,
      "roc_auc": 0.8262528070363043,
      "tn": 1605,
      "fp": 283,
      "fn": 305,
      "tp": 646,
      "fpr": 0.14989406779661016,
      "fnr": 0.3207150368033649,
      "gate_pass_rate": 0.8911588587530821,
      "gate_recall_on_fall": 0.9274447949526814,
      "gate_fpr_on_non_fall": 0.8728813559322034
    }
  }
}