{
  "config": {
    "gate_feature": "acc_mag_std",
    "gate_threshold": 0.027832869085217017,
    "gate_op": ">=",
    "decision_threshold": 0.4699999999999999,
    "min_gate_recall_requested": 0.9,
    "gate_source_for_search": "ALL",
    "drop_source": false,
    "rf_trees": 40,
    "rf_max_depth": 10,
    "rf_min_samples_leaf": 4,
    "random_state": 42,
    "n_stage2_train_rows": 7677,
    "n_stage2_train_fall": 2238,
    "n_stage2_train_non_fall": 5439
  },
  "validation": {
    "n_rows": 2280,
    "fall_ratio": 0.2425438596491228,
    "accuracy": 0.831140350877193,
    "precision": 0.6555555555555556,
    "recall": 0.6401446654611211,
    "f1": 0.6477584629460201,
    "pr_auc": 0.7227441637364228,
    "roc_auc": 0.8348844173644624,
    "tn": 1541,
    "fp": 186,
    "fn": 199,
    "tp": 354,
    "fpr": 0.10770121598147075,
    "fnr": 0.35985533453887886,
    "gate_pass_rate": 0.7526315789473684,
    "gate_recall_on_fall": 0.9041591320072333,
    "gate_fpr_on_non_fall": 0.704111175448755
  },
  "test": {
    "n_rows": 1475,
    "fall_ratio": 0.28067796610169493,
    "accuracy": 0.8298305084745763,
    "precision": 0.668041237113402,
    "recall": 0.782608695652174,
    "f1": 0.7208008898776418,
    "pr_auc": 0.8182502941724432,
    "roc_auc": 0.9039735551639825,
    "tn": 900,
    "fp": 161,
    "fn": 90,
    "tp": 324,
    "fpr": 0.15174363807728558,
    "fnr": 0.21739130434782608,
    "gate_pass_rate": 1.0,
    "gate_recall_on_fall": 1.0,
    "gate_fpr_on_non_fall": 1.0
  },
  "validation_per_source": {
    "UP": {
      "n_rows": 807,
      "fall_ratio": 0.16728624535315986,
      "accuracy": 0.7980173482032218,
      "precision": 0.4014084507042254,
      "recall": 0.4222222222222222,
      "f1": 0.41155234657039713,
      "pr_auc": 0.36585221777130517,
      "roc_auc": 0.703180114638448,
      "tn": 587,
      "fp": 85,
      "fn": 78,
      "tp": 57,
      "fpr": 0.12648809523809523,
      "fnr": 0.5777777777777777,
      "gate_pass_rate": 0.30111524163568776,
      "gate_recall_on_fall": 0.6074074074074074,
      "gate_fpr_on_non_fall": 0.23958333333333334
    },
    "WEDA": {
      "n_rows": 1473,
      "fall_ratio": 0.2837746096401901,
      "accuracy": 0.8492871690427699,
      "precision": 0.7462311557788944,
      "recall": 0.7105263157894737,
      "f1": 0.7279411764705882,
      "pr_auc": 0.8217149047430112,
      "roc_auc": 0.898550987550738,
      "tn": 954,
      "fp": 101,
      "fn": 121,
      "tp": 297,
      "fpr": 0.09573459715639811,
      "fnr": 0.2894736842105263,
      "gate_pass_rate": 1.0,
      "gate_recall_on_fall": 1.0,
      "gate_fpr_on_non_fall": 1.0
    }
  },
  "test_per_source": {
    "WEDA": {
      "n_rows": 1475,
      "fall_ratio": 0.28067796610169493,
      "accuracy": 0.8298305084745763,
      "precision": 0.668041237113402,
      "recall": 0.782608695652174,
      "f1": 0.7208008898776418,
      "pr_auc": 0.8182502941724432,
      "roc_auc": 0.9039735551639825,
      "tn": 900,
      "fp": 161,
      "fn": 90,
      "tp": 324,
      "fpr": 0.15174363807728558,
      "fnr": 0.21739130434782608,
      "gate_pass_rate": 1.0,
      "gate_recall_on_fall": 1.0,
      "gate_fpr_on_non_fall": 1.0
    }
  }
}