{
  "config": {
    "gate_feature": "acc_mag_std",
    "gate_threshold": 0.027832869085217017,
    "gate_op": ">=",
    "decision_threshold": 0.49999999999999994,
    "min_gate_recall_requested": 0.9,
    "gate_source_for_search": "ALL",
    "drop_source": false,
    "rf_trees": 10,
    "rf_max_depth": 6,
    "rf_min_samples_leaf": 8,
    "random_state": 42,
    "n_stage2_train_rows": 7677,
    "n_stage2_train_fall": 2238,
    "n_stage2_train_non_fall": 5439
  },
  "validation": {
    "n_rows": 2280,
    "fall_ratio": 0.2425438596491228,
    "accuracy": 0.8149122807017544,
    "precision": 0.6139130434782609,
    "recall": 0.6383363471971067,
    "f1": 0.625886524822695,
    "pr_auc": 0.6840187374083277,
    "roc_auc": 0.8192686938958003,
    "tn": 1505,
    "fp": 222,
    "fn": 200,
    "tp": 353,
    "fpr": 0.12854661262304573,
    "fnr": 0.3616636528028933,
    "gate_pass_rate": 0.7526315789473684,
    "gate_recall_on_fall": 0.9041591320072333,
    "gate_fpr_on_non_fall": 0.704111175448755
  },
  "test": {
    "n_rows": 1475,
    "fall_ratio": 0.28067796610169493,
    "accuracy": 0.8135593220338984,
    "precision": 0.6475583864118896,
    "recall": 0.7367149758454107,
    "f1": 0.6892655367231638,
    "pr_auc": 0.7738700000508132,
    "roc_auc": 0.8727501627759794,
    "tn": 895,
    "fp": 166,
    "fn": 109,
    "tp": 305,
    "fpr": 0.15645617342130066,
    "fnr": 0.2632850241545894,
    "gate_pass_rate": 1.0,
    "gate_recall_on_fall": 1.0,
    "gate_fpr_on_non_fall": 1.0
  },
  "validation_per_source": {
    "UP": {
      "n_rows": 807,
      "fall_ratio": 0.16728624535315986,
      "accuracy": 0.79182156133829,
      "precision": 0.38461538461538464,
      "recall": 0.4074074074074074,
      "f1": 0.39568345323741005,
      "pr_auc": 0.3246351384456036,
      "roc_auc": 0.6980875220458553,
      "tn": 584,
      "fp": 88,
      "fn": 80,
      "tp": 55,
      "fpr": 0.13095238095238096,
      "fnr": 0.5925925925925926,
      "gate_pass_rate": 0.30111524163568776,
      "gate_recall_on_fall": 0.6074074074074074,
      "gate_fpr_on_non_fall": 0.23958333333333334
    },
    "WEDA": {
      "n_rows": 1473,
      "fall_ratio": 0.2837746096401901,
      "accuracy": 0.8275627970128988,
      "precision": 0.6898148148148148,
      "recall": 0.7129186602870813,
      "f1": 0.7011764705882353,
      "pr_auc": 0.7700088749138125,
      "roc_auc": 0.867716955032994,
      "tn": 921,
      "fp": 134,
      "fn": 120,
      "tp": 298,
      "fpr": 0.12701421800947868,
      "fnr": 0.28708133971291866,
      "gate_pass_rate": 1.0,
      "gate_recall_on_fall": 1.0,
      "gate_fpr_on_non_fall": 1.0
    }
  },
  "test_per_source": {
    "WEDA": {
      "n_rows": 1475,
      "fall_ratio": 0.28067796610169493,
      "accuracy": 0.8135593220338984,
      "precision": 0.6475583864118896,
      "recall": 0.7367149758454107,
      "f1": 0.6892655367231638,
      "pr_auc": 0.7738700000508132,
      "roc_auc": 0.8727501627759794,
      "tn": 895,
      "fp": 166,
      "fn": 109,
      "tp": 305,
      "fpr": 0.15645617342130066,
      "fnr": 0.2632850241545894,
      "gate_pass_rate": 1.0,
      "gate_recall_on_fall": 1.0,
      "gate_fpr_on_non_fall": 1.0
    }
  }
}