{
    "accuracy": 0.8973880597014925,
    "precision": 0.863481228668942,
    "recall": 0.9440298507462687,
    "f1": 0.9019607843137255,
    "false_alarm_rate": 0.14925373134328357,
    "miss_rate": 0.055970149253731345
}