{
  "config": {
    "gate_feature": "acc_mag_std",
    "gate_threshold": 0.008592049936601925,
    "gate_op": ">=",
    "decision_threshold": 0.48999999999999994,
    "min_gate_recall_requested": 0.93,
    "gate_source_for_search": "ALL",
    "drop_source": false,
    "rf_trees": 8,
    "rf_max_depth": 6,
    "rf_min_samples_leaf": 6,
    "random_state": 42,
    "n_stage2_train_rows": 8093,
    "n_stage2_train_fall": 2308,
    "n_stage2_train_non_fall": 5785
  },
  "validation": {
    "n_rows": 2280,
    "fall_ratio": 0.2425438596491228,
    "accuracy": 0.8122807017543859,
    "precision": 0.6106194690265486,
    "recall": 0.6238698010849909,
    "f1": 0.6171735241502684,
    "pr_auc": 0.6669056991850579,
    "roc_auc": 0.8212743879518047,
    "tn": 1507,
    "fp": 220,
    "fn": 208,
    "tp": 345,
    "fpr": 0.12738853503184713,
    "fnr": 0.37613019891500904,
    "gate_pass_rate": 0.8057017543859649,
    "gate_recall_on_fall": 0.9312839059674503,
    "gate_fpr_on_non_fall": 0.7654892877822814
  },
  "test": {
    "n_rows": 1475,
    "fall_ratio": 0.28067796610169493,
    "accuracy": 0.7877966101694915,
    "precision": 0.5951035781544256,
    "recall": 0.7632850241545893,
    "f1": 0.6687830687830688,
    "pr_auc": 0.7388269000143464,
    "roc_auc": 0.8529962163122019,
    "tn": 846,
    "fp": 215,
    "fn": 98,
    "tp": 316,
    "fpr": 0.20263901979264845,
    "fnr": 0.23671497584541062,
    "gate_pass_rate": 1.0,
    "gate_recall_on_fall": 1.0,
    "gate_fpr_on_non_fall": 1.0
  },
  "validation_per_source": {
    "UP": {
      "n_rows": 807,
      "fall_ratio": 0.16728624535315986,
      "accuracy": 0.7980173482032218,
      "precision": 0.3870967741935484,
      "recall": 0.35555555555555557,
      "f1": 0.37065637065637064,
      "pr_auc": 0.3225862214378384,
      "roc_auc": 0.6799658289241622,
      "tn": 596,
      "fp": 76,
      "fn": 87,
      "tp": 48,
      "fpr": 0.1130952380952381,
      "fnr": 0.6444444444444445,
      "gate_pass_rate": 0.4510532837670384,
      "gate_recall_on_fall": 0.7185185185185186,
      "gate_fpr_on_non_fall": 0.39732142857142855
    },
    "WEDA": {
      "n_rows": 1473,
      "fall_ratio": 0.2837746096401901,
      "accuracy": 0.8200950441276307,
      "precision": 0.673469387755102,
      "recall": 0.7105263157894737,
      "f1": 0.6915017462165308,
      "pr_auc": 0.7620175552800533,
      "roc_auc": 0.8792954488763918,
      "tn": 911,
      "fp": 144,
      "fn": 121,
      "tp": 297,
      "fpr": 0.13649289099526066,
      "fnr": 0.2894736842105263,
      "gate_pass_rate": 1.0,
      "gate_recall_on_fall": 1.0,
      "gate_fpr_on_non_fall": 1.0
    }
  },
  "test_per_source": {
    "WEDA": {
      "n_rows": 1475,
      "fall_ratio": 0.28067796610169493,
      "accuracy": 0.7877966101694915,
      "precision": 0.5951035781544256,
      "recall": 0.7632850241545893,
      "f1": 0.6687830687830688,
      "pr_auc": 0.7388269000143464,
      "roc_auc": 0.8529962163122019,
      "tn": 846,
      "fp": 215,
      "fn": 98,
      "tp": 316,
      "fpr": 0.20263901979264845,
      "fnr": 0.23671497584541062,
      "gate_pass_rate": 1.0,
      "gate_recall_on_fall": 1.0,
      "gate_fpr_on_non_fall": 1.0
    }
  }
}