{
  "config": {
    "gate_feature": "acc_mag_std",
    "gate_threshold": 0.027832869085217017,
    "gate_op": ">=",
    "decision_threshold": 0.49999999999999994,
    "min_gate_recall_requested": 0.9,
    "gate_source_for_search": "ALL",
    "drop_source": false,
    "rf_trees": 10,
    "rf_max_depth": 8,
    "rf_min_samples_leaf": 5,
    "random_state": 42,
    "n_stage2_train_rows": 7677,
    "n_stage2_train_fall": 2238,
    "n_stage2_train_non_fall": 5439
  },
  "validation": {
    "n_rows": 2280,
    "fall_ratio": 0.2425438596491228,
    "accuracy": 0.8214912280701754,
    "precision": 0.6285211267605634,
    "recall": 0.6455696202531646,
    "f1": 0.6369313113291704,
    "pr_auc": 0.6989856533906926,
    "roc_auc": 0.8288060806403142,
    "tn": 1516,
    "fp": 211,
    "fn": 196,
    "tp": 357,
    "fpr": 0.12217718587145339,
    "fnr": 0.35443037974683544,
    "gate_pass_rate": 0.7526315789473684,
    "gate_recall_on_fall": 0.9041591320072333,
    "gate_fpr_on_non_fall": 0.704111175448755
  },
  "test": {
    "n_rows": 1475,
    "fall_ratio": 0.28067796610169493,
    "accuracy": 0.8149152542372882,
    "precision": 0.6396039603960396,
    "recall": 0.7801932367149759,
    "f1": 0.7029379760609358,
    "pr_auc": 0.7710269811547015,
    "roc_auc": 0.8737712121005159,
    "tn": 879,
    "fp": 182,
    "fn": 91,
    "tp": 323,
    "fpr": 0.17153628652214892,
    "fnr": 0.21980676328502416,
    "gate_pass_rate": 1.0,
    "gate_recall_on_fall": 1.0,
    "gate_fpr_on_non_fall": 1.0
  },
  "validation_per_source": {
    "UP": {
      "n_rows": 807,
      "fall_ratio": 0.16728624535315986,
      "accuracy": 0.7769516728624535,
      "precision": 0.3548387096774194,
      "recall": 0.4074074074074074,
      "f1": 0.3793103448275862,
      "pr_auc": 0.35554940332921126,
      "roc_auc": 0.6966159611992945,
      "tn": 572,
      "fp": 100,
      "fn": 80,
      "tp": 55,
      "fpr": 0.1488095238095238,
      "fnr": 0.5925925925925926,
      "gate_pass_rate": 0.30111524163568776,
      "gate_recall_on_fall": 0.6074074074074074,
      "gate_fpr_on_non_fall": 0.23958333333333334
    },
    "WEDA": {
      "n_rows": 1473,
      "fall_ratio": 0.2837746096401901,
      "accuracy": 0.8458927359131025,
      "precision": 0.7312348668280871,
      "recall": 0.722488038277512,
      "f1": 0.7268351383874849,
      "pr_auc": 0.7909104747091567,
      "roc_auc": 0.8893160842649493,
      "tn": 944,
      "fp": 111,
      "fn": 116,
      "tp": 302,
      "fpr": 0.1052132701421801,
      "fnr": 0.27751196172248804,
      "gate_pass_rate": 1.0,
      "gate_recall_on_fall": 1.0,
      "gate_fpr_on_non_fall": 1.0
    }
  },
  "test_per_source": {
    "WEDA": {
      "n_rows": 1475,
      "fall_ratio": 0.28067796610169493,
      "accuracy": 0.8149152542372882,
      "precision": 0.6396039603960396,
      "recall": 0.7801932367149759,
      "f1": 0.7029379760609358,
      "pr_auc": 0.7710269811547015,
      "roc_auc": 0.8737712121005159,
      "tn": 879,
      "fp": 182,
      "fn": 91,
      "tp": 323,
      "fpr": 0.17153628652214892,
      "fnr": 0.21980676328502416,
      "gate_pass_rate": 1.0,
      "gate_recall_on_fall": 1.0,
      "gate_fpr_on_non_fall": 1.0
    }
  }
}